; wireprint.py  shape=tower  levels=6  level_h=3.5
; height 21.8 mm, filament 0.24 m, est. time 8 min
; ---- start (Bambu Lab A1 mini) ----
; filament must already be loaded in the external spool / AMS lite slot in use
G90 ; absolute XYZ
M83 ; relative E
M140 S60
M104 S150 ; warm nozzle without oozing while homing
G28 ; home all axes
M190 S60
M109 S220
M106 P1 S0
G0 Z2 F600
G0 X20 Y3 F6000
G1 Z0.3 F600
G1 X100 Y3 E8 F1200 ; prime line along the front edge
G1 X100 Y3.5 F1200
G1 X20 Y3.5 E6 F1200
G1 E-0.8 F2400
G0 Z2 F600
; BASE layer 1
G0 X20.000 Y3.500 Z3.000 F1200
G0 X99.500 Y90.000 Z3.000 F4800
G0 X99.500 Y90.000 Z0.250 F1200
G1 E0.800 F1800
G1 X99.487 Y90.497 Z0.250 E0.02326 F900
G1 X99.448 Y90.993 Z0.250 E0.02326 F900
G1 X99.383 Y91.486 Z0.250 E0.02326 F900
G1 X99.292 Y91.975 Z0.250 E0.02326 F900
G1 X99.176 Y92.459 Z0.250 E0.02326 F900
G1 X99.035 Y92.936 Z0.250 E0.02326 F900
G1 X98.869 Y93.404 Z0.250 E0.02326 F900
G1 X98.679 Y93.864 Z0.250 E0.02326 F900
G1 X98.465 Y94.313 Z0.250 E0.02326 F900
G1 X98.227 Y94.750 Z0.250 E0.02326 F900
G1 X97.967 Y95.174 Z0.250 E0.02326 F900
G1 X97.686 Y95.584 Z0.250 E0.02326 F900
G1 X97.383 Y95.979 Z0.250 E0.02326 F900
G1 X97.060 Y96.357 Z0.250 E0.02326 F900
G1 X96.718 Y96.718 Z0.250 E0.02326 F900
G1 X96.357 Y97.060 Z0.250 E0.02326 F900
G1 X95.979 Y97.383 Z0.250 E0.02326 F900
G1 X95.584 Y97.686 Z0.250 E0.02326 F900
G1 X95.174 Y97.967 Z0.250 E0.02326 F900
G1 X94.750 Y98.227 Z0.250 E0.02326 F900
G1 X94.313 Y98.465 Z0.250 E0.02326 F900
G1 X93.864 Y98.679 Z0.250 E0.02326 F900
G1 X93.404 Y98.869 Z0.250 E0.02326 F900
G1 X92.936 Y99.035 Z0.250 E0.02326 F900
G1 X92.459 Y99.176 Z0.250 E0.02326 F900
G1 X91.975 Y99.292 Z0.250 E0.02326 F900
G1 X91.486 Y99.383 Z0.250 E0.02326 F900
G1 X90.993 Y99.448 Z0.250 E0.02326 F900
G1 X90.497 Y99.487 Z0.250 E0.02326 F900
G1 X90.000 Y99.500 Z0.250 E0.02326 F900
G1 X89.503 Y99.487 Z0.250 E0.02326 F900
G1 X89.007 Y99.448 Z0.250 E0.02326 F900
G1 X88.514 Y99.383 Z0.250 E0.02326 F900
G1 X88.025 Y99.292 Z0.250 E0.02326 F900
G1 X87.541 Y99.176 Z0.250 E0.02326 F900
G1 X87.064 Y99.035 Z0.250 E0.02326 F900
G1 X86.596 Y98.869 Z0.250 E0.02326 F900
G1 X86.136 Y98.679 Z0.250 E0.02326 F900
G1 X85.687 Y98.465 Z0.250 E0.02326 F900
G1 X85.250 Y98.227 Z0.250 E0.02326 F900
G1 X84.826 Y97.967 Z0.250 E0.02326 F900
G1 X84.416 Y97.686 Z0.250 E0.02326 F900
G1 X84.021 Y97.383 Z0.250 E0.02326 F900
G1 X83.643 Y97.060 Z0.250 E0.02326 F900
G1 X83.282 Y96.718 Z0.250 E0.02326 F900
G1 X82.940 Y96.357 Z0.250 E0.02326 F900
G1 X82.617 Y95.979 Z0.250 E0.02326 F900
G1 X82.314 Y95.584 Z0.250 E0.02326 F900
G1 X82.033 Y95.174 Z0.250 E0.02326 F900
G1 X81.773 Y94.750 Z0.250 E0.02326 F900
G1 X81.535 Y94.313 Z0.250 E0.02326 F900
G1 X81.321 Y93.864 Z0.250 E0.02326 F900
G1 X81.131 Y93.404 Z0.250 E0.02326 F900
G1 X80.965 Y92.936 Z0.250 E0.02326 F900
G1 X80.824 Y92.459 Z0.250 E0.02326 F900
G1 X80.708 Y91.975 Z0.250 E0.02326 F900
G1 X80.617 Y91.486 Z0.250 E0.02326 F900
G1 X80.552 Y90.993 Z0.250 E0.02326 F900
G1 X80.513 Y90.497 Z0.250 E0.02326 F900
G1 X80.500 Y90.000 Z0.250 E0.02326 F900
G1 X80.513 Y89.503 Z0.250 E0.02326 F900
G1 X80.552 Y89.007 Z0.250 E0.02326 F900
G1 X80.617 Y88.514 Z0.250 E0.02326 F900
G1 X80.708 Y88.025 Z0.250 E0.02326 F900
G1 X80.824 Y87.541 Z0.250 E0.02326 F900
G1 X80.965 Y87.064 Z0.250 E0.02326 F900
G1 X81.131 Y86.596 Z0.250 E0.02326 F900
G1 X81.321 Y86.136 Z0.250 E0.02326 F900
G1 X81.535 Y85.687 Z0.250 E0.02326 F900
G1 X81.773 Y85.250 Z0.250 E0.02326 F900
G1 X82.033 Y84.826 Z0.250 E0.02326 F900
G1 X82.314 Y84.416 Z0.250 E0.02326 F900
G1 X82.617 Y84.021 Z0.250 E0.02326 F900
G1 X82.940 Y83.643 Z0.250 E0.02326 F900
G1 X83.282 Y83.282 Z0.250 E0.02326 F900
G1 X83.643 Y82.940 Z0.250 E0.02326 F900
G1 X84.021 Y82.617 Z0.250 E0.02326 F900
G1 X84.416 Y82.314 Z0.250 E0.02326 F900
G1 X84.826 Y82.033 Z0.250 E0.02326 F900
G1 X85.250 Y81.773 Z0.250 E0.02326 F900
G1 X85.687 Y81.535 Z0.250 E0.02326 F900
G1 X86.136 Y81.321 Z0.250 E0.02326 F900
G1 X86.596 Y81.131 Z0.250 E0.02326 F900
G1 X87.064 Y80.965 Z0.250 E0.02326 F900
G1 X87.541 Y80.824 Z0.250 E0.02326 F900
G1 X88.025 Y80.708 Z0.250 E0.02326 F900
G1 X88.514 Y80.617 Z0.250 E0.02326 F900
G1 X89.007 Y80.552 Z0.250 E0.02326 F900
G1 X89.503 Y80.513 Z0.250 E0.02326 F900
G1 X90.000 Y80.500 Z0.250 E0.02326 F900
G1 X90.497 Y80.513 Z0.250 E0.02326 F900
G1 X90.993 Y80.552 Z0.250 E0.02326 F900
G1 X91.486 Y80.617 Z0.250 E0.02326 F900
G1 X91.975 Y80.708 Z0.250 E0.02326 F900
G1 X92.459 Y80.824 Z0.250 E0.02326 F900
G1 X92.936 Y80.965 Z0.250 E0.02326 F900
G1 X93.404 Y81.131 Z0.250 E0.02326 F900
G1 X93.864 Y81.321 Z0.250 E0.02326 F900
G1 X94.313 Y81.535 Z0.250 E0.02326 F900
G1 X94.750 Y81.773 Z0.250 E0.02326 F900
G1 X95.174 Y82.033 Z0.250 E0.02326 F900
G1 X95.584 Y82.314 Z0.250 E0.02326 F900
G1 X95.979 Y82.617 Z0.250 E0.02326 F900
G1 X96.357 Y82.940 Z0.250 E0.02326 F900
G1 X96.718 Y83.282 Z0.250 E0.02326 F900
G1 X97.060 Y83.643 Z0.250 E0.02326 F900
G1 X97.383 Y84.021 Z0.250 E0.02326 F900
G1 X97.686 Y84.416 Z0.250 E0.02326 F900
G1 X97.967 Y84.826 Z0.250 E0.02326 F900
G1 X98.227 Y85.250 Z0.250 E0.02326 F900
G1 X98.465 Y85.687 Z0.250 E0.02326 F900
G1 X98.679 Y86.136 Z0.250 E0.02326 F900
G1 X98.869 Y86.596 Z0.250 E0.02326 F900
G1 X99.035 Y87.064 Z0.250 E0.02326 F900
G1 X99.176 Y87.541 Z0.250 E0.02326 F900
G1 X99.292 Y88.025 Z0.250 E0.02326 F900
G1 X99.383 Y88.514 Z0.250 E0.02326 F900
G1 X99.448 Y89.007 Z0.250 E0.02326 F900
G1 X99.487 Y89.503 Z0.250 E0.02326 F900
G1 X99.500 Y90.000 Z0.250 E0.02326 F900
G1 E-0.800 F2400
G0 X99.500 Y90.000 Z1.250 F1200
G0 X99.950 Y90.000 Z1.250 F4800
G0 X99.950 Y90.000 Z0.250 F1200
G1 E0.800 F1800
G1 X99.936 Y90.521 Z0.250 E0.02436 F900
G1 X99.895 Y91.040 Z0.250 E0.02436 F900
G1 X99.827 Y91.557 Z0.250 E0.02436 F900
G1 X99.733 Y92.069 Z0.250 E0.02436 F900
G1 X99.611 Y92.575 Z0.250 E0.02436 F900
G1 X99.463 Y93.075 Z0.250 E0.02436 F900
G1 X99.289 Y93.566 Z0.250 E0.02436 F900
G1 X99.090 Y94.047 Z0.250 E0.02436 F900
G1 X98.866 Y94.517 Z0.250 E0.02436 F900
G1 X98.617 Y94.975 Z0.250 E0.02436 F900
G1 X98.345 Y95.419 Z0.250 E0.02436 F900
G1 X98.050 Y95.848 Z0.250 E0.02436 F900
G1 X97.733 Y96.262 Z0.250 E0.02436 F900
G1 X97.394 Y96.658 Z0.250 E0.02436 F900
G1 X97.036 Y97.036 Z0.250 E0.02436 F900
G1 X96.658 Y97.394 Z0.250 E0.02436 F900
G1 X96.262 Y97.733 Z0.250 E0.02436 F900
G1 X95.848 Y98.050 Z0.250 E0.02436 F900
G1 X95.419 Y98.345 Z0.250 E0.02436 F900
G1 X94.975 Y98.617 Z0.250 E0.02436 F900
G1 X94.517 Y98.866 Z0.250 E0.02436 F900
G1 X94.047 Y99.090 Z0.250 E0.02436 F900
G1 X93.566 Y99.289 Z0.250 E0.02436 F900
G1 X93.075 Y99.463 Z0.250 E0.02436 F900
G1 X92.575 Y99.611 Z0.250 E0.02436 F900
G1 X92.069 Y99.733 Z0.250 E0.02436 F900
G1 X91.557 Y99.827 Z0.250 E0.02436 F900
G1 X91.040 Y99.895 Z0.250 E0.02436 F900
G1 X90.521 Y99.936 Z0.250 E0.02436 F900
G1 X90.000 Y99.950 Z0.250 E0.02436 F900
G1 X89.479 Y99.936 Z0.250 E0.02436 F900
G1 X88.960 Y99.895 Z0.250 E0.02436 F900
G1 X88.443 Y99.827 Z0.250 E0.02436 F900
G1 X87.931 Y99.733 Z0.250 E0.02436 F900
G1 X87.425 Y99.611 Z0.250 E0.02436 F900
G1 X86.925 Y99.463 Z0.250 E0.02436 F900
G1 X86.434 Y99.289 Z0.250 E0.02436 F900
G1 X85.953 Y99.090 Z0.250 E0.02436 F900
G1 X85.483 Y98.866 Z0.250 E0.02436 F900
G1 X85.025 Y98.617 Z0.250 E0.02436 F900
G1 X84.581 Y98.345 Z0.250 E0.02436 F900
G1 X84.152 Y98.050 Z0.250 E0.02436 F900
G1 X83.738 Y97.733 Z0.250 E0.02436 F900
G1 X83.342 Y97.394 Z0.250 E0.02436 F900
G1 X82.964 Y97.036 Z0.250 E0.02436 F900
G1 X82.606 Y96.658 Z0.250 E0.02436 F900
G1 X82.267 Y96.262 Z0.250 E0.02436 F900
G1 X81.950 Y95.848 Z0.250 E0.02436 F900
G1 X81.655 Y95.419 Z0.250 E0.02436 F900
G1 X81.383 Y94.975 Z0.250 E0.02436 F900
G1 X81.134 Y94.517 Z0.250 E0.02436 F900
G1 X80.910 Y94.047 Z0.250 E0.02436 F900
G1 X80.711 Y93.566 Z0.250 E0.02436 F900
G1 X80.537 Y93.075 Z0.250 E0.02436 F900
G1 X80.389 Y92.575 Z0.250 E0.02436 F900
G1 X80.267 Y92.069 Z0.250 E0.02436 F900
G1 X80.173 Y91.557 Z0.250 E0.02436 F900
G1 X80.105 Y91.040 Z0.250 E0.02436 F900
G1 X80.064 Y90.521 Z0.250 E0.02436 F900
G1 X80.050 Y90.000 Z0.250 E0.02436 F900
G1 X80.064 Y89.479 Z0.250 E0.02436 F900
G1 X80.105 Y88.960 Z0.250 E0.02436 F900
G1 X80.173 Y88.443 Z0.250 E0.02436 F900
G1 X80.267 Y87.931 Z0.250 E0.02436 F900
G1 X80.389 Y87.425 Z0.250 E0.02436 F900
G1 X80.537 Y86.925 Z0.250 E0.02436 F900
G1 X80.711 Y86.434 Z0.250 E0.02436 F900
G1 X80.910 Y85.953 Z0.250 E0.02436 F900
G1 X81.134 Y85.483 Z0.250 E0.02436 F900
G1 X81.383 Y85.025 Z0.250 E0.02436 F900
G1 X81.655 Y84.581 Z0.250 E0.02436 F900
G1 X81.950 Y84.152 Z0.250 E0.02436 F900
G1 X82.267 Y83.738 Z0.250 E0.02436 F900
G1 X82.606 Y83.342 Z0.250 E0.02436 F900
G1 X82.964 Y82.964 Z0.250 E0.02436 F900
G1 X83.342 Y82.606 Z0.250 E0.02436 F900
G1 X83.738 Y82.267 Z0.250 E0.02436 F900
G1 X84.152 Y81.950 Z0.250 E0.02436 F900
G1 X84.581 Y81.655 Z0.250 E0.02436 F900
G1 X85.025 Y81.383 Z0.250 E0.02436 F900
G1 X85.483 Y81.134 Z0.250 E0.02436 F900
G1 X85.953 Y80.910 Z0.250 E0.02436 F900
G1 X86.434 Y80.711 Z0.250 E0.02436 F900
G1 X86.925 Y80.537 Z0.250 E0.02436 F900
G1 X87.425 Y80.389 Z0.250 E0.02436 F900
G1 X87.931 Y80.267 Z0.250 E0.02436 F900
G1 X88.443 Y80.173 Z0.250 E0.02436 F900
G1 X88.960 Y80.105 Z0.250 E0.02436 F900
G1 X89.479 Y80.064 Z0.250 E0.02436 F900
G1 X90.000 Y80.050 Z0.250 E0.02436 F900
G1 X90.521 Y80.064 Z0.250 E0.02436 F900
G1 X91.040 Y80.105 Z0.250 E0.02436 F900
G1 X91.557 Y80.173 Z0.250 E0.02436 F900
G1 X92.069 Y80.267 Z0.250 E0.02436 F900
G1 X92.575 Y80.389 Z0.250 E0.02436 F900
G1 X93.075 Y80.537 Z0.250 E0.02436 F900
G1 X93.566 Y80.711 Z0.250 E0.02436 F900
G1 X94.047 Y80.910 Z0.250 E0.02436 F900
G1 X94.517 Y81.134 Z0.250 E0.02436 F900
G1 X94.975 Y81.383 Z0.250 E0.02436 F900
G1 X95.419 Y81.655 Z0.250 E0.02436 F900
G1 X95.848 Y81.950 Z0.250 E0.02436 F900
G1 X96.262 Y82.267 Z0.250 E0.02436 F900
G1 X96.658 Y82.606 Z0.250 E0.02436 F900
G1 X97.036 Y82.964 Z0.250 E0.02436 F900
G1 X97.394 Y83.342 Z0.250 E0.02436 F900
G1 X97.733 Y83.738 Z0.250 E0.02436 F900
G1 X98.050 Y84.152 Z0.250 E0.02436 F900
G1 X98.345 Y84.581 Z0.250 E0.02436 F900
G1 X98.617 Y85.025 Z0.250 E0.02436 F900
G1 X98.866 Y85.483 Z0.250 E0.02436 F900
G1 X99.090 Y85.953 Z0.250 E0.02436 F900
G1 X99.289 Y86.434 Z0.250 E0.02436 F900
G1 X99.463 Y86.925 Z0.250 E0.02436 F900
G1 X99.611 Y87.425 Z0.250 E0.02436 F900
G1 X99.733 Y87.931 Z0.250 E0.02436 F900
G1 X99.827 Y88.443 Z0.250 E0.02436 F900
G1 X99.895 Y88.960 Z0.250 E0.02436 F900
G1 X99.936 Y89.479 Z0.250 E0.02436 F900
G1 X99.950 Y90.000 Z0.250 E0.02436 F900
G1 E-0.800 F2400
G0 X99.950 Y90.000 Z1.250 F1200
G0 X100.400 Y90.000 Z1.250 F4800
G0 X100.400 Y90.000 Z0.250 F1200
G1 E0.800 F1800
G1 X100.386 Y90.544 Z0.250 E0.02547 F900
G1 X100.343 Y91.087 Z0.250 E0.02547 F900
G1 X100.272 Y91.627 Z0.250 E0.02547 F900
G1 X100.173 Y92.162 Z0.250 E0.02547 F900
G1 X100.046 Y92.692 Z0.250 E0.02547 F900
G1 X99.891 Y93.214 Z0.250 E0.02547 F900
G1 X99.709 Y93.727 Z0.250 E0.02547 F900
G1 X99.501 Y94.230 Z0.250 E0.02547 F900
G1 X99.266 Y94.722 Z0.250 E0.02547 F900
G1 X99.007 Y95.200 Z0.250 E0.02547 F900
G1 X98.722 Y95.664 Z0.250 E0.02547 F900
G1 X98.414 Y96.113 Z0.250 E0.02547 F900
G1 X98.082 Y96.545 Z0.250 E0.02547 F900
G1 X97.729 Y96.959 Z0.250 E0.02547 F900
G1 X97.354 Y97.354 Z0.250 E0.02547 F900
G1 X96.959 Y97.729 Z0.250 E0.02547 F900
G1 X96.545 Y98.082 Z0.250 E0.02547 F900
G1 X96.113 Y98.414 Z0.250 E0.02547 F900
G1 X95.664 Y98.722 Z0.250 E0.02547 F900
G1 X95.200 Y99.007 Z0.250 E0.02547 F900
G1 X94.722 Y99.266 Z0.250 E0.02547 F900
G1 X94.230 Y99.501 Z0.250 E0.02547 F900
G1 X93.727 Y99.709 Z0.250 E0.02547 F900
G1 X93.214 Y99.891 Z0.250 E0.02547 F900
G1 X92.692 Y100.046 Z0.250 E0.02547 F900
G1 X92.162 Y100.173 Z0.250 E0.02547 F900
G1 X91.627 Y100.272 Z0.250 E0.02547 F900
G1 X91.087 Y100.343 Z0.250 E0.02547 F900
G1 X90.544 Y100.386 Z0.250 E0.02547 F900
G1 X90.000 Y100.400 Z0.250 E0.02547 F900
G1 X89.456 Y100.386 Z0.250 E0.02547 F900
G1 X88.913 Y100.343 Z0.250 E0.02547 F900
G1 X88.373 Y100.272 Z0.250 E0.02547 F900
G1 X87.838 Y100.173 Z0.250 E0.02547 F900
G1 X87.308 Y100.046 Z0.250 E0.02547 F900
G1 X86.786 Y99.891 Z0.250 E0.02547 F900
G1 X86.273 Y99.709 Z0.250 E0.02547 F900
G1 X85.770 Y99.501 Z0.250 E0.02547 F900
G1 X85.278 Y99.266 Z0.250 E0.02547 F900
G1 X84.800 Y99.007 Z0.250 E0.02547 F900
G1 X84.336 Y98.722 Z0.250 E0.02547 F900
G1 X83.887 Y98.414 Z0.250 E0.02547 F900
G1 X83.455 Y98.082 Z0.250 E0.02547 F900
G1 X83.041 Y97.729 Z0.250 E0.02547 F900
G1 X82.646 Y97.354 Z0.250 E0.02547 F900
G1 X82.271 Y96.959 Z0.250 E0.02547 F900
G1 X81.918 Y96.545 Z0.250 E0.02547 F900
G1 X81.586 Y96.113 Z0.250 E0.02547 F900
G1 X81.278 Y95.664 Z0.250 E0.02547 F900
G1 X80.993 Y95.200 Z0.250 E0.02547 F900
G1 X80.734 Y94.722 Z0.250 E0.02547 F900
G1 X80.499 Y94.230 Z0.250 E0.02547 F900
G1 X80.291 Y93.727 Z0.250 E0.02547 F900
G1 X80.109 Y93.214 Z0.250 E0.02547 F900
G1 X79.954 Y92.692 Z0.250 E0.02547 F900
G1 X79.827 Y92.162 Z0.250 E0.02547 F900
G1 X79.728 Y91.627 Z0.250 E0.02547 F900
G1 X79.657 Y91.087 Z0.250 E0.02547 F900
G1 X79.614 Y90.544 Z0.250 E0.02547 F900
G1 X79.600 Y90.000 Z0.250 E0.02547 F900
G1 X79.614 Y89.456 Z0.250 E0.02547 F900
G1 X79.657 Y88.913 Z0.250 E0.02547 F900
G1 X79.728 Y88.373 Z0.250 E0.02547 F900
G1 X79.827 Y87.838 Z0.250 E0.02547 F900
G1 X79.954 Y87.308 Z0.250 E0.02547 F900
G1 X80.109 Y86.786 Z0.250 E0.02547 F900
G1 X80.291 Y86.273 Z0.250 E0.02547 F900
G1 X80.499 Y85.770 Z0.250 E0.02547 F900
G1 X80.734 Y85.278 Z0.250 E0.02547 F900
G1 X80.993 Y84.800 Z0.250 E0.02547 F900
G1 X81.278 Y84.336 Z0.250 E0.02547 F900
G1 X81.586 Y83.887 Z0.250 E0.02547 F900
G1 X81.918 Y83.455 Z0.250 E0.02547 F900
G1 X82.271 Y83.041 Z0.250 E0.02547 F900
G1 X82.646 Y82.646 Z0.250 E0.02547 F900
G1 X83.041 Y82.271 Z0.250 E0.02547 F900
G1 X83.455 Y81.918 Z0.250 E0.02547 F900
G1 X83.887 Y81.586 Z0.250 E0.02547 F900
G1 X84.336 Y81.278 Z0.250 E0.02547 F900
G1 X84.800 Y80.993 Z0.250 E0.02547 F900
G1 X85.278 Y80.734 Z0.250 E0.02547 F900
G1 X85.770 Y80.499 Z0.250 E0.02547 F900
G1 X86.273 Y80.291 Z0.250 E0.02547 F900
G1 X86.786 Y80.109 Z0.250 E0.02547 F900
G1 X87.308 Y79.954 Z0.250 E0.02547 F900
G1 X87.838 Y79.827 Z0.250 E0.02547 F900
G1 X88.373 Y79.728 Z0.250 E0.02547 F900
G1 X88.913 Y79.657 Z0.250 E0.02547 F900
G1 X89.456 Y79.614 Z0.250 E0.02547 F900
G1 X90.000 Y79.600 Z0.250 E0.02547 F900
G1 X90.544 Y79.614 Z0.250 E0.02547 F900
G1 X91.087 Y79.657 Z0.250 E0.02547 F900
G1 X91.627 Y79.728 Z0.250 E0.02547 F900
G1 X92.162 Y79.827 Z0.250 E0.02547 F900
G1 X92.692 Y79.954 Z0.250 E0.02547 F900
G1 X93.214 Y80.109 Z0.250 E0.02547 F900
G1 X93.727 Y80.291 Z0.250 E0.02547 F900
G1 X94.230 Y80.499 Z0.250 E0.02547 F900
G1 X94.722 Y80.734 Z0.250 E0.02547 F900
G1 X95.200 Y80.993 Z0.250 E0.02547 F900
G1 X95.664 Y81.278 Z0.250 E0.02547 F900
G1 X96.113 Y81.586 Z0.250 E0.02547 F900
G1 X96.545 Y81.918 Z0.250 E0.02547 F900
G1 X96.959 Y82.271 Z0.250 E0.02547 F900
G1 X97.354 Y82.646 Z0.250 E0.02547 F900
G1 X97.729 Y83.041 Z0.250 E0.02547 F900
G1 X98.082 Y83.455 Z0.250 E0.02547 F900
G1 X98.414 Y83.887 Z0.250 E0.02547 F900
G1 X98.722 Y84.336 Z0.250 E0.02547 F900
G1 X99.007 Y84.800 Z0.250 E0.02547 F900
G1 X99.266 Y85.278 Z0.250 E0.02547 F900
G1 X99.501 Y85.770 Z0.250 E0.02547 F900
G1 X99.709 Y86.273 Z0.250 E0.02547 F900
G1 X99.891 Y86.786 Z0.250 E0.02547 F900
G1 X100.046 Y87.308 Z0.250 E0.02547 F900
G1 X100.173 Y87.838 Z0.250 E0.02547 F900
G1 X100.272 Y88.373 Z0.250 E0.02547 F900
G1 X100.343 Y88.913 Z0.250 E0.02547 F900
G1 X100.386 Y89.456 Z0.250 E0.02547 F900
G1 X100.400 Y90.000 Z0.250 E0.02547 F900
G1 E-0.800 F2400
G0 X100.400 Y90.000 Z1.250 F1200
G0 X100.850 Y90.000 Z1.250 F4800
G0 X100.850 Y90.000 Z0.250 F1200
G1 E0.800 F1800
G1 X100.835 Y90.568 Z0.250 E0.02657 F900
G1 X100.791 Y91.134 Z0.250 E0.02657 F900
G1 X100.716 Y91.697 Z0.250 E0.02657 F900
G1 X100.613 Y92.256 Z0.250 E0.02657 F900
G1 X100.480 Y92.808 Z0.250 E0.02657 F900
G1 X100.319 Y93.353 Z0.250 E0.02657 F900
G1 X100.129 Y93.888 Z0.250 E0.02657 F900
G1 X99.912 Y94.413 Z0.250 E0.02657 F900
G1 X99.667 Y94.926 Z0.250 E0.02657 F900
G1 X99.396 Y95.425 Z0.250 E0.02657 F900
G1 X99.100 Y95.909 Z0.250 E0.02657 F900
G1 X98.778 Y96.377 Z0.250 E0.02657 F900
G1 X98.432 Y96.828 Z0.250 E0.02657 F900
G1 X98.063 Y97.260 Z0.250 E0.02657 F900
G1 X97.672 Y97.672 Z0.250 E0.02657 F900
G1 X97.260 Y98.063 Z0.250 E0.02657 F900
G1 X96.828 Y98.432 Z0.250 E0.02657 F900
G1 X96.377 Y98.778 Z0.250 E0.02657 F900
G1 X95.909 Y99.100 Z0.250 E0.02657 F900
G1 X95.425 Y99.396 Z0.250 E0.02657 F900
G1 X94.926 Y99.667 Z0.250 E0.02657 F900
G1 X94.413 Y99.912 Z0.250 E0.02657 F900
G1 X93.888 Y100.129 Z0.250 E0.02657 F900
G1 X93.353 Y100.319 Z0.250 E0.02657 F900
G1 X92.808 Y100.480 Z0.250 E0.02657 F900
G1 X92.256 Y100.613 Z0.250 E0.02657 F900
G1 X91.697 Y100.716 Z0.250 E0.02657 F900
G1 X91.134 Y100.791 Z0.250 E0.02657 F900
G1 X90.568 Y100.835 Z0.250 E0.02657 F900
G1 X90.000 Y100.850 Z0.250 E0.02657 F900
G1 X89.432 Y100.835 Z0.250 E0.02657 F900
G1 X88.866 Y100.791 Z0.250 E0.02657 F900
G1 X88.303 Y100.716 Z0.250 E0.02657 F900
G1 X87.744 Y100.613 Z0.250 E0.02657 F900
G1 X87.192 Y100.480 Z0.250 E0.02657 F900
G1 X86.647 Y100.319 Z0.250 E0.02657 F900
G1 X86.112 Y100.129 Z0.250 E0.02657 F900
G1 X85.587 Y99.912 Z0.250 E0.02657 F900
G1 X85.074 Y99.667 Z0.250 E0.02657 F900
G1 X84.575 Y99.396 Z0.250 E0.02657 F900
G1 X84.091 Y99.100 Z0.250 E0.02657 F900
G1 X83.623 Y98.778 Z0.250 E0.02657 F900
G1 X83.172 Y98.432 Z0.250 E0.02657 F900
G1 X82.740 Y98.063 Z0.250 E0.02657 F900
G1 X82.328 Y97.672 Z0.250 E0.02657 F900
G1 X81.937 Y97.260 Z0.250 E0.02657 F900
G1 X81.568 Y96.828 Z0.250 E0.02657 F900
G1 X81.222 Y96.377 Z0.250 E0.02657 F900
G1 X80.900 Y95.909 Z0.250 E0.02657 F900
G1 X80.604 Y95.425 Z0.250 E0.02657 F900
G1 X80.333 Y94.926 Z0.250 E0.02657 F900
G1 X80.088 Y94.413 Z0.250 E0.02657 F900
G1 X79.871 Y93.888 Z0.250 E0.02657 F900
G1 X79.681 Y93.353 Z0.250 E0.02657 F900
G1 X79.520 Y92.808 Z0.250 E0.02657 F900
G1 X79.387 Y92.256 Z0.250 E0.02657 F900
G1 X79.284 Y91.697 Z0.250 E0.02657 F900
G1 X79.209 Y91.134 Z0.250 E0.02657 F900
G1 X79.165 Y90.568 Z0.250 E0.02657 F900
G1 X79.150 Y90.000 Z0.250 E0.02657 F900
G1 X79.165 Y89.432 Z0.250 E0.02657 F900
G1 X79.209 Y88.866 Z0.250 E0.02657 F900
G1 X79.284 Y88.303 Z0.250 E0.02657 F900
G1 X79.387 Y87.744 Z0.250 E0.02657 F900
G1 X79.520 Y87.192 Z0.250 E0.02657 F900
G1 X79.681 Y86.647 Z0.250 E0.02657 F900
G1 X79.871 Y86.112 Z0.250 E0.02657 F900
G1 X80.088 Y85.587 Z0.250 E0.02657 F900
G1 X80.333 Y85.074 Z0.250 E0.02657 F900
G1 X80.604 Y84.575 Z0.250 E0.02657 F900
G1 X80.900 Y84.091 Z0.250 E0.02657 F900
G1 X81.222 Y83.623 Z0.250 E0.02657 F900
G1 X81.568 Y83.172 Z0.250 E0.02657 F900
G1 X81.937 Y82.740 Z0.250 E0.02657 F900
G1 X82.328 Y82.328 Z0.250 E0.02657 F900
G1 X82.740 Y81.937 Z0.250 E0.02657 F900
G1 X83.172 Y81.568 Z0.250 E0.02657 F900
G1 X83.623 Y81.222 Z0.250 E0.02657 F900
G1 X84.091 Y80.900 Z0.250 E0.02657 F900
G1 X84.575 Y80.604 Z0.250 E0.02657 F900
G1 X85.074 Y80.333 Z0.250 E0.02657 F900
G1 X85.587 Y80.088 Z0.250 E0.02657 F900
G1 X86.112 Y79.871 Z0.250 E0.02657 F900
G1 X86.647 Y79.681 Z0.250 E0.02657 F900
G1 X87.192 Y79.520 Z0.250 E0.02657 F900
G1 X87.744 Y79.387 Z0.250 E0.02657 F900
G1 X88.303 Y79.284 Z0.250 E0.02657 F900
G1 X88.866 Y79.209 Z0.250 E0.02657 F900
G1 X89.432 Y79.165 Z0.250 E0.02657 F900
G1 X90.000 Y79.150 Z0.250 E0.02657 F900
G1 X90.568 Y79.165 Z0.250 E0.02657 F900
G1 X91.134 Y79.209 Z0.250 E0.02657 F900
G1 X91.697 Y79.284 Z0.250 E0.02657 F900
G1 X92.256 Y79.387 Z0.250 E0.02657 F900
G1 X92.808 Y79.520 Z0.250 E0.02657 F900
G1 X93.353 Y79.681 Z0.250 E0.02657 F900
G1 X93.888 Y79.871 Z0.250 E0.02657 F900
G1 X94.413 Y80.088 Z0.250 E0.02657 F900
G1 X94.926 Y80.333 Z0.250 E0.02657 F900
G1 X95.425 Y80.604 Z0.250 E0.02657 F900
G1 X95.909 Y80.900 Z0.250 E0.02657 F900
G1 X96.377 Y81.222 Z0.250 E0.02657 F900
G1 X96.828 Y81.568 Z0.250 E0.02657 F900
G1 X97.260 Y81.937 Z0.250 E0.02657 F900
G1 X97.672 Y82.328 Z0.250 E0.02657 F900
G1 X98.063 Y82.740 Z0.250 E0.02657 F900
G1 X98.432 Y83.172 Z0.250 E0.02657 F900
G1 X98.778 Y83.623 Z0.250 E0.02657 F900
G1 X99.100 Y84.091 Z0.250 E0.02657 F900
G1 X99.396 Y84.575 Z0.250 E0.02657 F900
G1 X99.667 Y85.074 Z0.250 E0.02657 F900
G1 X99.912 Y85.587 Z0.250 E0.02657 F900
G1 X100.129 Y86.112 Z0.250 E0.02657 F900
G1 X100.319 Y86.647 Z0.250 E0.02657 F900
G1 X100.480 Y87.192 Z0.250 E0.02657 F900
G1 X100.613 Y87.744 Z0.250 E0.02657 F900
G1 X100.716 Y88.303 Z0.250 E0.02657 F900
G1 X100.791 Y88.866 Z0.250 E0.02657 F900
G1 X100.835 Y89.432 Z0.250 E0.02657 F900
G1 X100.850 Y90.000 Z0.250 E0.02657 F900
G1 E-0.800 F2400
G0 X100.850 Y90.000 Z1.250 F1200
G0 X101.300 Y90.000 Z1.250 F4800
G0 X101.300 Y90.000 Z0.250 F1200
G1 E0.800 F1800
G1 X101.285 Y90.591 Z0.250 E0.02767 F900
G1 X101.238 Y91.181 Z0.250 E0.02767 F900
G1 X101.161 Y91.768 Z0.250 E0.02767 F900
G1 X101.053 Y92.349 Z0.250 E0.02767 F900
G1 X100.915 Y92.925 Z0.250 E0.02767 F900
G1 X100.747 Y93.492 Z0.250 E0.02767 F900
G1 X100.549 Y94.050 Z0.250 E0.02767 F900
G1 X100.323 Y94.596 Z0.250 E0.02767 F900
G1 X100.068 Y95.130 Z0.250 E0.02767 F900
G1 X99.786 Y95.650 Z0.250 E0.02767 F900
G1 X99.477 Y96.154 Z0.250 E0.02767 F900
G1 X99.142 Y96.642 Z0.250 E0.02767 F900
G1 X98.782 Y97.111 Z0.250 E0.02767 F900
G1 X98.398 Y97.561 Z0.250 E0.02767 F900
G1 X97.990 Y97.990 Z0.250 E0.02767 F900
G1 X97.561 Y98.398 Z0.250 E0.02767 F900
G1 X97.111 Y98.782 Z0.250 E0.02767 F900
G1 X96.642 Y99.142 Z0.250 E0.02767 F900
G1 X96.154 Y99.477 Z0.250 E0.02767 F900
G1 X95.650 Y99.786 Z0.250 E0.02767 F900
G1 X95.130 Y100.068 Z0.250 E0.02767 F900
G1 X94.596 Y100.323 Z0.250 E0.02767 F900
G1 X94.050 Y100.549 Z0.250 E0.02767 F900
G1 X93.492 Y100.747 Z0.250 E0.02767 F900
G1 X92.925 Y100.915 Z0.250 E0.02767 F900
G1 X92.349 Y101.053 Z0.250 E0.02767 F900
G1 X91.768 Y101.161 Z0.250 E0.02767 F900
G1 X91.181 Y101.238 Z0.250 E0.02767 F900
G1 X90.591 Y101.285 Z0.250 E0.02767 F900
G1 X90.000 Y101.300 Z0.250 E0.02767 F900
G1 X89.409 Y101.285 Z0.250 E0.02767 F900
G1 X88.819 Y101.238 Z0.250 E0.02767 F900
G1 X88.232 Y101.161 Z0.250 E0.02767 F900
G1 X87.651 Y101.053 Z0.250 E0.02767 F900
G1 X87.075 Y100.915 Z0.250 E0.02767 F900
G1 X86.508 Y100.747 Z0.250 E0.02767 F900
G1 X85.950 Y100.549 Z0.250 E0.02767 F900
G1 X85.404 Y100.323 Z0.250 E0.02767 F900
G1 X84.870 Y100.068 Z0.250 E0.02767 F900
G1 X84.350 Y99.786 Z0.250 E0.02767 F900
G1 X83.846 Y99.477 Z0.250 E0.02767 F900
G1 X83.358 Y99.142 Z0.250 E0.02767 F900
G1 X82.889 Y98.782 Z0.250 E0.02767 F900
G1 X82.439 Y98.398 Z0.250 E0.02767 F900
G1 X82.010 Y97.990 Z0.250 E0.02767 F900
G1 X81.602 Y97.561 Z0.250 E0.02767 F900
G1 X81.218 Y97.111 Z0.250 E0.02767 F900
G1 X80.858 Y96.642 Z0.250 E0.02767 F900
G1 X80.523 Y96.154 Z0.250 E0.02767 F900
G1 X80.214 Y95.650 Z0.250 E0.02767 F900
G1 X79.932 Y95.130 Z0.250 E0.02767 F900
G1 X79.677 Y94.596 Z0.250 E0.02767 F900
G1 X79.451 Y94.050 Z0.250 E0.02767 F900
G1 X79.253 Y93.492 Z0.250 E0.02767 F900
G1 X79.085 Y92.925 Z0.250 E0.02767 F900
G1 X78.947 Y92.349 Z0.250 E0.02767 F900
G1 X78.839 Y91.768 Z0.250 E0.02767 F900
G1 X78.762 Y91.181 Z0.250 E0.02767 F900
G1 X78.715 Y90.591 Z0.250 E0.02767 F900
G1 X78.700 Y90.000 Z0.250 E0.02767 F900
G1 X78.715 Y89.409 Z0.250 E0.02767 F900
G1 X78.762 Y88.819 Z0.250 E0.02767 F900
G1 X78.839 Y88.232 Z0.250 E0.02767 F900
G1 X78.947 Y87.651 Z0.250 E0.02767 F900
G1 X79.085 Y87.075 Z0.250 E0.02767 F900
G1 X79.253 Y86.508 Z0.250 E0.02767 F900
G1 X79.451 Y85.950 Z0.250 E0.02767 F900
G1 X79.677 Y85.404 Z0.250 E0.02767 F900
G1 X79.932 Y84.870 Z0.250 E0.02767 F900
G1 X80.214 Y84.350 Z0.250 E0.02767 F900
G1 X80.523 Y83.846 Z0.250 E0.02767 F900
G1 X80.858 Y83.358 Z0.250 E0.02767 F900
G1 X81.218 Y82.889 Z0.250 E0.02767 F900
G1 X81.602 Y82.439 Z0.250 E0.02767 F900
G1 X82.010 Y82.010 Z0.250 E0.02767 F900
G1 X82.439 Y81.602 Z0.250 E0.02767 F900
G1 X82.889 Y81.218 Z0.250 E0.02767 F900
G1 X83.358 Y80.858 Z0.250 E0.02767 F900
G1 X83.846 Y80.523 Z0.250 E0.02767 F900
G1 X84.350 Y80.214 Z0.250 E0.02767 F900
G1 X84.870 Y79.932 Z0.250 E0.02767 F900
G1 X85.404 Y79.677 Z0.250 E0.02767 F900
G1 X85.950 Y79.451 Z0.250 E0.02767 F900
G1 X86.508 Y79.253 Z0.250 E0.02767 F900
G1 X87.075 Y79.085 Z0.250 E0.02767 F900
G1 X87.651 Y78.947 Z0.250 E0.02767 F900
G1 X88.232 Y78.839 Z0.250 E0.02767 F900
G1 X88.819 Y78.762 Z0.250 E0.02767 F900
G1 X89.409 Y78.715 Z0.250 E0.02767 F900
G1 X90.000 Y78.700 Z0.250 E0.02767 F900
G1 X90.591 Y78.715 Z0.250 E0.02767 F900
G1 X91.181 Y78.762 Z0.250 E0.02767 F900
G1 X91.768 Y78.839 Z0.250 E0.02767 F900
G1 X92.349 Y78.947 Z0.250 E0.02767 F900
G1 X92.925 Y79.085 Z0.250 E0.02767 F900
G1 X93.492 Y79.253 Z0.250 E0.02767 F900
G1 X94.050 Y79.451 Z0.250 E0.02767 F900
G1 X94.596 Y79.677 Z0.250 E0.02767 F900
G1 X95.130 Y79.932 Z0.250 E0.02767 F900
G1 X95.650 Y80.214 Z0.250 E0.02767 F900
G1 X96.154 Y80.523 Z0.250 E0.02767 F900
G1 X96.642 Y80.858 Z0.250 E0.02767 F900
G1 X97.111 Y81.218 Z0.250 E0.02767 F900
G1 X97.561 Y81.602 Z0.250 E0.02767 F900
G1 X97.990 Y82.010 Z0.250 E0.02767 F900
G1 X98.398 Y82.439 Z0.250 E0.02767 F900
G1 X98.782 Y82.889 Z0.250 E0.02767 F900
G1 X99.142 Y83.358 Z0.250 E0.02767 F900
G1 X99.477 Y83.846 Z0.250 E0.02767 F900
G1 X99.786 Y84.350 Z0.250 E0.02767 F900
G1 X100.068 Y84.870 Z0.250 E0.02767 F900
G1 X100.323 Y85.404 Z0.250 E0.02767 F900
G1 X100.549 Y85.950 Z0.250 E0.02767 F900
G1 X100.747 Y86.508 Z0.250 E0.02767 F900
G1 X100.915 Y87.075 Z0.250 E0.02767 F900
G1 X101.053 Y87.651 Z0.250 E0.02767 F900
G1 X101.161 Y88.232 Z0.250 E0.02767 F900
G1 X101.238 Y88.819 Z0.250 E0.02767 F900
G1 X101.285 Y89.409 Z0.250 E0.02767 F900
G1 X101.300 Y90.000 Z0.250 E0.02767 F900
G1 E-0.800 F2400
G0 X101.300 Y90.000 Z1.250 F1200
G0 X101.750 Y90.000 Z1.250 F4800
G0 X101.750 Y90.000 Z0.250 F1200
G1 E0.800 F1800
G1 X101.734 Y90.615 Z0.250 E0.02877 F900
G1 X101.686 Y91.228 Z0.250 E0.02877 F900
G1 X101.605 Y91.838 Z0.250 E0.02877 F900
G1 X101.493 Y92.443 Z0.250 E0.02877 F900
G1 X101.350 Y93.041 Z0.250 E0.02877 F900
G1 X101.175 Y93.631 Z0.250 E0.02877 F900
G1 X100.970 Y94.211 Z0.250 E0.02877 F900
G1 X100.734 Y94.779 Z0.250 E0.02877 F900
G1 X100.469 Y95.334 Z0.250 E0.02877 F900
G1 X100.176 Y95.875 Z0.250 E0.02877 F900
G1 X99.854 Y96.400 Z0.250 E0.02877 F900
G1 X99.506 Y96.906 Z0.250 E0.02877 F900
G1 X99.131 Y97.395 Z0.250 E0.02877 F900
G1 X98.732 Y97.862 Z0.250 E0.02877 F900
G1 X98.309 Y98.309 Z0.250 E0.02877 F900
G1 X97.862 Y98.732 Z0.250 E0.02877 F900
G1 X97.395 Y99.131 Z0.250 E0.02877 F900
G1 X96.906 Y99.506 Z0.250 E0.02877 F900
G1 X96.400 Y99.854 Z0.250 E0.02877 F900
G1 X95.875 Y100.176 Z0.250 E0.02877 F900
G1 X95.334 Y100.469 Z0.250 E0.02877 F900
G1 X94.779 Y100.734 Z0.250 E0.02877 F900
G1 X94.211 Y100.970 Z0.250 E0.02877 F900
G1 X93.631 Y101.175 Z0.250 E0.02877 F900
G1 X93.041 Y101.350 Z0.250 E0.02877 F900
G1 X92.443 Y101.493 Z0.250 E0.02877 F900
G1 X91.838 Y101.605 Z0.250 E0.02877 F900
G1 X91.228 Y101.686 Z0.250 E0.02877 F900
G1 X90.615 Y101.734 Z0.250 E0.02877 F900
G1 X90.000 Y101.750 Z0.250 E0.02877 F900
G1 X89.385 Y101.734 Z0.250 E0.02877 F900
G1 X88.772 Y101.686 Z0.250 E0.02877 F900
G1 X88.162 Y101.605 Z0.250 E0.02877 F900
G1 X87.557 Y101.493 Z0.250 E0.02877 F900
G1 X86.959 Y101.350 Z0.250 E0.02877 F900
G1 X86.369 Y101.175 Z0.250 E0.02877 F900
G1 X85.789 Y100.970 Z0.250 E0.02877 F900
G1 X85.221 Y100.734 Z0.250 E0.02877 F900
G1 X84.666 Y100.469 Z0.250 E0.02877 F900
G1 X84.125 Y100.176 Z0.250 E0.02877 F900
G1 X83.600 Y99.854 Z0.250 E0.02877 F900
G1 X83.094 Y99.506 Z0.250 E0.02877 F900
G1 X82.605 Y99.131 Z0.250 E0.02877 F900
G1 X82.138 Y98.732 Z0.250 E0.02877 F900
G1 X81.691 Y98.309 Z0.250 E0.02877 F900
G1 X81.268 Y97.862 Z0.250 E0.02877 F900
G1 X80.869 Y97.395 Z0.250 E0.02877 F900
G1 X80.494 Y96.906 Z0.250 E0.02877 F900
G1 X80.146 Y96.400 Z0.250 E0.02877 F900
G1 X79.824 Y95.875 Z0.250 E0.02877 F900
G1 X79.531 Y95.334 Z0.250 E0.02877 F900
G1 X79.266 Y94.779 Z0.250 E0.02877 F900
G1 X79.030 Y94.211 Z0.250 E0.02877 F900
G1 X78.825 Y93.631 Z0.250 E0.02877 F900
G1 X78.650 Y93.041 Z0.250 E0.02877 F900
G1 X78.507 Y92.443 Z0.250 E0.02877 F900
G1 X78.395 Y91.838 Z0.250 E0.02877 F900
G1 X78.314 Y91.228 Z0.250 E0.02877 F900
G1 X78.266 Y90.615 Z0.250 E0.02877 F900
G1 X78.250 Y90.000 Z0.250 E0.02877 F900
G1 X78.266 Y89.385 Z0.250 E0.02877 F900
G1 X78.314 Y88.772 Z0.250 E0.02877 F900
G1 X78.395 Y88.162 Z0.250 E0.02877 F900
G1 X78.507 Y87.557 Z0.250 E0.02877 F900
G1 X78.650 Y86.959 Z0.250 E0.02877 F900
G1 X78.825 Y86.369 Z0.250 E0.02877 F900
G1 X79.030 Y85.789 Z0.250 E0.02877 F900
G1 X79.266 Y85.221 Z0.250 E0.02877 F900
G1 X79.531 Y84.666 Z0.250 E0.02877 F900
G1 X79.824 Y84.125 Z0.250 E0.02877 F900
G1 X80.146 Y83.600 Z0.250 E0.02877 F900
G1 X80.494 Y83.094 Z0.250 E0.02877 F900
G1 X80.869 Y82.605 Z0.250 E0.02877 F900
G1 X81.268 Y82.138 Z0.250 E0.02877 F900
G1 X81.691 Y81.691 Z0.250 E0.02877 F900
G1 X82.138 Y81.268 Z0.250 E0.02877 F900
G1 X82.605 Y80.869 Z0.250 E0.02877 F900
G1 X83.094 Y80.494 Z0.250 E0.02877 F900
G1 X83.600 Y80.146 Z0.250 E0.02877 F900
G1 X84.125 Y79.824 Z0.250 E0.02877 F900
G1 X84.666 Y79.531 Z0.250 E0.02877 F900
G1 X85.221 Y79.266 Z0.250 E0.02877 F900
G1 X85.789 Y79.030 Z0.250 E0.02877 F900
G1 X86.369 Y78.825 Z0.250 E0.02877 F900
G1 X86.959 Y78.650 Z0.250 E0.02877 F900
G1 X87.557 Y78.507 Z0.250 E0.02877 F900
G1 X88.162 Y78.395 Z0.250 E0.02877 F900
G1 X88.772 Y78.314 Z0.250 E0.02877 F900
G1 X89.385 Y78.266 Z0.250 E0.02877 F900
G1 X90.000 Y78.250 Z0.250 E0.02877 F900
G1 X90.615 Y78.266 Z0.250 E0.02877 F900
G1 X91.228 Y78.314 Z0.250 E0.02877 F900
G1 X91.838 Y78.395 Z0.250 E0.02877 F900
G1 X92.443 Y78.507 Z0.250 E0.02877 F900
G1 X93.041 Y78.650 Z0.250 E0.02877 F900
G1 X93.631 Y78.825 Z0.250 E0.02877 F900
G1 X94.211 Y79.030 Z0.250 E0.02877 F900
G1 X94.779 Y79.266 Z0.250 E0.02877 F900
G1 X95.334 Y79.531 Z0.250 E0.02877 F900
G1 X95.875 Y79.824 Z0.250 E0.02877 F900
G1 X96.400 Y80.146 Z0.250 E0.02877 F900
G1 X96.906 Y80.494 Z0.250 E0.02877 F900
G1 X97.395 Y80.869 Z0.250 E0.02877 F900
G1 X97.862 Y81.268 Z0.250 E0.02877 F900
G1 X98.309 Y81.691 Z0.250 E0.02877 F900
G1 X98.732 Y82.138 Z0.250 E0.02877 F900
G1 X99.131 Y82.605 Z0.250 E0.02877 F900
G1 X99.506 Y83.094 Z0.250 E0.02877 F900
G1 X99.854 Y83.600 Z0.250 E0.02877 F900
G1 X100.176 Y84.125 Z0.250 E0.02877 F900
G1 X100.469 Y84.666 Z0.250 E0.02877 F900
G1 X100.734 Y85.221 Z0.250 E0.02877 F900
G1 X100.970 Y85.789 Z0.250 E0.02877 F900
G1 X101.175 Y86.369 Z0.250 E0.02877 F900
G1 X101.350 Y86.959 Z0.250 E0.02877 F900
G1 X101.493 Y87.557 Z0.250 E0.02877 F900
G1 X101.605 Y88.162 Z0.250 E0.02877 F900
G1 X101.686 Y88.772 Z0.250 E0.02877 F900
G1 X101.734 Y89.385 Z0.250 E0.02877 F900
G1 X101.750 Y90.000 Z0.250 E0.02877 F900
G1 E-0.800 F2400
G0 X101.750 Y90.000 Z1.250 F1200
G0 X102.200 Y90.000 Z1.250 F4800
G0 X102.200 Y90.000 Z0.250 F1200
G1 E0.800 F1800
G1 X102.183 Y90.638 Z0.250 E0.02987 F900
G1 X102.133 Y91.275 Z0.250 E0.02987 F900
G1 X102.050 Y91.909 Z0.250 E0.02987 F900
G1 X101.933 Y92.537 Z0.250 E0.02987 F900
G1 X101.784 Y93.158 Z0.250 E0.02987 F900
G1 X101.603 Y93.770 Z0.250 E0.02987 F900
G1 X101.390 Y94.372 Z0.250 E0.02987 F900
G1 X101.145 Y94.962 Z0.250 E0.02987 F900
G1 X100.870 Y95.539 Z0.250 E0.02987 F900
G1 X100.566 Y96.100 Z0.250 E0.02987 F900
G1 X100.232 Y96.645 Z0.250 E0.02987 F900
G1 X99.870 Y97.171 Z0.250 E0.02987 F900
G1 X99.481 Y97.678 Z0.250 E0.02987 F900
G1 X99.066 Y98.163 Z0.250 E0.02987 F900
G1 X98.627 Y98.627 Z0.250 E0.02987 F900
G1 X98.163 Y99.066 Z0.250 E0.02987 F900
G1 X97.678 Y99.481 Z0.250 E0.02987 F900
G1 X97.171 Y99.870 Z0.250 E0.02987 F900
G1 X96.645 Y100.232 Z0.250 E0.02987 F900
G1 X96.100 Y100.566 Z0.250 E0.02987 F900
G1 X95.539 Y100.870 Z0.250 E0.02987 F900
G1 X94.962 Y101.145 Z0.250 E0.02987 F900
G1 X94.372 Y101.390 Z0.250 E0.02987 F900
G1 X93.770 Y101.603 Z0.250 E0.02987 F900
G1 X93.158 Y101.784 Z0.250 E0.02987 F900
G1 X92.537 Y101.933 Z0.250 E0.02987 F900
G1 X91.909 Y102.050 Z0.250 E0.02987 F900
G1 X91.275 Y102.133 Z0.250 E0.02987 F900
G1 X90.638 Y102.183 Z0.250 E0.02987 F900
G1 X90.000 Y102.200 Z0.250 E0.02987 F900
G1 X89.362 Y102.183 Z0.250 E0.02987 F900
G1 X88.725 Y102.133 Z0.250 E0.02987 F900
G1 X88.091 Y102.050 Z0.250 E0.02987 F900
G1 X87.463 Y101.933 Z0.250 E0.02987 F900
G1 X86.842 Y101.784 Z0.250 E0.02987 F900
G1 X86.230 Y101.603 Z0.250 E0.02987 F900
G1 X85.628 Y101.390 Z0.250 E0.02987 F900
G1 X85.038 Y101.145 Z0.250 E0.02987 F900
G1 X84.461 Y100.870 Z0.250 E0.02987 F900
G1 X83.900 Y100.566 Z0.250 E0.02987 F900
G1 X83.355 Y100.232 Z0.250 E0.02987 F900
G1 X82.829 Y99.870 Z0.250 E0.02987 F900
G1 X82.322 Y99.481 Z0.250 E0.02987 F900
G1 X81.837 Y99.066 Z0.250 E0.02987 F900
G1 X81.373 Y98.627 Z0.250 E0.02987 F900
G1 X80.934 Y98.163 Z0.250 E0.02987 F900
G1 X80.519 Y97.678 Z0.250 E0.02987 F900
G1 X80.130 Y97.171 Z0.250 E0.02987 F900
G1 X79.768 Y96.645 Z0.250 E0.02987 F900
G1 X79.434 Y96.100 Z0.250 E0.02987 F900
G1 X79.130 Y95.539 Z0.250 E0.02987 F900
G1 X78.855 Y94.962 Z0.250 E0.02987 F900
G1 X78.610 Y94.372 Z0.250 E0.02987 F900
G1 X78.397 Y93.770 Z0.250 E0.02987 F900
G1 X78.216 Y93.158 Z0.250 E0.02987 F900
G1 X78.067 Y92.537 Z0.250 E0.02987 F900
G1 X77.950 Y91.909 Z0.250 E0.02987 F900
G1 X77.867 Y91.275 Z0.250 E0.02987 F900
G1 X77.817 Y90.638 Z0.250 E0.02987 F900
G1 X77.800 Y90.000 Z0.250 E0.02987 F900
G1 X77.817 Y89.362 Z0.250 E0.02987 F900
G1 X77.867 Y88.725 Z0.250 E0.02987 F900
G1 X77.950 Y88.091 Z0.250 E0.02987 F900
G1 X78.067 Y87.463 Z0.250 E0.02987 F900
G1 X78.216 Y86.842 Z0.250 E0.02987 F900
G1 X78.397 Y86.230 Z0.250 E0.02987 F900
G1 X78.610 Y85.628 Z0.250 E0.02987 F900
G1 X78.855 Y85.038 Z0.250 E0.02987 F900
G1 X79.130 Y84.461 Z0.250 E0.02987 F900
G1 X79.434 Y83.900 Z0.250 E0.02987 F900
G1 X79.768 Y83.355 Z0.250 E0.02987 F900
G1 X80.130 Y82.829 Z0.250 E0.02987 F900
G1 X80.519 Y82.322 Z0.250 E0.02987 F900
G1 X80.934 Y81.837 Z0.250 E0.02987 F900
G1 X81.373 Y81.373 Z0.250 E0.02987 F900
G1 X81.837 Y80.934 Z0.250 E0.02987 F900
G1 X82.322 Y80.519 Z0.250 E0.02987 F900
G1 X82.829 Y80.130 Z0.250 E0.02987 F900
G1 X83.355 Y79.768 Z0.250 E0.02987 F900
G1 X83.900 Y79.434 Z0.250 E0.02987 F900
G1 X84.461 Y79.130 Z0.250 E0.02987 F900
G1 X85.038 Y78.855 Z0.250 E0.02987 F900
G1 X85.628 Y78.610 Z0.250 E0.02987 F900
G1 X86.230 Y78.397 Z0.250 E0.02987 F900
G1 X86.842 Y78.216 Z0.250 E0.02987 F900
G1 X87.463 Y78.067 Z0.250 E0.02987 F900
G1 X88.091 Y77.950 Z0.250 E0.02987 F900
G1 X88.725 Y77.867 Z0.250 E0.02987 F900
G1 X89.362 Y77.817 Z0.250 E0.02987 F900
G1 X90.000 Y77.800 Z0.250 E0.02987 F900
G1 X90.638 Y77.817 Z0.250 E0.02987 F900
G1 X91.275 Y77.867 Z0.250 E0.02987 F900
G1 X91.909 Y77.950 Z0.250 E0.02987 F900
G1 X92.537 Y78.067 Z0.250 E0.02987 F900
G1 X93.158 Y78.216 Z0.250 E0.02987 F900
G1 X93.770 Y78.397 Z0.250 E0.02987 F900
G1 X94.372 Y78.610 Z0.250 E0.02987 F900
G1 X94.962 Y78.855 Z0.250 E0.02987 F900
G1 X95.539 Y79.130 Z0.250 E0.02987 F900
G1 X96.100 Y79.434 Z0.250 E0.02987 F900
G1 X96.645 Y79.768 Z0.250 E0.02987 F900
G1 X97.171 Y80.130 Z0.250 E0.02987 F900
G1 X97.678 Y80.519 Z0.250 E0.02987 F900
G1 X98.163 Y80.934 Z0.250 E0.02987 F900
G1 X98.627 Y81.373 Z0.250 E0.02987 F900
G1 X99.066 Y81.837 Z0.250 E0.02987 F900
G1 X99.481 Y82.322 Z0.250 E0.02987 F900
G1 X99.870 Y82.829 Z0.250 E0.02987 F900
G1 X100.232 Y83.355 Z0.250 E0.02987 F900
G1 X100.566 Y83.900 Z0.250 E0.02987 F900
G1 X100.870 Y84.461 Z0.250 E0.02987 F900
G1 X101.145 Y85.038 Z0.250 E0.02987 F900
G1 X101.390 Y85.628 Z0.250 E0.02987 F900
G1 X101.603 Y86.230 Z0.250 E0.02987 F900
G1 X101.784 Y86.842 Z0.250 E0.02987 F900
G1 X101.933 Y87.463 Z0.250 E0.02987 F900
G1 X102.050 Y88.091 Z0.250 E0.02987 F900
G1 X102.133 Y88.725 Z0.250 E0.02987 F900
G1 X102.183 Y89.362 Z0.250 E0.02987 F900
G1 X102.200 Y90.000 Z0.250 E0.02987 F900
G1 E-0.800 F2400
G0 X102.200 Y90.000 Z1.250 F1200
G0 X102.650 Y90.000 Z1.250 F4800
G0 X102.650 Y90.000 Z0.250 F1200
G1 E0.800 F1800
G1 X102.633 Y90.662 Z0.250 E0.03098 F900
G1 X102.581 Y91.322 Z0.250 E0.03098 F900
G1 X102.494 Y91.979 Z0.250 E0.03098 F900
G1 X102.374 Y92.630 Z0.250 E0.03098 F900
G1 X102.219 Y93.274 Z0.250 E0.03098 F900
G1 X102.031 Y93.909 Z0.250 E0.03098 F900
G1 X101.810 Y94.533 Z0.250 E0.03098 F900
G1 X101.556 Y95.145 Z0.250 E0.03098 F900
G1 X101.271 Y95.743 Z0.250 E0.03098 F900
G1 X100.955 Y96.325 Z0.250 E0.03098 F900
G1 X100.609 Y96.890 Z0.250 E0.03098 F900
G1 X100.234 Y97.435 Z0.250 E0.03098 F900
G1 X99.831 Y97.961 Z0.250 E0.03098 F900
G1 X99.401 Y98.465 Z0.250 E0.03098 F900
G1 X98.945 Y98.945 Z0.250 E0.03098 F900
G1 X98.465 Y99.401 Z0.250 E0.03098 F900
G1 X97.961 Y99.831 Z0.250 E0.03098 F900
G1 X97.435 Y100.234 Z0.250 E0.03098 F900
G1 X96.890 Y100.609 Z0.250 E0.03098 F900
G1 X96.325 Y100.955 Z0.250 E0.03098 F900
G1 X95.743 Y101.271 Z0.250 E0.03098 F900
G1 X95.145 Y101.556 Z0.250 E0.03098 F900
G1 X94.533 Y101.810 Z0.250 E0.03098 F900
G1 X93.909 Y102.031 Z0.250 E0.03098 F900
G1 X93.274 Y102.219 Z0.250 E0.03098 F900
G1 X92.630 Y102.374 Z0.250 E0.03098 F900
G1 X91.979 Y102.494 Z0.250 E0.03098 F900
G1 X91.322 Y102.581 Z0.250 E0.03098 F900
G1 X90.662 Y102.633 Z0.250 E0.03098 F900
G1 X90.000 Y102.650 Z0.250 E0.03098 F900
G1 X89.338 Y102.633 Z0.250 E0.03098 F900
G1 X88.678 Y102.581 Z0.250 E0.03098 F900
G1 X88.021 Y102.494 Z0.250 E0.03098 F900
G1 X87.370 Y102.374 Z0.250 E0.03098 F900
G1 X86.726 Y102.219 Z0.250 E0.03098 F900
G1 X86.091 Y102.031 Z0.250 E0.03098 F900
G1 X85.467 Y101.810 Z0.250 E0.03098 F900
G1 X84.855 Y101.556 Z0.250 E0.03098 F900
G1 X84.257 Y101.271 Z0.250 E0.03098 F900
G1 X83.675 Y100.955 Z0.250 E0.03098 F900
G1 X83.110 Y100.609 Z0.250 E0.03098 F900
G1 X82.565 Y100.234 Z0.250 E0.03098 F900
G1 X82.039 Y99.831 Z0.250 E0.03098 F900
G1 X81.535 Y99.401 Z0.250 E0.03098 F900
G1 X81.055 Y98.945 Z0.250 E0.03098 F900
G1 X80.599 Y98.465 Z0.250 E0.03098 F900
G1 X80.169 Y97.961 Z0.250 E0.03098 F900
G1 X79.766 Y97.435 Z0.250 E0.03098 F900
G1 X79.391 Y96.890 Z0.250 E0.03098 F900
G1 X79.045 Y96.325 Z0.250 E0.03098 F900
G1 X78.729 Y95.743 Z0.250 E0.03098 F900
G1 X78.444 Y95.145 Z0.250 E0.03098 F900
G1 X78.190 Y94.533 Z0.250 E0.03098 F900
G1 X77.969 Y93.909 Z0.250 E0.03098 F900
G1 X77.781 Y93.274 Z0.250 E0.03098 F900
G1 X77.626 Y92.630 Z0.250 E0.03098 F900
G1 X77.506 Y91.979 Z0.250 E0.03098 F900
G1 X77.419 Y91.322 Z0.250 E0.03098 F900
G1 X77.367 Y90.662 Z0.250 E0.03098 F900
G1 X77.350 Y90.000 Z0.250 E0.03098 F900
G1 X77.367 Y89.338 Z0.250 E0.03098 F900
G1 X77.419 Y88.678 Z0.250 E0.03098 F900
G1 X77.506 Y88.021 Z0.250 E0.03098 F900
G1 X77.626 Y87.370 Z0.250 E0.03098 F900
G1 X77.781 Y86.726 Z0.250 E0.03098 F900
G1 X77.969 Y86.091 Z0.250 E0.03098 F900
G1 X78.190 Y85.467 Z0.250 E0.03098 F900
G1 X78.444 Y84.855 Z0.250 E0.03098 F900
G1 X78.729 Y84.257 Z0.250 E0.03098 F900
G1 X79.045 Y83.675 Z0.250 E0.03098 F900
G1 X79.391 Y83.110 Z0.250 E0.03098 F900
G1 X79.766 Y82.565 Z0.250 E0.03098 F900
G1 X80.169 Y82.039 Z0.250 E0.03098 F900
G1 X80.599 Y81.535 Z0.250 E0.03098 F900
G1 X81.055 Y81.055 Z0.250 E0.03098 F900
G1 X81.535 Y80.599 Z0.250 E0.03098 F900
G1 X82.039 Y80.169 Z0.250 E0.03098 F900
G1 X82.565 Y79.766 Z0.250 E0.03098 F900
G1 X83.110 Y79.391 Z0.250 E0.03098 F900
G1 X83.675 Y79.045 Z0.250 E0.03098 F900
G1 X84.257 Y78.729 Z0.250 E0.03098 F900
G1 X84.855 Y78.444 Z0.250 E0.03098 F900
G1 X85.467 Y78.190 Z0.250 E0.03098 F900
G1 X86.091 Y77.969 Z0.250 E0.03098 F900
G1 X86.726 Y77.781 Z0.250 E0.03098 F900
G1 X87.370 Y77.626 Z0.250 E0.03098 F900
G1 X88.021 Y77.506 Z0.250 E0.03098 F900
G1 X88.678 Y77.419 Z0.250 E0.03098 F900
G1 X89.338 Y77.367 Z0.250 E0.03098 F900
G1 X90.000 Y77.350 Z0.250 E0.03098 F900
G1 X90.662 Y77.367 Z0.250 E0.03098 F900
G1 X91.322 Y77.419 Z0.250 E0.03098 F900
G1 X91.979 Y77.506 Z0.250 E0.03098 F900
G1 X92.630 Y77.626 Z0.250 E0.03098 F900
G1 X93.274 Y77.781 Z0.250 E0.03098 F900
G1 X93.909 Y77.969 Z0.250 E0.03098 F900
G1 X94.533 Y78.190 Z0.250 E0.03098 F900
G1 X95.145 Y78.444 Z0.250 E0.03098 F900
G1 X95.743 Y78.729 Z0.250 E0.03098 F900
G1 X96.325 Y79.045 Z0.250 E0.03098 F900
G1 X96.890 Y79.391 Z0.250 E0.03098 F900
G1 X97.435 Y79.766 Z0.250 E0.03098 F900
G1 X97.961 Y80.169 Z0.250 E0.03098 F900
G1 X98.465 Y80.599 Z0.250 E0.03098 F900
G1 X98.945 Y81.055 Z0.250 E0.03098 F900
G1 X99.401 Y81.535 Z0.250 E0.03098 F900
G1 X99.831 Y82.039 Z0.250 E0.03098 F900
G1 X100.234 Y82.565 Z0.250 E0.03098 F900
G1 X100.609 Y83.110 Z0.250 E0.03098 F900
G1 X100.955 Y83.675 Z0.250 E0.03098 F900
G1 X101.271 Y84.257 Z0.250 E0.03098 F900
G1 X101.556 Y84.855 Z0.250 E0.03098 F900
G1 X101.810 Y85.467 Z0.250 E0.03098 F900
G1 X102.031 Y86.091 Z0.250 E0.03098 F900
G1 X102.219 Y86.726 Z0.250 E0.03098 F900
G1 X102.374 Y87.370 Z0.250 E0.03098 F900
G1 X102.494 Y88.021 Z0.250 E0.03098 F900
G1 X102.581 Y88.678 Z0.250 E0.03098 F900
G1 X102.633 Y89.338 Z0.250 E0.03098 F900
G1 X102.650 Y90.000 Z0.250 E0.03098 F900
G1 E-0.800 F2400
G0 X102.650 Y90.000 Z1.250 F1200
G0 X103.100 Y90.000 Z1.250 F4800
G0 X103.100 Y90.000 Z0.250 F1200
G1 E0.800 F1800
G1 X103.082 Y90.686 Z0.250 E0.03208 F900
G1 X103.028 Y91.369 Z0.250 E0.03208 F900
G1 X102.939 Y92.049 Z0.250 E0.03208 F900
G1 X102.814 Y92.724 Z0.250 E0.03208 F900
G1 X102.654 Y93.391 Z0.250 E0.03208 F900
G1 X102.459 Y94.048 Z0.250 E0.03208 F900
G1 X102.230 Y94.695 Z0.250 E0.03208 F900
G1 X101.967 Y95.328 Z0.250 E0.03208 F900
G1 X101.672 Y95.947 Z0.250 E0.03208 F900
G1 X101.345 Y96.550 Z0.250 E0.03208 F900
G1 X100.987 Y97.135 Z0.250 E0.03208 F900
G1 X100.598 Y97.700 Z0.250 E0.03208 F900
G1 X100.181 Y98.244 Z0.250 E0.03208 F900
G1 X99.735 Y98.766 Z0.250 E0.03208 F900
G1 X99.263 Y99.263 Z0.250 E0.03208 F900
G1 X98.766 Y99.735 Z0.250 E0.03208 F900
G1 X98.244 Y100.181 Z0.250 E0.03208 F900
G1 X97.700 Y100.598 Z0.250 E0.03208 F900
G1 X97.135 Y100.987 Z0.250 E0.03208 F900
G1 X96.550 Y101.345 Z0.250 E0.03208 F900
G1 X95.947 Y101.672 Z0.250 E0.03208 F900
G1 X95.328 Y101.967 Z0.250 E0.03208 F900
G1 X94.695 Y102.230 Z0.250 E0.03208 F900
G1 X94.048 Y102.459 Z0.250 E0.03208 F900
G1 X93.391 Y102.654 Z0.250 E0.03208 F900
G1 X92.724 Y102.814 Z0.250 E0.03208 F900
G1 X92.049 Y102.939 Z0.250 E0.03208 F900
G1 X91.369 Y103.028 Z0.250 E0.03208 F900
G1 X90.686 Y103.082 Z0.250 E0.03208 F900
G1 X90.000 Y103.100 Z0.250 E0.03208 F900
G1 X89.314 Y103.082 Z0.250 E0.03208 F900
G1 X88.631 Y103.028 Z0.250 E0.03208 F900
G1 X87.951 Y102.939 Z0.250 E0.03208 F900
G1 X87.276 Y102.814 Z0.250 E0.03208 F900
G1 X86.609 Y102.654 Z0.250 E0.03208 F900
G1 X85.952 Y102.459 Z0.250 E0.03208 F900
G1 X85.305 Y102.230 Z0.250 E0.03208 F900
G1 X84.672 Y101.967 Z0.250 E0.03208 F900
G1 X84.053 Y101.672 Z0.250 E0.03208 F900
G1 X83.450 Y101.345 Z0.250 E0.03208 F900
G1 X82.865 Y100.987 Z0.250 E0.03208 F900
G1 X82.300 Y100.598 Z0.250 E0.03208 F900
G1 X81.756 Y100.181 Z0.250 E0.03208 F900
G1 X81.234 Y99.735 Z0.250 E0.03208 F900
G1 X80.737 Y99.263 Z0.250 E0.03208 F900
G1 X80.265 Y98.766 Z0.250 E0.03208 F900
G1 X79.819 Y98.244 Z0.250 E0.03208 F900
G1 X79.402 Y97.700 Z0.250 E0.03208 F900
G1 X79.013 Y97.135 Z0.250 E0.03208 F900
G1 X78.655 Y96.550 Z0.250 E0.03208 F900
G1 X78.328 Y95.947 Z0.250 E0.03208 F900
G1 X78.033 Y95.328 Z0.250 E0.03208 F900
G1 X77.770 Y94.695 Z0.250 E0.03208 F900
G1 X77.541 Y94.048 Z0.250 E0.03208 F900
G1 X77.346 Y93.391 Z0.250 E0.03208 F900
G1 X77.186 Y92.724 Z0.250 E0.03208 F900
G1 X77.061 Y92.049 Z0.250 E0.03208 F900
G1 X76.972 Y91.369 Z0.250 E0.03208 F900
G1 X76.918 Y90.686 Z0.250 E0.03208 F900
G1 X76.900 Y90.000 Z0.250 E0.03208 F900
G1 X76.918 Y89.314 Z0.250 E0.03208 F900
G1 X76.972 Y88.631 Z0.250 E0.03208 F900
G1 X77.061 Y87.951 Z0.250 E0.03208 F900
G1 X77.186 Y87.276 Z0.250 E0.03208 F900
G1 X77.346 Y86.609 Z0.250 E0.03208 F900
G1 X77.541 Y85.952 Z0.250 E0.03208 F900
G1 X77.770 Y85.305 Z0.250 E0.03208 F900
G1 X78.033 Y84.672 Z0.250 E0.03208 F900
G1 X78.328 Y84.053 Z0.250 E0.03208 F900
G1 X78.655 Y83.450 Z0.250 E0.03208 F900
G1 X79.013 Y82.865 Z0.250 E0.03208 F900
G1 X79.402 Y82.300 Z0.250 E0.03208 F900
G1 X79.819 Y81.756 Z0.250 E0.03208 F900
G1 X80.265 Y81.234 Z0.250 E0.03208 F900
G1 X80.737 Y80.737 Z0.250 E0.03208 F900
G1 X81.234 Y80.265 Z0.250 E0.03208 F900
G1 X81.756 Y79.819 Z0.250 E0.03208 F900
G1 X82.300 Y79.402 Z0.250 E0.03208 F900
G1 X82.865 Y79.013 Z0.250 E0.03208 F900
G1 X83.450 Y78.655 Z0.250 E0.03208 F900
G1 X84.053 Y78.328 Z0.250 E0.03208 F900
G1 X84.672 Y78.033 Z0.250 E0.03208 F900
G1 X85.305 Y77.770 Z0.250 E0.03208 F900
G1 X85.952 Y77.541 Z0.250 E0.03208 F900
G1 X86.609 Y77.346 Z0.250 E0.03208 F900
G1 X87.276 Y77.186 Z0.250 E0.03208 F900
G1 X87.951 Y77.061 Z0.250 E0.03208 F900
G1 X88.631 Y76.972 Z0.250 E0.03208 F900
G1 X89.314 Y76.918 Z0.250 E0.03208 F900
G1 X90.000 Y76.900 Z0.250 E0.03208 F900
G1 X90.686 Y76.918 Z0.250 E0.03208 F900
G1 X91.369 Y76.972 Z0.250 E0.03208 F900
G1 X92.049 Y77.061 Z0.250 E0.03208 F900
G1 X92.724 Y77.186 Z0.250 E0.03208 F900
G1 X93.391 Y77.346 Z0.250 E0.03208 F900
G1 X94.048 Y77.541 Z0.250 E0.03208 F900
G1 X94.695 Y77.770 Z0.250 E0.03208 F900
G1 X95.328 Y78.033 Z0.250 E0.03208 F900
G1 X95.947 Y78.328 Z0.250 E0.03208 F900
G1 X96.550 Y78.655 Z0.250 E0.03208 F900
G1 X97.135 Y79.013 Z0.250 E0.03208 F900
G1 X97.700 Y79.402 Z0.250 E0.03208 F900
G1 X98.244 Y79.819 Z0.250 E0.03208 F900
G1 X98.766 Y80.265 Z0.250 E0.03208 F900
G1 X99.263 Y80.737 Z0.250 E0.03208 F900
G1 X99.735 Y81.234 Z0.250 E0.03208 F900
G1 X100.181 Y81.756 Z0.250 E0.03208 F900
G1 X100.598 Y82.300 Z0.250 E0.03208 F900
G1 X100.987 Y82.865 Z0.250 E0.03208 F900
G1 X101.345 Y83.450 Z0.250 E0.03208 F900
G1 X101.672 Y84.053 Z0.250 E0.03208 F900
G1 X101.967 Y84.672 Z0.250 E0.03208 F900
G1 X102.230 Y85.305 Z0.250 E0.03208 F900
G1 X102.459 Y85.952 Z0.250 E0.03208 F900
G1 X102.654 Y86.609 Z0.250 E0.03208 F900
G1 X102.814 Y87.276 Z0.250 E0.03208 F900
G1 X102.939 Y87.951 Z0.250 E0.03208 F900
G1 X103.028 Y88.631 Z0.250 E0.03208 F900
G1 X103.082 Y89.314 Z0.250 E0.03208 F900
G1 X103.100 Y90.000 Z0.250 E0.03208 F900
G1 E-0.800 F2400
G0 X103.100 Y90.000 Z1.250 F1200
G0 X103.550 Y90.000 Z1.250 F4800
G0 X103.550 Y90.000 Z0.250 F1200
G1 E0.800 F1800
G1 X103.531 Y90.709 Z0.250 E0.03318 F900
G1 X103.476 Y91.416 Z0.250 E0.03318 F900
G1 X103.383 Y92.120 Z0.250 E0.03318 F900
G1 X103.254 Y92.817 Z0.250 E0.03318 F900
G1 X103.088 Y93.507 Z0.250 E0.03318 F900
G1 X102.887 Y94.187 Z0.250 E0.03318 F900
G1 X102.650 Y94.856 Z0.250 E0.03318 F900
G1 X102.379 Y95.511 Z0.250 E0.03318 F900
G1 X102.073 Y96.152 Z0.250 E0.03318 F900
G1 X101.735 Y96.775 Z0.250 E0.03318 F900
G1 X101.364 Y97.380 Z0.250 E0.03318 F900
G1 X100.962 Y97.964 Z0.250 E0.03318 F900
G1 X100.530 Y98.527 Z0.250 E0.03318 F900
G1 X100.070 Y99.067 Z0.250 E0.03318 F900
G1 X99.581 Y99.581 Z0.250 E0.03318 F900
G1 X99.067 Y100.070 Z0.250 E0.03318 F900
G1 X98.527 Y100.530 Z0.250 E0.03318 F900
G1 X97.964 Y100.962 Z0.250 E0.03318 F900
G1 X97.380 Y101.364 Z0.250 E0.03318 F900
G1 X96.775 Y101.735 Z0.250 E0.03318 F900
G1 X96.152 Y102.073 Z0.250 E0.03318 F900
G1 X95.511 Y102.379 Z0.250 E0.03318 F900
G1 X94.856 Y102.650 Z0.250 E0.03318 F900
G1 X94.187 Y102.887 Z0.250 E0.03318 F900
G1 X93.507 Y103.088 Z0.250 E0.03318 F900
G1 X92.817 Y103.254 Z0.250 E0.03318 F900
G1 X92.120 Y103.383 Z0.250 E0.03318 F900
G1 X91.416 Y103.476 Z0.250 E0.03318 F900
G1 X90.709 Y103.531 Z0.250 E0.03318 F900
G1 X90.000 Y103.550 Z0.250 E0.03318 F900
G1 X89.291 Y103.531 Z0.250 E0.03318 F900
G1 X88.584 Y103.476 Z0.250 E0.03318 F900
G1 X87.880 Y103.383 Z0.250 E0.03318 F900
G1 X87.183 Y103.254 Z0.250 E0.03318 F900
G1 X86.493 Y103.088 Z0.250 E0.03318 F900
G1 X85.813 Y102.887 Z0.250 E0.03318 F900
G1 X85.144 Y102.650 Z0.250 E0.03318 F900
G1 X84.489 Y102.379 Z0.250 E0.03318 F900
G1 X83.848 Y102.073 Z0.250 E0.03318 F900
G1 X83.225 Y101.735 Z0.250 E0.03318 F900
G1 X82.620 Y101.364 Z0.250 E0.03318 F900
G1 X82.036 Y100.962 Z0.250 E0.03318 F900
G1 X81.473 Y100.530 Z0.250 E0.03318 F900
G1 X80.933 Y100.070 Z0.250 E0.03318 F900
G1 X80.419 Y99.581 Z0.250 E0.03318 F900
G1 X79.930 Y99.067 Z0.250 E0.03318 F900
G1 X79.470 Y98.527 Z0.250 E0.03318 F900
G1 X79.038 Y97.964 Z0.250 E0.03318 F900
G1 X78.636 Y97.380 Z0.250 E0.03318 F900
G1 X78.265 Y96.775 Z0.250 E0.03318 F900
G1 X77.927 Y96.152 Z0.250 E0.03318 F900
G1 X77.621 Y95.511 Z0.250 E0.03318 F900
G1 X77.350 Y94.856 Z0.250 E0.03318 F900
G1 X77.113 Y94.187 Z0.250 E0.03318 F900
G1 X76.912 Y93.507 Z0.250 E0.03318 F900
G1 X76.746 Y92.817 Z0.250 E0.03318 F900
G1 X76.617 Y92.120 Z0.250 E0.03318 F900
G1 X76.524 Y91.416 Z0.250 E0.03318 F900
G1 X76.469 Y90.709 Z0.250 E0.03318 F900
G1 X76.450 Y90.000 Z0.250 E0.03318 F900
G1 X76.469 Y89.291 Z0.250 E0.03318 F900
G1 X76.524 Y88.584 Z0.250 E0.03318 F900
G1 X76.617 Y87.880 Z0.250 E0.03318 F900
G1 X76.746 Y87.183 Z0.250 E0.03318 F900
G1 X76.912 Y86.493 Z0.250 E0.03318 F900
G1 X77.113 Y85.813 Z0.250 E0.03318 F900
G1 X77.350 Y85.144 Z0.250 E0.03318 F900
G1 X77.621 Y84.489 Z0.250 E0.03318 F900
G1 X77.927 Y83.848 Z0.250 E0.03318 F900
G1 X78.265 Y83.225 Z0.250 E0.03318 F900
G1 X78.636 Y82.620 Z0.250 E0.03318 F900
G1 X79.038 Y82.036 Z0.250 E0.03318 F900
G1 X79.470 Y81.473 Z0.250 E0.03318 F900
G1 X79.930 Y80.933 Z0.250 E0.03318 F900
G1 X80.419 Y80.419 Z0.250 E0.03318 F900
G1 X80.933 Y79.930 Z0.250 E0.03318 F900
G1 X81.473 Y79.470 Z0.250 E0.03318 F900
G1 X82.036 Y79.038 Z0.250 E0.03318 F900
G1 X82.620 Y78.636 Z0.250 E0.03318 F900
G1 X83.225 Y78.265 Z0.250 E0.03318 F900
G1 X83.848 Y77.927 Z0.250 E0.03318 F900
G1 X84.489 Y77.621 Z0.250 E0.03318 F900
G1 X85.144 Y77.350 Z0.250 E0.03318 F900
G1 X85.813 Y77.113 Z0.250 E0.03318 F900
G1 X86.493 Y76.912 Z0.250 E0.03318 F900
G1 X87.183 Y76.746 Z0.250 E0.03318 F900
G1 X87.880 Y76.617 Z0.250 E0.03318 F900
G1 X88.584 Y76.524 Z0.250 E0.03318 F900
G1 X89.291 Y76.469 Z0.250 E0.03318 F900
G1 X90.000 Y76.450 Z0.250 E0.03318 F900
G1 X90.709 Y76.469 Z0.250 E0.03318 F900
G1 X91.416 Y76.524 Z0.250 E0.03318 F900
G1 X92.120 Y76.617 Z0.250 E0.03318 F900
G1 X92.817 Y76.746 Z0.250 E0.03318 F900
G1 X93.507 Y76.912 Z0.250 E0.03318 F900
G1 X94.187 Y77.113 Z0.250 E0.03318 F900
G1 X94.856 Y77.350 Z0.250 E0.03318 F900
G1 X95.511 Y77.621 Z0.250 E0.03318 F900
G1 X96.152 Y77.927 Z0.250 E0.03318 F900
G1 X96.775 Y78.265 Z0.250 E0.03318 F900
G1 X97.380 Y78.636 Z0.250 E0.03318 F900
G1 X97.964 Y79.038 Z0.250 E0.03318 F900
G1 X98.527 Y79.470 Z0.250 E0.03318 F900
G1 X99.067 Y79.930 Z0.250 E0.03318 F900
G1 X99.581 Y80.419 Z0.250 E0.03318 F900
G1 X100.070 Y80.933 Z0.250 E0.03318 F900
G1 X100.530 Y81.473 Z0.250 E0.03318 F900
G1 X100.962 Y82.036 Z0.250 E0.03318 F900
G1 X101.364 Y82.620 Z0.250 E0.03318 F900
G1 X101.735 Y83.225 Z0.250 E0.03318 F900
G1 X102.073 Y83.848 Z0.250 E0.03318 F900
G1 X102.379 Y84.489 Z0.250 E0.03318 F900
G1 X102.650 Y85.144 Z0.250 E0.03318 F900
G1 X102.887 Y85.813 Z0.250 E0.03318 F900
G1 X103.088 Y86.493 Z0.250 E0.03318 F900
G1 X103.254 Y87.183 Z0.250 E0.03318 F900
G1 X103.383 Y87.880 Z0.250 E0.03318 F900
G1 X103.476 Y88.584 Z0.250 E0.03318 F900
G1 X103.531 Y89.291 Z0.250 E0.03318 F900
G1 X103.550 Y90.000 Z0.250 E0.03318 F900
G1 E-0.800 F2400
G0 X103.550 Y90.000 Z1.250 F1200
G0 X104.000 Y90.000 Z1.250 F4800
G0 X104.000 Y90.000 Z0.250 F1200
G1 E0.800 F1800
G1 X103.981 Y90.733 Z0.250 E0.03428 F900
G1 X103.923 Y91.463 Z0.250 E0.03428 F900
G1 X103.828 Y92.190 Z0.250 E0.03428 F900
G1 X103.694 Y92.911 Z0.250 E0.03428 F900
G1 X103.523 Y93.623 Z0.250 E0.03428 F900
G1 X103.315 Y94.326 Z0.250 E0.03428 F900
G1 X103.070 Y95.017 Z0.250 E0.03428 F900
G1 X102.790 Y95.694 Z0.250 E0.03428 F900
G1 X102.474 Y96.356 Z0.250 E0.03428 F900
G1 X102.124 Y97.000 Z0.250 E0.03428 F900
G1 X101.741 Y97.625 Z0.250 E0.03428 F900
G1 X101.326 Y98.229 Z0.250 E0.03428 F900
G1 X100.880 Y98.810 Z0.250 E0.03428 F900
G1 X100.404 Y99.368 Z0.250 E0.03428 F900
G1 X99.899 Y99.899 Z0.250 E0.03428 F900
G1 X99.368 Y100.404 Z0.250 E0.03428 F900
G1 X98.810 Y100.880 Z0.250 E0.03428 F900
G1 X98.229 Y101.326 Z0.250 E0.03428 F900
G1 X97.625 Y101.741 Z0.250 E0.03428 F900
G1 X97.000 Y102.124 Z0.250 E0.03428 F900
G1 X96.356 Y102.474 Z0.250 E0.03428 F900
G1 X95.694 Y102.790 Z0.250 E0.03428 F900
G1 X95.017 Y103.070 Z0.250 E0.03428 F900
G1 X94.326 Y103.315 Z0.250 E0.03428 F900
G1 X93.623 Y103.523 Z0.250 E0.03428 F900
G1 X92.911 Y103.694 Z0.250 E0.03428 F900
G1 X92.190 Y103.828 Z0.250 E0.03428 F900
G1 X91.463 Y103.923 Z0.250 E0.03428 F900
G1 X90.733 Y103.981 Z0.250 E0.03428 F900
G1 X90.000 Y104.000 Z0.250 E0.03428 F900
G1 X89.267 Y103.981 Z0.250 E0.03428 F900
G1 X88.537 Y103.923 Z0.250 E0.03428 F900
G1 X87.810 Y103.828 Z0.250 E0.03428 F900
G1 X87.089 Y103.694 Z0.250 E0.03428 F900
G1 X86.377 Y103.523 Z0.250 E0.03428 F900
G1 X85.674 Y103.315 Z0.250 E0.03428 F900
G1 X84.983 Y103.070 Z0.250 E0.03428 F900
G1 X84.306 Y102.790 Z0.250 E0.03428 F900
G1 X83.644 Y102.474 Z0.250 E0.03428 F900
G1 X83.000 Y102.124 Z0.250 E0.03428 F900
G1 X82.375 Y101.741 Z0.250 E0.03428 F900
G1 X81.771 Y101.326 Z0.250 E0.03428 F900
G1 X81.190 Y100.880 Z0.250 E0.03428 F900
G1 X80.632 Y100.404 Z0.250 E0.03428 F900
G1 X80.101 Y99.899 Z0.250 E0.03428 F900
G1 X79.596 Y99.368 Z0.250 E0.03428 F900
G1 X79.120 Y98.810 Z0.250 E0.03428 F900
G1 X78.674 Y98.229 Z0.250 E0.03428 F900
G1 X78.259 Y97.625 Z0.250 E0.03428 F900
G1 X77.876 Y97.000 Z0.250 E0.03428 F900
G1 X77.526 Y96.356 Z0.250 E0.03428 F900
G1 X77.210 Y95.694 Z0.250 E0.03428 F900
G1 X76.930 Y95.017 Z0.250 E0.03428 F900
G1 X76.685 Y94.326 Z0.250 E0.03428 F900
G1 X76.477 Y93.623 Z0.250 E0.03428 F900
G1 X76.306 Y92.911 Z0.250 E0.03428 F900
G1 X76.172 Y92.190 Z0.250 E0.03428 F900
G1 X76.077 Y91.463 Z0.250 E0.03428 F900
G1 X76.019 Y90.733 Z0.250 E0.03428 F900
G1 X76.000 Y90.000 Z0.250 E0.03428 F900
G1 X76.019 Y89.267 Z0.250 E0.03428 F900
G1 X76.077 Y88.537 Z0.250 E0.03428 F900
G1 X76.172 Y87.810 Z0.250 E0.03428 F900
G1 X76.306 Y87.089 Z0.250 E0.03428 F900
G1 X76.477 Y86.377 Z0.250 E0.03428 F900
G1 X76.685 Y85.674 Z0.250 E0.03428 F900
G1 X76.930 Y84.983 Z0.250 E0.03428 F900
G1 X77.210 Y84.306 Z0.250 E0.03428 F900
G1 X77.526 Y83.644 Z0.250 E0.03428 F900
G1 X77.876 Y83.000 Z0.250 E0.03428 F900
G1 X78.259 Y82.375 Z0.250 E0.03428 F900
G1 X78.674 Y81.771 Z0.250 E0.03428 F900
G1 X79.120 Y81.190 Z0.250 E0.03428 F900
G1 X79.596 Y80.632 Z0.250 E0.03428 F900
G1 X80.101 Y80.101 Z0.250 E0.03428 F900
G1 X80.632 Y79.596 Z0.250 E0.03428 F900
G1 X81.190 Y79.120 Z0.250 E0.03428 F900
G1 X81.771 Y78.674 Z0.250 E0.03428 F900
G1 X82.375 Y78.259 Z0.250 E0.03428 F900
G1 X83.000 Y77.876 Z0.250 E0.03428 F900
G1 X83.644 Y77.526 Z0.250 E0.03428 F900
G1 X84.306 Y77.210 Z0.250 E0.03428 F900
G1 X84.983 Y76.930 Z0.250 E0.03428 F900
G1 X85.674 Y76.685 Z0.250 E0.03428 F900
G1 X86.377 Y76.477 Z0.250 E0.03428 F900
G1 X87.089 Y76.306 Z0.250 E0.03428 F900
G1 X87.810 Y76.172 Z0.250 E0.03428 F900
G1 X88.537 Y76.077 Z0.250 E0.03428 F900
G1 X89.267 Y76.019 Z0.250 E0.03428 F900
G1 X90.000 Y76.000 Z0.250 E0.03428 F900
G1 X90.733 Y76.019 Z0.250 E0.03428 F900
G1 X91.463 Y76.077 Z0.250 E0.03428 F900
G1 X92.190 Y76.172 Z0.250 E0.03428 F900
G1 X92.911 Y76.306 Z0.250 E0.03428 F900
G1 X93.623 Y76.477 Z0.250 E0.03428 F900
G1 X94.326 Y76.685 Z0.250 E0.03428 F900
G1 X95.017 Y76.930 Z0.250 E0.03428 F900
G1 X95.694 Y77.210 Z0.250 E0.03428 F900
G1 X96.356 Y77.526 Z0.250 E0.03428 F900
G1 X97.000 Y77.876 Z0.250 E0.03428 F900
G1 X97.625 Y78.259 Z0.250 E0.03428 F900
G1 X98.229 Y78.674 Z0.250 E0.03428 F900
G1 X98.810 Y79.120 Z0.250 E0.03428 F900
G1 X99.368 Y79.596 Z0.250 E0.03428 F900
G1 X99.899 Y80.101 Z0.250 E0.03428 F900
G1 X100.404 Y80.632 Z0.250 E0.03428 F900
G1 X100.880 Y81.190 Z0.250 E0.03428 F900
G1 X101.326 Y81.771 Z0.250 E0.03428 F900
G1 X101.741 Y82.375 Z0.250 E0.03428 F900
G1 X102.124 Y83.000 Z0.250 E0.03428 F900
G1 X102.474 Y83.644 Z0.250 E0.03428 F900
G1 X102.790 Y84.306 Z0.250 E0.03428 F900
G1 X103.070 Y84.983 Z0.250 E0.03428 F900
G1 X103.315 Y85.674 Z0.250 E0.03428 F900
G1 X103.523 Y86.377 Z0.250 E0.03428 F900
G1 X103.694 Y87.089 Z0.250 E0.03428 F900
G1 X103.828 Y87.810 Z0.250 E0.03428 F900
G1 X103.923 Y88.537 Z0.250 E0.03428 F900
G1 X103.981 Y89.267 Z0.250 E0.03428 F900
G1 X104.000 Y90.000 Z0.250 E0.03428 F900
G1 E-0.800 F2400
G0 X104.000 Y90.000 Z1.250 F1200
G0 X104.450 Y90.000 Z1.250 F4800
G0 X104.450 Y90.000 Z0.250 F1200
G1 E0.800 F1800
G1 X104.430 Y90.756 Z0.250 E0.03538 F900
G1 X104.371 Y91.510 Z0.250 E0.03538 F900
G1 X104.272 Y92.260 Z0.250 E0.03538 F900
G1 X104.134 Y93.004 Z0.250 E0.03538 F900
G1 X103.958 Y93.740 Z0.250 E0.03538 F900
G1 X103.743 Y94.465 Z0.250 E0.03538 F900
G1 X103.490 Y95.178 Z0.250 E0.03538 F900
G1 X103.201 Y95.877 Z0.250 E0.03538 F900
G1 X102.875 Y96.560 Z0.250 E0.03538 F900
G1 X102.514 Y97.225 Z0.250 E0.03538 F900
G1 X102.119 Y97.870 Z0.250 E0.03538 F900
G1 X101.690 Y98.493 Z0.250 E0.03538 F900
G1 X101.230 Y99.094 Z0.250 E0.03538 F900
G1 X100.738 Y99.669 Z0.250 E0.03538 F900
G1 X100.218 Y100.218 Z0.250 E0.03538 F900
G1 X99.669 Y100.738 Z0.250 E0.03538 F900
G1 X99.094 Y101.230 Z0.250 E0.03538 F900
G1 X98.493 Y101.690 Z0.250 E0.03538 F900
G1 X97.870 Y102.119 Z0.250 E0.03538 F900
G1 X97.225 Y102.514 Z0.250 E0.03538 F900
G1 X96.560 Y102.875 Z0.250 E0.03538 F900
G1 X95.877 Y103.201 Z0.250 E0.03538 F900
G1 X95.178 Y103.490 Z0.250 E0.03538 F900
G1 X94.465 Y103.743 Z0.250 E0.03538 F900
G1 X93.740 Y103.958 Z0.250 E0.03538 F900
G1 X93.004 Y104.134 Z0.250 E0.03538 F900
G1 X92.260 Y104.272 Z0.250 E0.03538 F900
G1 X91.510 Y104.371 Z0.250 E0.03538 F900
G1 X90.756 Y104.430 Z0.250 E0.03538 F900
G1 X90.000 Y104.450 Z0.250 E0.03538 F900
G1 X89.244 Y104.430 Z0.250 E0.03538 F900
G1 X88.490 Y104.371 Z0.250 E0.03538 F900
G1 X87.740 Y104.272 Z0.250 E0.03538 F900
G1 X86.996 Y104.134 Z0.250 E0.03538 F900
G1 X86.260 Y103.958 Z0.250 E0.03538 F900
G1 X85.535 Y103.743 Z0.250 E0.03538 F900
G1 X84.822 Y103.490 Z0.250 E0.03538 F900
G1 X84.123 Y103.201 Z0.250 E0.03538 F900
G1 X83.440 Y102.875 Z0.250 E0.03538 F900
G1 X82.775 Y102.514 Z0.250 E0.03538 F900
G1 X82.130 Y102.119 Z0.250 E0.03538 F900
G1 X81.507 Y101.690 Z0.250 E0.03538 F900
G1 X80.906 Y101.230 Z0.250 E0.03538 F900
G1 X80.331 Y100.738 Z0.250 E0.03538 F900
G1 X79.782 Y100.218 Z0.250 E0.03538 F900
G1 X79.262 Y99.669 Z0.250 E0.03538 F900
G1 X78.770 Y99.094 Z0.250 E0.03538 F900
G1 X78.310 Y98.493 Z0.250 E0.03538 F900
G1 X77.881 Y97.870 Z0.250 E0.03538 F900
G1 X77.486 Y97.225 Z0.250 E0.03538 F900
G1 X77.125 Y96.560 Z0.250 E0.03538 F900
G1 X76.799 Y95.877 Z0.250 E0.03538 F900
G1 X76.510 Y95.178 Z0.250 E0.03538 F900
G1 X76.257 Y94.465 Z0.250 E0.03538 F900
G1 X76.042 Y93.740 Z0.250 E0.03538 F900
G1 X75.866 Y93.004 Z0.250 E0.03538 F900
G1 X75.728 Y92.260 Z0.250 E0.03538 F900
G1 X75.629 Y91.510 Z0.250 E0.03538 F900
G1 X75.570 Y90.756 Z0.250 E0.03538 F900
G1 X75.550 Y90.000 Z0.250 E0.03538 F900
G1 X75.570 Y89.244 Z0.250 E0.03538 F900
G1 X75.629 Y88.490 Z0.250 E0.03538 F900
G1 X75.728 Y87.740 Z0.250 E0.03538 F900
G1 X75.866 Y86.996 Z0.250 E0.03538 F900
G1 X76.042 Y86.260 Z0.250 E0.03538 F900
G1 X76.257 Y85.535 Z0.250 E0.03538 F900
G1 X76.510 Y84.822 Z0.250 E0.03538 F900
G1 X76.799 Y84.123 Z0.250 E0.03538 F900
G1 X77.125 Y83.440 Z0.250 E0.03538 F900
G1 X77.486 Y82.775 Z0.250 E0.03538 F900
G1 X77.881 Y82.130 Z0.250 E0.03538 F900
G1 X78.310 Y81.507 Z0.250 E0.03538 F900
G1 X78.770 Y80.906 Z0.250 E0.03538 F900
G1 X79.262 Y80.331 Z0.250 E0.03538 F900
G1 X79.782 Y79.782 Z0.250 E0.03538 F900
G1 X80.331 Y79.262 Z0.250 E0.03538 F900
G1 X80.906 Y78.770 Z0.250 E0.03538 F900
G1 X81.507 Y78.310 Z0.250 E0.03538 F900
G1 X82.130 Y77.881 Z0.250 E0.03538 F900
G1 X82.775 Y77.486 Z0.250 E0.03538 F900
G1 X83.440 Y77.125 Z0.250 E0.03538 F900
G1 X84.123 Y76.799 Z0.250 E0.03538 F900
G1 X84.822 Y76.510 Z0.250 E0.03538 F900
G1 X85.535 Y76.257 Z0.250 E0.03538 F900
G1 X86.260 Y76.042 Z0.250 E0.03538 F900
G1 X86.996 Y75.866 Z0.250 E0.03538 F900
G1 X87.740 Y75.728 Z0.250 E0.03538 F900
G1 X88.490 Y75.629 Z0.250 E0.03538 F900
G1 X89.244 Y75.570 Z0.250 E0.03538 F900
G1 X90.000 Y75.550 Z0.250 E0.03538 F900
G1 X90.756 Y75.570 Z0.250 E0.03538 F900
G1 X91.510 Y75.629 Z0.250 E0.03538 F900
G1 X92.260 Y75.728 Z0.250 E0.03538 F900
G1 X93.004 Y75.866 Z0.250 E0.03538 F900
G1 X93.740 Y76.042 Z0.250 E0.03538 F900
G1 X94.465 Y76.257 Z0.250 E0.03538 F900
G1 X95.178 Y76.510 Z0.250 E0.03538 F900
G1 X95.877 Y76.799 Z0.250 E0.03538 F900
G1 X96.560 Y77.125 Z0.250 E0.03538 F900
G1 X97.225 Y77.486 Z0.250 E0.03538 F900
G1 X97.870 Y77.881 Z0.250 E0.03538 F900
G1 X98.493 Y78.310 Z0.250 E0.03538 F900
G1 X99.094 Y78.770 Z0.250 E0.03538 F900
G1 X99.669 Y79.262 Z0.250 E0.03538 F900
G1 X100.218 Y79.782 Z0.250 E0.03538 F900
G1 X100.738 Y80.331 Z0.250 E0.03538 F900
G1 X101.230 Y80.906 Z0.250 E0.03538 F900
G1 X101.690 Y81.507 Z0.250 E0.03538 F900
G1 X102.119 Y82.130 Z0.250 E0.03538 F900
G1 X102.514 Y82.775 Z0.250 E0.03538 F900
G1 X102.875 Y83.440 Z0.250 E0.03538 F900
G1 X103.201 Y84.123 Z0.250 E0.03538 F900
G1 X103.490 Y84.822 Z0.250 E0.03538 F900
G1 X103.743 Y85.535 Z0.250 E0.03538 F900
G1 X103.958 Y86.260 Z0.250 E0.03538 F900
G1 X104.134 Y86.996 Z0.250 E0.03538 F900
G1 X104.272 Y87.740 Z0.250 E0.03538 F900
G1 X104.371 Y88.490 Z0.250 E0.03538 F900
G1 X104.430 Y89.244 Z0.250 E0.03538 F900
G1 X104.450 Y90.000 Z0.250 E0.03538 F900
; BASE layer 2
M106 P1 S128
G1 E-0.800 F2400
G0 X104.450 Y90.000 Z1.500 F1200
G0 X99.500 Y90.000 Z1.500 F4800
G0 X99.500 Y90.000 Z0.500 F1200
G1 E0.800 F1800
G1 X99.487 Y90.497 Z0.500 E0.02326 F1500
G1 X99.448 Y90.993 Z0.500 E0.02326 F1500
G1 X99.383 Y91.486 Z0.500 E0.02326 F1500
G1 X99.292 Y91.975 Z0.500 E0.02326 F1500
G1 X99.176 Y92.459 Z0.500 E0.02326 F1500
G1 X99.035 Y92.936 Z0.500 E0.02326 F1500
G1 X98.869 Y93.404 Z0.500 E0.02326 F1500
G1 X98.679 Y93.864 Z0.500 E0.02326 F1500
G1 X98.465 Y94.313 Z0.500 E0.02326 F1500
G1 X98.227 Y94.750 Z0.500 E0.02326 F1500
G1 X97.967 Y95.174 Z0.500 E0.02326 F1500
G1 X97.686 Y95.584 Z0.500 E0.02326 F1500
G1 X97.383 Y95.979 Z0.500 E0.02326 F1500
G1 X97.060 Y96.357 Z0.500 E0.02326 F1500
G1 X96.718 Y96.718 Z0.500 E0.02326 F1500
G1 X96.357 Y97.060 Z0.500 E0.02326 F1500
G1 X95.979 Y97.383 Z0.500 E0.02326 F1500
G1 X95.584 Y97.686 Z0.500 E0.02326 F1500
G1 X95.174 Y97.967 Z0.500 E0.02326 F1500
G1 X94.750 Y98.227 Z0.500 E0.02326 F1500
G1 X94.313 Y98.465 Z0.500 E0.02326 F1500
G1 X93.864 Y98.679 Z0.500 E0.02326 F1500
G1 X93.404 Y98.869 Z0.500 E0.02326 F1500
G1 X92.936 Y99.035 Z0.500 E0.02326 F1500
G1 X92.459 Y99.176 Z0.500 E0.02326 F1500
G1 X91.975 Y99.292 Z0.500 E0.02326 F1500
G1 X91.486 Y99.383 Z0.500 E0.02326 F1500
G1 X90.993 Y99.448 Z0.500 E0.02326 F1500
G1 X90.497 Y99.487 Z0.500 E0.02326 F1500
G1 X90.000 Y99.500 Z0.500 E0.02326 F1500
G1 X89.503 Y99.487 Z0.500 E0.02326 F1500
G1 X89.007 Y99.448 Z0.500 E0.02326 F1500
G1 X88.514 Y99.383 Z0.500 E0.02326 F1500
G1 X88.025 Y99.292 Z0.500 E0.02326 F1500
G1 X87.541 Y99.176 Z0.500 E0.02326 F1500
G1 X87.064 Y99.035 Z0.500 E0.02326 F1500
G1 X86.596 Y98.869 Z0.500 E0.02326 F1500
G1 X86.136 Y98.679 Z0.500 E0.02326 F1500
G1 X85.687 Y98.465 Z0.500 E0.02326 F1500
G1 X85.250 Y98.227 Z0.500 E0.02326 F1500
G1 X84.826 Y97.967 Z0.500 E0.02326 F1500
G1 X84.416 Y97.686 Z0.500 E0.02326 F1500
G1 X84.021 Y97.383 Z0.500 E0.02326 F1500
G1 X83.643 Y97.060 Z0.500 E0.02326 F1500
G1 X83.282 Y96.718 Z0.500 E0.02326 F1500
G1 X82.940 Y96.357 Z0.500 E0.02326 F1500
G1 X82.617 Y95.979 Z0.500 E0.02326 F1500
G1 X82.314 Y95.584 Z0.500 E0.02326 F1500
G1 X82.033 Y95.174 Z0.500 E0.02326 F1500
G1 X81.773 Y94.750 Z0.500 E0.02326 F1500
G1 X81.535 Y94.313 Z0.500 E0.02326 F1500
G1 X81.321 Y93.864 Z0.500 E0.02326 F1500
G1 X81.131 Y93.404 Z0.500 E0.02326 F1500
G1 X80.965 Y92.936 Z0.500 E0.02326 F1500
G1 X80.824 Y92.459 Z0.500 E0.02326 F1500
G1 X80.708 Y91.975 Z0.500 E0.02326 F1500
G1 X80.617 Y91.486 Z0.500 E0.02326 F1500
G1 X80.552 Y90.993 Z0.500 E0.02326 F1500
G1 X80.513 Y90.497 Z0.500 E0.02326 F1500
G1 X80.500 Y90.000 Z0.500 E0.02326 F1500
G1 X80.513 Y89.503 Z0.500 E0.02326 F1500
G1 X80.552 Y89.007 Z0.500 E0.02326 F1500
G1 X80.617 Y88.514 Z0.500 E0.02326 F1500
G1 X80.708 Y88.025 Z0.500 E0.02326 F1500
G1 X80.824 Y87.541 Z0.500 E0.02326 F1500
G1 X80.965 Y87.064 Z0.500 E0.02326 F1500
G1 X81.131 Y86.596 Z0.500 E0.02326 F1500
G1 X81.321 Y86.136 Z0.500 E0.02326 F1500
G1 X81.535 Y85.687 Z0.500 E0.02326 F1500
G1 X81.773 Y85.250 Z0.500 E0.02326 F1500
G1 X82.033 Y84.826 Z0.500 E0.02326 F1500
G1 X82.314 Y84.416 Z0.500 E0.02326 F1500
G1 X82.617 Y84.021 Z0.500 E0.02326 F1500
G1 X82.940 Y83.643 Z0.500 E0.02326 F1500
G1 X83.282 Y83.282 Z0.500 E0.02326 F1500
G1 X83.643 Y82.940 Z0.500 E0.02326 F1500
G1 X84.021 Y82.617 Z0.500 E0.02326 F1500
G1 X84.416 Y82.314 Z0.500 E0.02326 F1500
G1 X84.826 Y82.033 Z0.500 E0.02326 F1500
G1 X85.250 Y81.773 Z0.500 E0.02326 F1500
G1 X85.687 Y81.535 Z0.500 E0.02326 F1500
G1 X86.136 Y81.321 Z0.500 E0.02326 F1500
G1 X86.596 Y81.131 Z0.500 E0.02326 F1500
G1 X87.064 Y80.965 Z0.500 E0.02326 F1500
G1 X87.541 Y80.824 Z0.500 E0.02326 F1500
G1 X88.025 Y80.708 Z0.500 E0.02326 F1500
G1 X88.514 Y80.617 Z0.500 E0.02326 F1500
G1 X89.007 Y80.552 Z0.500 E0.02326 F1500
G1 X89.503 Y80.513 Z0.500 E0.02326 F1500
G1 X90.000 Y80.500 Z0.500 E0.02326 F1500
G1 X90.497 Y80.513 Z0.500 E0.02326 F1500
G1 X90.993 Y80.552 Z0.500 E0.02326 F1500
G1 X91.486 Y80.617 Z0.500 E0.02326 F1500
G1 X91.975 Y80.708 Z0.500 E0.02326 F1500
G1 X92.459 Y80.824 Z0.500 E0.02326 F1500
G1 X92.936 Y80.965 Z0.500 E0.02326 F1500
G1 X93.404 Y81.131 Z0.500 E0.02326 F1500
G1 X93.864 Y81.321 Z0.500 E0.02326 F1500
G1 X94.313 Y81.535 Z0.500 E0.02326 F1500
G1 X94.750 Y81.773 Z0.500 E0.02326 F1500
G1 X95.174 Y82.033 Z0.500 E0.02326 F1500
G1 X95.584 Y82.314 Z0.500 E0.02326 F1500
G1 X95.979 Y82.617 Z0.500 E0.02326 F1500
G1 X96.357 Y82.940 Z0.500 E0.02326 F1500
G1 X96.718 Y83.282 Z0.500 E0.02326 F1500
G1 X97.060 Y83.643 Z0.500 E0.02326 F1500
G1 X97.383 Y84.021 Z0.500 E0.02326 F1500
G1 X97.686 Y84.416 Z0.500 E0.02326 F1500
G1 X97.967 Y84.826 Z0.500 E0.02326 F1500
G1 X98.227 Y85.250 Z0.500 E0.02326 F1500
G1 X98.465 Y85.687 Z0.500 E0.02326 F1500
G1 X98.679 Y86.136 Z0.500 E0.02326 F1500
G1 X98.869 Y86.596 Z0.500 E0.02326 F1500
G1 X99.035 Y87.064 Z0.500 E0.02326 F1500
G1 X99.176 Y87.541 Z0.500 E0.02326 F1500
G1 X99.292 Y88.025 Z0.500 E0.02326 F1500
G1 X99.383 Y88.514 Z0.500 E0.02326 F1500
G1 X99.448 Y89.007 Z0.500 E0.02326 F1500
G1 X99.487 Y89.503 Z0.500 E0.02326 F1500
G1 X99.500 Y90.000 Z0.500 E0.02326 F1500
G1 E-0.800 F2400
G0 X99.500 Y90.000 Z1.500 F1200
G0 X99.950 Y90.000 Z1.500 F4800
G0 X99.950 Y90.000 Z0.500 F1200
G1 E0.800 F1800
G1 X99.936 Y90.521 Z0.500 E0.02436 F1500
G1 X99.895 Y91.040 Z0.500 E0.02436 F1500
G1 X99.827 Y91.557 Z0.500 E0.02436 F1500
G1 X99.733 Y92.069 Z0.500 E0.02436 F1500
G1 X99.611 Y92.575 Z0.500 E0.02436 F1500
G1 X99.463 Y93.075 Z0.500 E0.02436 F1500
G1 X99.289 Y93.566 Z0.500 E0.02436 F1500
G1 X99.090 Y94.047 Z0.500 E0.02436 F1500
G1 X98.866 Y94.517 Z0.500 E0.02436 F1500
G1 X98.617 Y94.975 Z0.500 E0.02436 F1500
G1 X98.345 Y95.419 Z0.500 E0.02436 F1500
G1 X98.050 Y95.848 Z0.500 E0.02436 F1500
G1 X97.733 Y96.262 Z0.500 E0.02436 F1500
G1 X97.394 Y96.658 Z0.500 E0.02436 F1500
G1 X97.036 Y97.036 Z0.500 E0.02436 F1500
G1 X96.658 Y97.394 Z0.500 E0.02436 F1500
G1 X96.262 Y97.733 Z0.500 E0.02436 F1500
G1 X95.848 Y98.050 Z0.500 E0.02436 F1500
G1 X95.419 Y98.345 Z0.500 E0.02436 F1500
G1 X94.975 Y98.617 Z0.500 E0.02436 F1500
G1 X94.517 Y98.866 Z0.500 E0.02436 F1500
G1 X94.047 Y99.090 Z0.500 E0.02436 F1500
G1 X93.566 Y99.289 Z0.500 E0.02436 F1500
G1 X93.075 Y99.463 Z0.500 E0.02436 F1500
G1 X92.575 Y99.611 Z0.500 E0.02436 F1500
G1 X92.069 Y99.733 Z0.500 E0.02436 F1500
G1 X91.557 Y99.827 Z0.500 E0.02436 F1500
G1 X91.040 Y99.895 Z0.500 E0.02436 F1500
G1 X90.521 Y99.936 Z0.500 E0.02436 F1500
G1 X90.000 Y99.950 Z0.500 E0.02436 F1500
G1 X89.479 Y99.936 Z0.500 E0.02436 F1500
G1 X88.960 Y99.895 Z0.500 E0.02436 F1500
G1 X88.443 Y99.827 Z0.500 E0.02436 F1500
G1 X87.931 Y99.733 Z0.500 E0.02436 F1500
G1 X87.425 Y99.611 Z0.500 E0.02436 F1500
G1 X86.925 Y99.463 Z0.500 E0.02436 F1500
G1 X86.434 Y99.289 Z0.500 E0.02436 F1500
G1 X85.953 Y99.090 Z0.500 E0.02436 F1500
G1 X85.483 Y98.866 Z0.500 E0.02436 F1500
G1 X85.025 Y98.617 Z0.500 E0.02436 F1500
G1 X84.581 Y98.345 Z0.500 E0.02436 F1500
G1 X84.152 Y98.050 Z0.500 E0.02436 F1500
G1 X83.738 Y97.733 Z0.500 E0.02436 F1500
G1 X83.342 Y97.394 Z0.500 E0.02436 F1500
G1 X82.964 Y97.036 Z0.500 E0.02436 F1500
G1 X82.606 Y96.658 Z0.500 E0.02436 F1500
G1 X82.267 Y96.262 Z0.500 E0.02436 F1500
G1 X81.950 Y95.848 Z0.500 E0.02436 F1500
G1 X81.655 Y95.419 Z0.500 E0.02436 F1500
G1 X81.383 Y94.975 Z0.500 E0.02436 F1500
G1 X81.134 Y94.517 Z0.500 E0.02436 F1500
G1 X80.910 Y94.047 Z0.500 E0.02436 F1500
G1 X80.711 Y93.566 Z0.500 E0.02436 F1500
G1 X80.537 Y93.075 Z0.500 E0.02436 F1500
G1 X80.389 Y92.575 Z0.500 E0.02436 F1500
G1 X80.267 Y92.069 Z0.500 E0.02436 F1500
G1 X80.173 Y91.557 Z0.500 E0.02436 F1500
G1 X80.105 Y91.040 Z0.500 E0.02436 F1500
G1 X80.064 Y90.521 Z0.500 E0.02436 F1500
G1 X80.050 Y90.000 Z0.500 E0.02436 F1500
G1 X80.064 Y89.479 Z0.500 E0.02436 F1500
G1 X80.105 Y88.960 Z0.500 E0.02436 F1500
G1 X80.173 Y88.443 Z0.500 E0.02436 F1500
G1 X80.267 Y87.931 Z0.500 E0.02436 F1500
G1 X80.389 Y87.425 Z0.500 E0.02436 F1500
G1 X80.537 Y86.925 Z0.500 E0.02436 F1500
G1 X80.711 Y86.434 Z0.500 E0.02436 F1500
G1 X80.910 Y85.953 Z0.500 E0.02436 F1500
G1 X81.134 Y85.483 Z0.500 E0.02436 F1500
G1 X81.383 Y85.025 Z0.500 E0.02436 F1500
G1 X81.655 Y84.581 Z0.500 E0.02436 F1500
G1 X81.950 Y84.152 Z0.500 E0.02436 F1500
G1 X82.267 Y83.738 Z0.500 E0.02436 F1500
G1 X82.606 Y83.342 Z0.500 E0.02436 F1500
G1 X82.964 Y82.964 Z0.500 E0.02436 F1500
G1 X83.342 Y82.606 Z0.500 E0.02436 F1500
G1 X83.738 Y82.267 Z0.500 E0.02436 F1500
G1 X84.152 Y81.950 Z0.500 E0.02436 F1500
G1 X84.581 Y81.655 Z0.500 E0.02436 F1500
G1 X85.025 Y81.383 Z0.500 E0.02436 F1500
G1 X85.483 Y81.134 Z0.500 E0.02436 F1500
G1 X85.953 Y80.910 Z0.500 E0.02436 F1500
G1 X86.434 Y80.711 Z0.500 E0.02436 F1500
G1 X86.925 Y80.537 Z0.500 E0.02436 F1500
G1 X87.425 Y80.389 Z0.500 E0.02436 F1500
G1 X87.931 Y80.267 Z0.500 E0.02436 F1500
G1 X88.443 Y80.173 Z0.500 E0.02436 F1500
G1 X88.960 Y80.105 Z0.500 E0.02436 F1500
G1 X89.479 Y80.064 Z0.500 E0.02436 F1500
G1 X90.000 Y80.050 Z0.500 E0.02436 F1500
G1 X90.521 Y80.064 Z0.500 E0.02436 F1500
G1 X91.040 Y80.105 Z0.500 E0.02436 F1500
G1 X91.557 Y80.173 Z0.500 E0.02436 F1500
G1 X92.069 Y80.267 Z0.500 E0.02436 F1500
G1 X92.575 Y80.389 Z0.500 E0.02436 F1500
G1 X93.075 Y80.537 Z0.500 E0.02436 F1500
G1 X93.566 Y80.711 Z0.500 E0.02436 F1500
G1 X94.047 Y80.910 Z0.500 E0.02436 F1500
G1 X94.517 Y81.134 Z0.500 E0.02436 F1500
G1 X94.975 Y81.383 Z0.500 E0.02436 F1500
G1 X95.419 Y81.655 Z0.500 E0.02436 F1500
G1 X95.848 Y81.950 Z0.500 E0.02436 F1500
G1 X96.262 Y82.267 Z0.500 E0.02436 F1500
G1 X96.658 Y82.606 Z0.500 E0.02436 F1500
G1 X97.036 Y82.964 Z0.500 E0.02436 F1500
G1 X97.394 Y83.342 Z0.500 E0.02436 F1500
G1 X97.733 Y83.738 Z0.500 E0.02436 F1500
G1 X98.050 Y84.152 Z0.500 E0.02436 F1500
G1 X98.345 Y84.581 Z0.500 E0.02436 F1500
G1 X98.617 Y85.025 Z0.500 E0.02436 F1500
G1 X98.866 Y85.483 Z0.500 E0.02436 F1500
G1 X99.090 Y85.953 Z0.500 E0.02436 F1500
G1 X99.289 Y86.434 Z0.500 E0.02436 F1500
G1 X99.463 Y86.925 Z0.500 E0.02436 F1500
G1 X99.611 Y87.425 Z0.500 E0.02436 F1500
G1 X99.733 Y87.931 Z0.500 E0.02436 F1500
G1 X99.827 Y88.443 Z0.500 E0.02436 F1500
G1 X99.895 Y88.960 Z0.500 E0.02436 F1500
G1 X99.936 Y89.479 Z0.500 E0.02436 F1500
G1 X99.950 Y90.000 Z0.500 E0.02436 F1500
G1 E-0.800 F2400
G0 X99.950 Y90.000 Z1.500 F1200
G0 X100.400 Y90.000 Z1.500 F4800
G0 X100.400 Y90.000 Z0.500 F1200
G1 E0.800 F1800
G1 X100.386 Y90.544 Z0.500 E0.02547 F1500
G1 X100.343 Y91.087 Z0.500 E0.02547 F1500
G1 X100.272 Y91.627 Z0.500 E0.02547 F1500
G1 X100.173 Y92.162 Z0.500 E0.02547 F1500
G1 X100.046 Y92.692 Z0.500 E0.02547 F1500
G1 X99.891 Y93.214 Z0.500 E0.02547 F1500
G1 X99.709 Y93.727 Z0.500 E0.02547 F1500
G1 X99.501 Y94.230 Z0.500 E0.02547 F1500
G1 X99.266 Y94.722 Z0.500 E0.02547 F1500
G1 X99.007 Y95.200 Z0.500 E0.02547 F1500
G1 X98.722 Y95.664 Z0.500 E0.02547 F1500
G1 X98.414 Y96.113 Z0.500 E0.02547 F1500
G1 X98.082 Y96.545 Z0.500 E0.02547 F1500
G1 X97.729 Y96.959 Z0.500 E0.02547 F1500
G1 X97.354 Y97.354 Z0.500 E0.02547 F1500
G1 X96.959 Y97.729 Z0.500 E0.02547 F1500
G1 X96.545 Y98.082 Z0.500 E0.02547 F1500
G1 X96.113 Y98.414 Z0.500 E0.02547 F1500
G1 X95.664 Y98.722 Z0.500 E0.02547 F1500
G1 X95.200 Y99.007 Z0.500 E0.02547 F1500
G1 X94.722 Y99.266 Z0.500 E0.02547 F1500
G1 X94.230 Y99.501 Z0.500 E0.02547 F1500
G1 X93.727 Y99.709 Z0.500 E0.02547 F1500
G1 X93.214 Y99.891 Z0.500 E0.02547 F1500
G1 X92.692 Y100.046 Z0.500 E0.02547 F1500
G1 X92.162 Y100.173 Z0.500 E0.02547 F1500
G1 X91.627 Y100.272 Z0.500 E0.02547 F1500
G1 X91.087 Y100.343 Z0.500 E0.02547 F1500
G1 X90.544 Y100.386 Z0.500 E0.02547 F1500
G1 X90.000 Y100.400 Z0.500 E0.02547 F1500
G1 X89.456 Y100.386 Z0.500 E0.02547 F1500
G1 X88.913 Y100.343 Z0.500 E0.02547 F1500
G1 X88.373 Y100.272 Z0.500 E0.02547 F1500
G1 X87.838 Y100.173 Z0.500 E0.02547 F1500
G1 X87.308 Y100.046 Z0.500 E0.02547 F1500
G1 X86.786 Y99.891 Z0.500 E0.02547 F1500
G1 X86.273 Y99.709 Z0.500 E0.02547 F1500
G1 X85.770 Y99.501 Z0.500 E0.02547 F1500
G1 X85.278 Y99.266 Z0.500 E0.02547 F1500
G1 X84.800 Y99.007 Z0.500 E0.02547 F1500
G1 X84.336 Y98.722 Z0.500 E0.02547 F1500
G1 X83.887 Y98.414 Z0.500 E0.02547 F1500
G1 X83.455 Y98.082 Z0.500 E0.02547 F1500
G1 X83.041 Y97.729 Z0.500 E0.02547 F1500
G1 X82.646 Y97.354 Z0.500 E0.02547 F1500
G1 X82.271 Y96.959 Z0.500 E0.02547 F1500
G1 X81.918 Y96.545 Z0.500 E0.02547 F1500
G1 X81.586 Y96.113 Z0.500 E0.02547 F1500
G1 X81.278 Y95.664 Z0.500 E0.02547 F1500
G1 X80.993 Y95.200 Z0.500 E0.02547 F1500
G1 X80.734 Y94.722 Z0.500 E0.02547 F1500
G1 X80.499 Y94.230 Z0.500 E0.02547 F1500
G1 X80.291 Y93.727 Z0.500 E0.02547 F1500
G1 X80.109 Y93.214 Z0.500 E0.02547 F1500
G1 X79.954 Y92.692 Z0.500 E0.02547 F1500
G1 X79.827 Y92.162 Z0.500 E0.02547 F1500
G1 X79.728 Y91.627 Z0.500 E0.02547 F1500
G1 X79.657 Y91.087 Z0.500 E0.02547 F1500
G1 X79.614 Y90.544 Z0.500 E0.02547 F1500
G1 X79.600 Y90.000 Z0.500 E0.02547 F1500
G1 X79.614 Y89.456 Z0.500 E0.02547 F1500
G1 X79.657 Y88.913 Z0.500 E0.02547 F1500
G1 X79.728 Y88.373 Z0.500 E0.02547 F1500
G1 X79.827 Y87.838 Z0.500 E0.02547 F1500
G1 X79.954 Y87.308 Z0.500 E0.02547 F1500
G1 X80.109 Y86.786 Z0.500 E0.02547 F1500
G1 X80.291 Y86.273 Z0.500 E0.02547 F1500
G1 X80.499 Y85.770 Z0.500 E0.02547 F1500
G1 X80.734 Y85.278 Z0.500 E0.02547 F1500
G1 X80.993 Y84.800 Z0.500 E0.02547 F1500
G1 X81.278 Y84.336 Z0.500 E0.02547 F1500
G1 X81.586 Y83.887 Z0.500 E0.02547 F1500
G1 X81.918 Y83.455 Z0.500 E0.02547 F1500
G1 X82.271 Y83.041 Z0.500 E0.02547 F1500
G1 X82.646 Y82.646 Z0.500 E0.02547 F1500
G1 X83.041 Y82.271 Z0.500 E0.02547 F1500
G1 X83.455 Y81.918 Z0.500 E0.02547 F1500
G1 X83.887 Y81.586 Z0.500 E0.02547 F1500
G1 X84.336 Y81.278 Z0.500 E0.02547 F1500
G1 X84.800 Y80.993 Z0.500 E0.02547 F1500
G1 X85.278 Y80.734 Z0.500 E0.02547 F1500
G1 X85.770 Y80.499 Z0.500 E0.02547 F1500
G1 X86.273 Y80.291 Z0.500 E0.02547 F1500
G1 X86.786 Y80.109 Z0.500 E0.02547 F1500
G1 X87.308 Y79.954 Z0.500 E0.02547 F1500
G1 X87.838 Y79.827 Z0.500 E0.02547 F1500
G1 X88.373 Y79.728 Z0.500 E0.02547 F1500
G1 X88.913 Y79.657 Z0.500 E0.02547 F1500
G1 X89.456 Y79.614 Z0.500 E0.02547 F1500
G1 X90.000 Y79.600 Z0.500 E0.02547 F1500
G1 X90.544 Y79.614 Z0.500 E0.02547 F1500
G1 X91.087 Y79.657 Z0.500 E0.02547 F1500
G1 X91.627 Y79.728 Z0.500 E0.02547 F1500
G1 X92.162 Y79.827 Z0.500 E0.02547 F1500
G1 X92.692 Y79.954 Z0.500 E0.02547 F1500
G1 X93.214 Y80.109 Z0.500 E0.02547 F1500
G1 X93.727 Y80.291 Z0.500 E0.02547 F1500
G1 X94.230 Y80.499 Z0.500 E0.02547 F1500
G1 X94.722 Y80.734 Z0.500 E0.02547 F1500
G1 X95.200 Y80.993 Z0.500 E0.02547 F1500
G1 X95.664 Y81.278 Z0.500 E0.02547 F1500
G1 X96.113 Y81.586 Z0.500 E0.02547 F1500
G1 X96.545 Y81.918 Z0.500 E0.02547 F1500
G1 X96.959 Y82.271 Z0.500 E0.02547 F1500
G1 X97.354 Y82.646 Z0.500 E0.02547 F1500
G1 X97.729 Y83.041 Z0.500 E0.02547 F1500
G1 X98.082 Y83.455 Z0.500 E0.02547 F1500
G1 X98.414 Y83.887 Z0.500 E0.02547 F1500
G1 X98.722 Y84.336 Z0.500 E0.02547 F1500
G1 X99.007 Y84.800 Z0.500 E0.02547 F1500
G1 X99.266 Y85.278 Z0.500 E0.02547 F1500
G1 X99.501 Y85.770 Z0.500 E0.02547 F1500
G1 X99.709 Y86.273 Z0.500 E0.02547 F1500
G1 X99.891 Y86.786 Z0.500 E0.02547 F1500
G1 X100.046 Y87.308 Z0.500 E0.02547 F1500
G1 X100.173 Y87.838 Z0.500 E0.02547 F1500
G1 X100.272 Y88.373 Z0.500 E0.02547 F1500
G1 X100.343 Y88.913 Z0.500 E0.02547 F1500
G1 X100.386 Y89.456 Z0.500 E0.02547 F1500
G1 X100.400 Y90.000 Z0.500 E0.02547 F1500
G1 E-0.800 F2400
G0 X100.400 Y90.000 Z1.500 F1200
G0 X100.850 Y90.000 Z1.500 F4800
G0 X100.850 Y90.000 Z0.500 F1200
G1 E0.800 F1800
G1 X100.835 Y90.568 Z0.500 E0.02657 F1500
G1 X100.791 Y91.134 Z0.500 E0.02657 F1500
G1 X100.716 Y91.697 Z0.500 E0.02657 F1500
G1 X100.613 Y92.256 Z0.500 E0.02657 F1500
G1 X100.480 Y92.808 Z0.500 E0.02657 F1500
G1 X100.319 Y93.353 Z0.500 E0.02657 F1500
G1 X100.129 Y93.888 Z0.500 E0.02657 F1500
G1 X99.912 Y94.413 Z0.500 E0.02657 F1500
G1 X99.667 Y94.926 Z0.500 E0.02657 F1500
G1 X99.396 Y95.425 Z0.500 E0.02657 F1500
G1 X99.100 Y95.909 Z0.500 E0.02657 F1500
G1 X98.778 Y96.377 Z0.500 E0.02657 F1500
G1 X98.432 Y96.828 Z0.500 E0.02657 F1500
G1 X98.063 Y97.260 Z0.500 E0.02657 F1500
G1 X97.672 Y97.672 Z0.500 E0.02657 F1500
G1 X97.260 Y98.063 Z0.500 E0.02657 F1500
G1 X96.828 Y98.432 Z0.500 E0.02657 F1500
G1 X96.377 Y98.778 Z0.500 E0.02657 F1500
G1 X95.909 Y99.100 Z0.500 E0.02657 F1500
G1 X95.425 Y99.396 Z0.500 E0.02657 F1500
G1 X94.926 Y99.667 Z0.500 E0.02657 F1500
G1 X94.413 Y99.912 Z0.500 E0.02657 F1500
G1 X93.888 Y100.129 Z0.500 E0.02657 F1500
G1 X93.353 Y100.319 Z0.500 E0.02657 F1500
G1 X92.808 Y100.480 Z0.500 E0.02657 F1500
G1 X92.256 Y100.613 Z0.500 E0.02657 F1500
G1 X91.697 Y100.716 Z0.500 E0.02657 F1500
G1 X91.134 Y100.791 Z0.500 E0.02657 F1500
G1 X90.568 Y100.835 Z0.500 E0.02657 F1500
G1 X90.000 Y100.850 Z0.500 E0.02657 F1500
G1 X89.432 Y100.835 Z0.500 E0.02657 F1500
G1 X88.866 Y100.791 Z0.500 E0.02657 F1500
G1 X88.303 Y100.716 Z0.500 E0.02657 F1500
G1 X87.744 Y100.613 Z0.500 E0.02657 F1500
G1 X87.192 Y100.480 Z0.500 E0.02657 F1500
G1 X86.647 Y100.319 Z0.500 E0.02657 F1500
G1 X86.112 Y100.129 Z0.500 E0.02657 F1500
G1 X85.587 Y99.912 Z0.500 E0.02657 F1500
G1 X85.074 Y99.667 Z0.500 E0.02657 F1500
G1 X84.575 Y99.396 Z0.500 E0.02657 F1500
G1 X84.091 Y99.100 Z0.500 E0.02657 F1500
G1 X83.623 Y98.778 Z0.500 E0.02657 F1500
G1 X83.172 Y98.432 Z0.500 E0.02657 F1500
G1 X82.740 Y98.063 Z0.500 E0.02657 F1500
G1 X82.328 Y97.672 Z0.500 E0.02657 F1500
G1 X81.937 Y97.260 Z0.500 E0.02657 F1500
G1 X81.568 Y96.828 Z0.500 E0.02657 F1500
G1 X81.222 Y96.377 Z0.500 E0.02657 F1500
G1 X80.900 Y95.909 Z0.500 E0.02657 F1500
G1 X80.604 Y95.425 Z0.500 E0.02657 F1500
G1 X80.333 Y94.926 Z0.500 E0.02657 F1500
G1 X80.088 Y94.413 Z0.500 E0.02657 F1500
G1 X79.871 Y93.888 Z0.500 E0.02657 F1500
G1 X79.681 Y93.353 Z0.500 E0.02657 F1500
G1 X79.520 Y92.808 Z0.500 E0.02657 F1500
G1 X79.387 Y92.256 Z0.500 E0.02657 F1500
G1 X79.284 Y91.697 Z0.500 E0.02657 F1500
G1 X79.209 Y91.134 Z0.500 E0.02657 F1500
G1 X79.165 Y90.568 Z0.500 E0.02657 F1500
G1 X79.150 Y90.000 Z0.500 E0.02657 F1500
G1 X79.165 Y89.432 Z0.500 E0.02657 F1500
G1 X79.209 Y88.866 Z0.500 E0.02657 F1500
G1 X79.284 Y88.303 Z0.500 E0.02657 F1500
G1 X79.387 Y87.744 Z0.500 E0.02657 F1500
G1 X79.520 Y87.192 Z0.500 E0.02657 F1500
G1 X79.681 Y86.647 Z0.500 E0.02657 F1500
G1 X79.871 Y86.112 Z0.500 E0.02657 F1500
G1 X80.088 Y85.587 Z0.500 E0.02657 F1500
G1 X80.333 Y85.074 Z0.500 E0.02657 F1500
G1 X80.604 Y84.575 Z0.500 E0.02657 F1500
G1 X80.900 Y84.091 Z0.500 E0.02657 F1500
G1 X81.222 Y83.623 Z0.500 E0.02657 F1500
G1 X81.568 Y83.172 Z0.500 E0.02657 F1500
G1 X81.937 Y82.740 Z0.500 E0.02657 F1500
G1 X82.328 Y82.328 Z0.500 E0.02657 F1500
G1 X82.740 Y81.937 Z0.500 E0.02657 F1500
G1 X83.172 Y81.568 Z0.500 E0.02657 F1500
G1 X83.623 Y81.222 Z0.500 E0.02657 F1500
G1 X84.091 Y80.900 Z0.500 E0.02657 F1500
G1 X84.575 Y80.604 Z0.500 E0.02657 F1500
G1 X85.074 Y80.333 Z0.500 E0.02657 F1500
G1 X85.587 Y80.088 Z0.500 E0.02657 F1500
G1 X86.112 Y79.871 Z0.500 E0.02657 F1500
G1 X86.647 Y79.681 Z0.500 E0.02657 F1500
G1 X87.192 Y79.520 Z0.500 E0.02657 F1500
G1 X87.744 Y79.387 Z0.500 E0.02657 F1500
G1 X88.303 Y79.284 Z0.500 E0.02657 F1500
G1 X88.866 Y79.209 Z0.500 E0.02657 F1500
G1 X89.432 Y79.165 Z0.500 E0.02657 F1500
G1 X90.000 Y79.150 Z0.500 E0.02657 F1500
G1 X90.568 Y79.165 Z0.500 E0.02657 F1500
G1 X91.134 Y79.209 Z0.500 E0.02657 F1500
G1 X91.697 Y79.284 Z0.500 E0.02657 F1500
G1 X92.256 Y79.387 Z0.500 E0.02657 F1500
G1 X92.808 Y79.520 Z0.500 E0.02657 F1500
G1 X93.353 Y79.681 Z0.500 E0.02657 F1500
G1 X93.888 Y79.871 Z0.500 E0.02657 F1500
G1 X94.413 Y80.088 Z0.500 E0.02657 F1500
G1 X94.926 Y80.333 Z0.500 E0.02657 F1500
G1 X95.425 Y80.604 Z0.500 E0.02657 F1500
G1 X95.909 Y80.900 Z0.500 E0.02657 F1500
G1 X96.377 Y81.222 Z0.500 E0.02657 F1500
G1 X96.828 Y81.568 Z0.500 E0.02657 F1500
G1 X97.260 Y81.937 Z0.500 E0.02657 F1500
G1 X97.672 Y82.328 Z0.500 E0.02657 F1500
G1 X98.063 Y82.740 Z0.500 E0.02657 F1500
G1 X98.432 Y83.172 Z0.500 E0.02657 F1500
G1 X98.778 Y83.623 Z0.500 E0.02657 F1500
G1 X99.100 Y84.091 Z0.500 E0.02657 F1500
G1 X99.396 Y84.575 Z0.500 E0.02657 F1500
G1 X99.667 Y85.074 Z0.500 E0.02657 F1500
G1 X99.912 Y85.587 Z0.500 E0.02657 F1500
G1 X100.129 Y86.112 Z0.500 E0.02657 F1500
G1 X100.319 Y86.647 Z0.500 E0.02657 F1500
G1 X100.480 Y87.192 Z0.500 E0.02657 F1500
G1 X100.613 Y87.744 Z0.500 E0.02657 F1500
G1 X100.716 Y88.303 Z0.500 E0.02657 F1500
G1 X100.791 Y88.866 Z0.500 E0.02657 F1500
G1 X100.835 Y89.432 Z0.500 E0.02657 F1500
G1 X100.850 Y90.000 Z0.500 E0.02657 F1500
G1 E-0.800 F2400
G0 X100.850 Y90.000 Z1.500 F1200
G0 X101.300 Y90.000 Z1.500 F4800
G0 X101.300 Y90.000 Z0.500 F1200
G1 E0.800 F1800
G1 X101.285 Y90.591 Z0.500 E0.02767 F1500
G1 X101.238 Y91.181 Z0.500 E0.02767 F1500
G1 X101.161 Y91.768 Z0.500 E0.02767 F1500
G1 X101.053 Y92.349 Z0.500 E0.02767 F1500
G1 X100.915 Y92.925 Z0.500 E0.02767 F1500
G1 X100.747 Y93.492 Z0.500 E0.02767 F1500
G1 X100.549 Y94.050 Z0.500 E0.02767 F1500
G1 X100.323 Y94.596 Z0.500 E0.02767 F1500
G1 X100.068 Y95.130 Z0.500 E0.02767 F1500
G1 X99.786 Y95.650 Z0.500 E0.02767 F1500
G1 X99.477 Y96.154 Z0.500 E0.02767 F1500
G1 X99.142 Y96.642 Z0.500 E0.02767 F1500
G1 X98.782 Y97.111 Z0.500 E0.02767 F1500
G1 X98.398 Y97.561 Z0.500 E0.02767 F1500
G1 X97.990 Y97.990 Z0.500 E0.02767 F1500
G1 X97.561 Y98.398 Z0.500 E0.02767 F1500
G1 X97.111 Y98.782 Z0.500 E0.02767 F1500
G1 X96.642 Y99.142 Z0.500 E0.02767 F1500
G1 X96.154 Y99.477 Z0.500 E0.02767 F1500
G1 X95.650 Y99.786 Z0.500 E0.02767 F1500
G1 X95.130 Y100.068 Z0.500 E0.02767 F1500
G1 X94.596 Y100.323 Z0.500 E0.02767 F1500
G1 X94.050 Y100.549 Z0.500 E0.02767 F1500
G1 X93.492 Y100.747 Z0.500 E0.02767 F1500
G1 X92.925 Y100.915 Z0.500 E0.02767 F1500
G1 X92.349 Y101.053 Z0.500 E0.02767 F1500
G1 X91.768 Y101.161 Z0.500 E0.02767 F1500
G1 X91.181 Y101.238 Z0.500 E0.02767 F1500
G1 X90.591 Y101.285 Z0.500 E0.02767 F1500
G1 X90.000 Y101.300 Z0.500 E0.02767 F1500
G1 X89.409 Y101.285 Z0.500 E0.02767 F1500
G1 X88.819 Y101.238 Z0.500 E0.02767 F1500
G1 X88.232 Y101.161 Z0.500 E0.02767 F1500
G1 X87.651 Y101.053 Z0.500 E0.02767 F1500
G1 X87.075 Y100.915 Z0.500 E0.02767 F1500
G1 X86.508 Y100.747 Z0.500 E0.02767 F1500
G1 X85.950 Y100.549 Z0.500 E0.02767 F1500
G1 X85.404 Y100.323 Z0.500 E0.02767 F1500
G1 X84.870 Y100.068 Z0.500 E0.02767 F1500
G1 X84.350 Y99.786 Z0.500 E0.02767 F1500
G1 X83.846 Y99.477 Z0.500 E0.02767 F1500
G1 X83.358 Y99.142 Z0.500 E0.02767 F1500
G1 X82.889 Y98.782 Z0.500 E0.02767 F1500
G1 X82.439 Y98.398 Z0.500 E0.02767 F1500
G1 X82.010 Y97.990 Z0.500 E0.02767 F1500
G1 X81.602 Y97.561 Z0.500 E0.02767 F1500
G1 X81.218 Y97.111 Z0.500 E0.02767 F1500
G1 X80.858 Y96.642 Z0.500 E0.02767 F1500
G1 X80.523 Y96.154 Z0.500 E0.02767 F1500
G1 X80.214 Y95.650 Z0.500 E0.02767 F1500
G1 X79.932 Y95.130 Z0.500 E0.02767 F1500
G1 X79.677 Y94.596 Z0.500 E0.02767 F1500
G1 X79.451 Y94.050 Z0.500 E0.02767 F1500
G1 X79.253 Y93.492 Z0.500 E0.02767 F1500
G1 X79.085 Y92.925 Z0.500 E0.02767 F1500
G1 X78.947 Y92.349 Z0.500 E0.02767 F1500
G1 X78.839 Y91.768 Z0.500 E0.02767 F1500
G1 X78.762 Y91.181 Z0.500 E0.02767 F1500
G1 X78.715 Y90.591 Z0.500 E0.02767 F1500
G1 X78.700 Y90.000 Z0.500 E0.02767 F1500
G1 X78.715 Y89.409 Z0.500 E0.02767 F1500
G1 X78.762 Y88.819 Z0.500 E0.02767 F1500
G1 X78.839 Y88.232 Z0.500 E0.02767 F1500
G1 X78.947 Y87.651 Z0.500 E0.02767 F1500
G1 X79.085 Y87.075 Z0.500 E0.02767 F1500
G1 X79.253 Y86.508 Z0.500 E0.02767 F1500
G1 X79.451 Y85.950 Z0.500 E0.02767 F1500
G1 X79.677 Y85.404 Z0.500 E0.02767 F1500
G1 X79.932 Y84.870 Z0.500 E0.02767 F1500
G1 X80.214 Y84.350 Z0.500 E0.02767 F1500
G1 X80.523 Y83.846 Z0.500 E0.02767 F1500
G1 X80.858 Y83.358 Z0.500 E0.02767 F1500
G1 X81.218 Y82.889 Z0.500 E0.02767 F1500
G1 X81.602 Y82.439 Z0.500 E0.02767 F1500
G1 X82.010 Y82.010 Z0.500 E0.02767 F1500
G1 X82.439 Y81.602 Z0.500 E0.02767 F1500
G1 X82.889 Y81.218 Z0.500 E0.02767 F1500
G1 X83.358 Y80.858 Z0.500 E0.02767 F1500
G1 X83.846 Y80.523 Z0.500 E0.02767 F1500
G1 X84.350 Y80.214 Z0.500 E0.02767 F1500
G1 X84.870 Y79.932 Z0.500 E0.02767 F1500
G1 X85.404 Y79.677 Z0.500 E0.02767 F1500
G1 X85.950 Y79.451 Z0.500 E0.02767 F1500
G1 X86.508 Y79.253 Z0.500 E0.02767 F1500
G1 X87.075 Y79.085 Z0.500 E0.02767 F1500
G1 X87.651 Y78.947 Z0.500 E0.02767 F1500
G1 X88.232 Y78.839 Z0.500 E0.02767 F1500
G1 X88.819 Y78.762 Z0.500 E0.02767 F1500
G1 X89.409 Y78.715 Z0.500 E0.02767 F1500
G1 X90.000 Y78.700 Z0.500 E0.02767 F1500
G1 X90.591 Y78.715 Z0.500 E0.02767 F1500
G1 X91.181 Y78.762 Z0.500 E0.02767 F1500
G1 X91.768 Y78.839 Z0.500 E0.02767 F1500
G1 X92.349 Y78.947 Z0.500 E0.02767 F1500
G1 X92.925 Y79.085 Z0.500 E0.02767 F1500
G1 X93.492 Y79.253 Z0.500 E0.02767 F1500
G1 X94.050 Y79.451 Z0.500 E0.02767 F1500
G1 X94.596 Y79.677 Z0.500 E0.02767 F1500
G1 X95.130 Y79.932 Z0.500 E0.02767 F1500
G1 X95.650 Y80.214 Z0.500 E0.02767 F1500
G1 X96.154 Y80.523 Z0.500 E0.02767 F1500
G1 X96.642 Y80.858 Z0.500 E0.02767 F1500
G1 X97.111 Y81.218 Z0.500 E0.02767 F1500
G1 X97.561 Y81.602 Z0.500 E0.02767 F1500
G1 X97.990 Y82.010 Z0.500 E0.02767 F1500
G1 X98.398 Y82.439 Z0.500 E0.02767 F1500
G1 X98.782 Y82.889 Z0.500 E0.02767 F1500
G1 X99.142 Y83.358 Z0.500 E0.02767 F1500
G1 X99.477 Y83.846 Z0.500 E0.02767 F1500
G1 X99.786 Y84.350 Z0.500 E0.02767 F1500
G1 X100.068 Y84.870 Z0.500 E0.02767 F1500
G1 X100.323 Y85.404 Z0.500 E0.02767 F1500
G1 X100.549 Y85.950 Z0.500 E0.02767 F1500
G1 X100.747 Y86.508 Z0.500 E0.02767 F1500
G1 X100.915 Y87.075 Z0.500 E0.02767 F1500
G1 X101.053 Y87.651 Z0.500 E0.02767 F1500
G1 X101.161 Y88.232 Z0.500 E0.02767 F1500
G1 X101.238 Y88.819 Z0.500 E0.02767 F1500
G1 X101.285 Y89.409 Z0.500 E0.02767 F1500
G1 X101.300 Y90.000 Z0.500 E0.02767 F1500
G1 E-0.800 F2400
G0 X101.300 Y90.000 Z1.500 F1200
G0 X101.750 Y90.000 Z1.500 F4800
G0 X101.750 Y90.000 Z0.500 F1200
G1 E0.800 F1800
G1 X101.734 Y90.615 Z0.500 E0.02877 F1500
G1 X101.686 Y91.228 Z0.500 E0.02877 F1500
G1 X101.605 Y91.838 Z0.500 E0.02877 F1500
G1 X101.493 Y92.443 Z0.500 E0.02877 F1500
G1 X101.350 Y93.041 Z0.500 E0.02877 F1500
G1 X101.175 Y93.631 Z0.500 E0.02877 F1500
G1 X100.970 Y94.211 Z0.500 E0.02877 F1500
G1 X100.734 Y94.779 Z0.500 E0.02877 F1500
G1 X100.469 Y95.334 Z0.500 E0.02877 F1500
G1 X100.176 Y95.875 Z0.500 E0.02877 F1500
G1 X99.854 Y96.400 Z0.500 E0.02877 F1500
G1 X99.506 Y96.906 Z0.500 E0.02877 F1500
G1 X99.131 Y97.395 Z0.500 E0.02877 F1500
G1 X98.732 Y97.862 Z0.500 E0.02877 F1500
G1 X98.309 Y98.309 Z0.500 E0.02877 F1500
G1 X97.862 Y98.732 Z0.500 E0.02877 F1500
G1 X97.395 Y99.131 Z0.500 E0.02877 F1500
G1 X96.906 Y99.506 Z0.500 E0.02877 F1500
G1 X96.400 Y99.854 Z0.500 E0.02877 F1500
G1 X95.875 Y100.176 Z0.500 E0.02877 F1500
G1 X95.334 Y100.469 Z0.500 E0.02877 F1500
G1 X94.779 Y100.734 Z0.500 E0.02877 F1500
G1 X94.211 Y100.970 Z0.500 E0.02877 F1500
G1 X93.631 Y101.175 Z0.500 E0.02877 F1500
G1 X93.041 Y101.350 Z0.500 E0.02877 F1500
G1 X92.443 Y101.493 Z0.500 E0.02877 F1500
G1 X91.838 Y101.605 Z0.500 E0.02877 F1500
G1 X91.228 Y101.686 Z0.500 E0.02877 F1500
G1 X90.615 Y101.734 Z0.500 E0.02877 F1500
G1 X90.000 Y101.750 Z0.500 E0.02877 F1500
G1 X89.385 Y101.734 Z0.500 E0.02877 F1500
G1 X88.772 Y101.686 Z0.500 E0.02877 F1500
G1 X88.162 Y101.605 Z0.500 E0.02877 F1500
G1 X87.557 Y101.493 Z0.500 E0.02877 F1500
G1 X86.959 Y101.350 Z0.500 E0.02877 F1500
G1 X86.369 Y101.175 Z0.500 E0.02877 F1500
G1 X85.789 Y100.970 Z0.500 E0.02877 F1500
G1 X85.221 Y100.734 Z0.500 E0.02877 F1500
G1 X84.666 Y100.469 Z0.500 E0.02877 F1500
G1 X84.125 Y100.176 Z0.500 E0.02877 F1500
G1 X83.600 Y99.854 Z0.500 E0.02877 F1500
G1 X83.094 Y99.506 Z0.500 E0.02877 F1500
G1 X82.605 Y99.131 Z0.500 E0.02877 F1500
G1 X82.138 Y98.732 Z0.500 E0.02877 F1500
G1 X81.691 Y98.309 Z0.500 E0.02877 F1500
G1 X81.268 Y97.862 Z0.500 E0.02877 F1500
G1 X80.869 Y97.395 Z0.500 E0.02877 F1500
G1 X80.494 Y96.906 Z0.500 E0.02877 F1500
G1 X80.146 Y96.400 Z0.500 E0.02877 F1500
G1 X79.824 Y95.875 Z0.500 E0.02877 F1500
G1 X79.531 Y95.334 Z0.500 E0.02877 F1500
G1 X79.266 Y94.779 Z0.500 E0.02877 F1500
G1 X79.030 Y94.211 Z0.500 E0.02877 F1500
G1 X78.825 Y93.631 Z0.500 E0.02877 F1500
G1 X78.650 Y93.041 Z0.500 E0.02877 F1500
G1 X78.507 Y92.443 Z0.500 E0.02877 F1500
G1 X78.395 Y91.838 Z0.500 E0.02877 F1500
G1 X78.314 Y91.228 Z0.500 E0.02877 F1500
G1 X78.266 Y90.615 Z0.500 E0.02877 F1500
G1 X78.250 Y90.000 Z0.500 E0.02877 F1500
G1 X78.266 Y89.385 Z0.500 E0.02877 F1500
G1 X78.314 Y88.772 Z0.500 E0.02877 F1500
G1 X78.395 Y88.162 Z0.500 E0.02877 F1500
G1 X78.507 Y87.557 Z0.500 E0.02877 F1500
G1 X78.650 Y86.959 Z0.500 E0.02877 F1500
G1 X78.825 Y86.369 Z0.500 E0.02877 F1500
G1 X79.030 Y85.789 Z0.500 E0.02877 F1500
G1 X79.266 Y85.221 Z0.500 E0.02877 F1500
G1 X79.531 Y84.666 Z0.500 E0.02877 F1500
G1 X79.824 Y84.125 Z0.500 E0.02877 F1500
G1 X80.146 Y83.600 Z0.500 E0.02877 F1500
G1 X80.494 Y83.094 Z0.500 E0.02877 F1500
G1 X80.869 Y82.605 Z0.500 E0.02877 F1500
G1 X81.268 Y82.138 Z0.500 E0.02877 F1500
G1 X81.691 Y81.691 Z0.500 E0.02877 F1500
G1 X82.138 Y81.268 Z0.500 E0.02877 F1500
G1 X82.605 Y80.869 Z0.500 E0.02877 F1500
G1 X83.094 Y80.494 Z0.500 E0.02877 F1500
G1 X83.600 Y80.146 Z0.500 E0.02877 F1500
G1 X84.125 Y79.824 Z0.500 E0.02877 F1500
G1 X84.666 Y79.531 Z0.500 E0.02877 F1500
G1 X85.221 Y79.266 Z0.500 E0.02877 F1500
G1 X85.789 Y79.030 Z0.500 E0.02877 F1500
G1 X86.369 Y78.825 Z0.500 E0.02877 F1500
G1 X86.959 Y78.650 Z0.500 E0.02877 F1500
G1 X87.557 Y78.507 Z0.500 E0.02877 F1500
G1 X88.162 Y78.395 Z0.500 E0.02877 F1500
G1 X88.772 Y78.314 Z0.500 E0.02877 F1500
G1 X89.385 Y78.266 Z0.500 E0.02877 F1500
G1 X90.000 Y78.250 Z0.500 E0.02877 F1500
G1 X90.615 Y78.266 Z0.500 E0.02877 F1500
G1 X91.228 Y78.314 Z0.500 E0.02877 F1500
G1 X91.838 Y78.395 Z0.500 E0.02877 F1500
G1 X92.443 Y78.507 Z0.500 E0.02877 F1500
G1 X93.041 Y78.650 Z0.500 E0.02877 F1500
G1 X93.631 Y78.825 Z0.500 E0.02877 F1500
G1 X94.211 Y79.030 Z0.500 E0.02877 F1500
G1 X94.779 Y79.266 Z0.500 E0.02877 F1500
G1 X95.334 Y79.531 Z0.500 E0.02877 F1500
G1 X95.875 Y79.824 Z0.500 E0.02877 F1500
G1 X96.400 Y80.146 Z0.500 E0.02877 F1500
G1 X96.906 Y80.494 Z0.500 E0.02877 F1500
G1 X97.395 Y80.869 Z0.500 E0.02877 F1500
G1 X97.862 Y81.268 Z0.500 E0.02877 F1500
G1 X98.309 Y81.691 Z0.500 E0.02877 F1500
G1 X98.732 Y82.138 Z0.500 E0.02877 F1500
G1 X99.131 Y82.605 Z0.500 E0.02877 F1500
G1 X99.506 Y83.094 Z0.500 E0.02877 F1500
G1 X99.854 Y83.600 Z0.500 E0.02877 F1500
G1 X100.176 Y84.125 Z0.500 E0.02877 F1500
G1 X100.469 Y84.666 Z0.500 E0.02877 F1500
G1 X100.734 Y85.221 Z0.500 E0.02877 F1500
G1 X100.970 Y85.789 Z0.500 E0.02877 F1500
G1 X101.175 Y86.369 Z0.500 E0.02877 F1500
G1 X101.350 Y86.959 Z0.500 E0.02877 F1500
G1 X101.493 Y87.557 Z0.500 E0.02877 F1500
G1 X101.605 Y88.162 Z0.500 E0.02877 F1500
G1 X101.686 Y88.772 Z0.500 E0.02877 F1500
G1 X101.734 Y89.385 Z0.500 E0.02877 F1500
G1 X101.750 Y90.000 Z0.500 E0.02877 F1500
G1 E-0.800 F2400
G0 X101.750 Y90.000 Z1.500 F1200
G0 X102.200 Y90.000 Z1.500 F4800
G0 X102.200 Y90.000 Z0.500 F1200
G1 E0.800 F1800
G1 X102.183 Y90.638 Z0.500 E0.02987 F1500
G1 X102.133 Y91.275 Z0.500 E0.02987 F1500
G1 X102.050 Y91.909 Z0.500 E0.02987 F1500
G1 X101.933 Y92.537 Z0.500 E0.02987 F1500
G1 X101.784 Y93.158 Z0.500 E0.02987 F1500
G1 X101.603 Y93.770 Z0.500 E0.02987 F1500
G1 X101.390 Y94.372 Z0.500 E0.02987 F1500
G1 X101.145 Y94.962 Z0.500 E0.02987 F1500
G1 X100.870 Y95.539 Z0.500 E0.02987 F1500
G1 X100.566 Y96.100 Z0.500 E0.02987 F1500
G1 X100.232 Y96.645 Z0.500 E0.02987 F1500
G1 X99.870 Y97.171 Z0.500 E0.02987 F1500
G1 X99.481 Y97.678 Z0.500 E0.02987 F1500
G1 X99.066 Y98.163 Z0.500 E0.02987 F1500
G1 X98.627 Y98.627 Z0.500 E0.02987 F1500
G1 X98.163 Y99.066 Z0.500 E0.02987 F1500
G1 X97.678 Y99.481 Z0.500 E0.02987 F1500
G1 X97.171 Y99.870 Z0.500 E0.02987 F1500
G1 X96.645 Y100.232 Z0.500 E0.02987 F1500
G1 X96.100 Y100.566 Z0.500 E0.02987 F1500
G1 X95.539 Y100.870 Z0.500 E0.02987 F1500
G1 X94.962 Y101.145 Z0.500 E0.02987 F1500
G1 X94.372 Y101.390 Z0.500 E0.02987 F1500
G1 X93.770 Y101.603 Z0.500 E0.02987 F1500
G1 X93.158 Y101.784 Z0.500 E0.02987 F1500
G1 X92.537 Y101.933 Z0.500 E0.02987 F1500
G1 X91.909 Y102.050 Z0.500 E0.02987 F1500
G1 X91.275 Y102.133 Z0.500 E0.02987 F1500
G1 X90.638 Y102.183 Z0.500 E0.02987 F1500
G1 X90.000 Y102.200 Z0.500 E0.02987 F1500
G1 X89.362 Y102.183 Z0.500 E0.02987 F1500
G1 X88.725 Y102.133 Z0.500 E0.02987 F1500
G1 X88.091 Y102.050 Z0.500 E0.02987 F1500
G1 X87.463 Y101.933 Z0.500 E0.02987 F1500
G1 X86.842 Y101.784 Z0.500 E0.02987 F1500
G1 X86.230 Y101.603 Z0.500 E0.02987 F1500
G1 X85.628 Y101.390 Z0.500 E0.02987 F1500
G1 X85.038 Y101.145 Z0.500 E0.02987 F1500
G1 X84.461 Y100.870 Z0.500 E0.02987 F1500
G1 X83.900 Y100.566 Z0.500 E0.02987 F1500
G1 X83.355 Y100.232 Z0.500 E0.02987 F1500
G1 X82.829 Y99.870 Z0.500 E0.02987 F1500
G1 X82.322 Y99.481 Z0.500 E0.02987 F1500
G1 X81.837 Y99.066 Z0.500 E0.02987 F1500
G1 X81.373 Y98.627 Z0.500 E0.02987 F1500
G1 X80.934 Y98.163 Z0.500 E0.02987 F1500
G1 X80.519 Y97.678 Z0.500 E0.02987 F1500
G1 X80.130 Y97.171 Z0.500 E0.02987 F1500
G1 X79.768 Y96.645 Z0.500 E0.02987 F1500
G1 X79.434 Y96.100 Z0.500 E0.02987 F1500
G1 X79.130 Y95.539 Z0.500 E0.02987 F1500
G1 X78.855 Y94.962 Z0.500 E0.02987 F1500
G1 X78.610 Y94.372 Z0.500 E0.02987 F1500
G1 X78.397 Y93.770 Z0.500 E0.02987 F1500
G1 X78.216 Y93.158 Z0.500 E0.02987 F1500
G1 X78.067 Y92.537 Z0.500 E0.02987 F1500
G1 X77.950 Y91.909 Z0.500 E0.02987 F1500
G1 X77.867 Y91.275 Z0.500 E0.02987 F1500
G1 X77.817 Y90.638 Z0.500 E0.02987 F1500
G1 X77.800 Y90.000 Z0.500 E0.02987 F1500
G1 X77.817 Y89.362 Z0.500 E0.02987 F1500
G1 X77.867 Y88.725 Z0.500 E0.02987 F1500
G1 X77.950 Y88.091 Z0.500 E0.02987 F1500
G1 X78.067 Y87.463 Z0.500 E0.02987 F1500
G1 X78.216 Y86.842 Z0.500 E0.02987 F1500
G1 X78.397 Y86.230 Z0.500 E0.02987 F1500
G1 X78.610 Y85.628 Z0.500 E0.02987 F1500
G1 X78.855 Y85.038 Z0.500 E0.02987 F1500
G1 X79.130 Y84.461 Z0.500 E0.02987 F1500
G1 X79.434 Y83.900 Z0.500 E0.02987 F1500
G1 X79.768 Y83.355 Z0.500 E0.02987 F1500
G1 X80.130 Y82.829 Z0.500 E0.02987 F1500
G1 X80.519 Y82.322 Z0.500 E0.02987 F1500
G1 X80.934 Y81.837 Z0.500 E0.02987 F1500
G1 X81.373 Y81.373 Z0.500 E0.02987 F1500
G1 X81.837 Y80.934 Z0.500 E0.02987 F1500
G1 X82.322 Y80.519 Z0.500 E0.02987 F1500
G1 X82.829 Y80.130 Z0.500 E0.02987 F1500
G1 X83.355 Y79.768 Z0.500 E0.02987 F1500
G1 X83.900 Y79.434 Z0.500 E0.02987 F1500
G1 X84.461 Y79.130 Z0.500 E0.02987 F1500
G1 X85.038 Y78.855 Z0.500 E0.02987 F1500
G1 X85.628 Y78.610 Z0.500 E0.02987 F1500
G1 X86.230 Y78.397 Z0.500 E0.02987 F1500
G1 X86.842 Y78.216 Z0.500 E0.02987 F1500
G1 X87.463 Y78.067 Z0.500 E0.02987 F1500
G1 X88.091 Y77.950 Z0.500 E0.02987 F1500
G1 X88.725 Y77.867 Z0.500 E0.02987 F1500
G1 X89.362 Y77.817 Z0.500 E0.02987 F1500
G1 X90.000 Y77.800 Z0.500 E0.02987 F1500
G1 X90.638 Y77.817 Z0.500 E0.02987 F1500
G1 X91.275 Y77.867 Z0.500 E0.02987 F1500
G1 X91.909 Y77.950 Z0.500 E0.02987 F1500
G1 X92.537 Y78.067 Z0.500 E0.02987 F1500
G1 X93.158 Y78.216 Z0.500 E0.02987 F1500
G1 X93.770 Y78.397 Z0.500 E0.02987 F1500
G1 X94.372 Y78.610 Z0.500 E0.02987 F1500
G1 X94.962 Y78.855 Z0.500 E0.02987 F1500
G1 X95.539 Y79.130 Z0.500 E0.02987 F1500
G1 X96.100 Y79.434 Z0.500 E0.02987 F1500
G1 X96.645 Y79.768 Z0.500 E0.02987 F1500
G1 X97.171 Y80.130 Z0.500 E0.02987 F1500
G1 X97.678 Y80.519 Z0.500 E0.02987 F1500
G1 X98.163 Y80.934 Z0.500 E0.02987 F1500
G1 X98.627 Y81.373 Z0.500 E0.02987 F1500
G1 X99.066 Y81.837 Z0.500 E0.02987 F1500
G1 X99.481 Y82.322 Z0.500 E0.02987 F1500
G1 X99.870 Y82.829 Z0.500 E0.02987 F1500
G1 X100.232 Y83.355 Z0.500 E0.02987 F1500
G1 X100.566 Y83.900 Z0.500 E0.02987 F1500
G1 X100.870 Y84.461 Z0.500 E0.02987 F1500
G1 X101.145 Y85.038 Z0.500 E0.02987 F1500
G1 X101.390 Y85.628 Z0.500 E0.02987 F1500
G1 X101.603 Y86.230 Z0.500 E0.02987 F1500
G1 X101.784 Y86.842 Z0.500 E0.02987 F1500
G1 X101.933 Y87.463 Z0.500 E0.02987 F1500
G1 X102.050 Y88.091 Z0.500 E0.02987 F1500
G1 X102.133 Y88.725 Z0.500 E0.02987 F1500
G1 X102.183 Y89.362 Z0.500 E0.02987 F1500
G1 X102.200 Y90.000 Z0.500 E0.02987 F1500
G1 E-0.800 F2400
G0 X102.200 Y90.000 Z1.500 F1200
G0 X102.650 Y90.000 Z1.500 F4800
G0 X102.650 Y90.000 Z0.500 F1200
G1 E0.800 F1800
G1 X102.633 Y90.662 Z0.500 E0.03098 F1500
G1 X102.581 Y91.322 Z0.500 E0.03098 F1500
G1 X102.494 Y91.979 Z0.500 E0.03098 F1500
G1 X102.374 Y92.630 Z0.500 E0.03098 F1500
G1 X102.219 Y93.274 Z0.500 E0.03098 F1500
G1 X102.031 Y93.909 Z0.500 E0.03098 F1500
G1 X101.810 Y94.533 Z0.500 E0.03098 F1500
G1 X101.556 Y95.145 Z0.500 E0.03098 F1500
G1 X101.271 Y95.743 Z0.500 E0.03098 F1500
G1 X100.955 Y96.325 Z0.500 E0.03098 F1500
G1 X100.609 Y96.890 Z0.500 E0.03098 F1500
G1 X100.234 Y97.435 Z0.500 E0.03098 F1500
G1 X99.831 Y97.961 Z0.500 E0.03098 F1500
G1 X99.401 Y98.465 Z0.500 E0.03098 F1500
G1 X98.945 Y98.945 Z0.500 E0.03098 F1500
G1 X98.465 Y99.401 Z0.500 E0.03098 F1500
G1 X97.961 Y99.831 Z0.500 E0.03098 F1500
G1 X97.435 Y100.234 Z0.500 E0.03098 F1500
G1 X96.890 Y100.609 Z0.500 E0.03098 F1500
G1 X96.325 Y100.955 Z0.500 E0.03098 F1500
G1 X95.743 Y101.271 Z0.500 E0.03098 F1500
G1 X95.145 Y101.556 Z0.500 E0.03098 F1500
G1 X94.533 Y101.810 Z0.500 E0.03098 F1500
G1 X93.909 Y102.031 Z0.500 E0.03098 F1500
G1 X93.274 Y102.219 Z0.500 E0.03098 F1500
G1 X92.630 Y102.374 Z0.500 E0.03098 F1500
G1 X91.979 Y102.494 Z0.500 E0.03098 F1500
G1 X91.322 Y102.581 Z0.500 E0.03098 F1500
G1 X90.662 Y102.633 Z0.500 E0.03098 F1500
G1 X90.000 Y102.650 Z0.500 E0.03098 F1500
G1 X89.338 Y102.633 Z0.500 E0.03098 F1500
G1 X88.678 Y102.581 Z0.500 E0.03098 F1500
G1 X88.021 Y102.494 Z0.500 E0.03098 F1500
G1 X87.370 Y102.374 Z0.500 E0.03098 F1500
G1 X86.726 Y102.219 Z0.500 E0.03098 F1500
G1 X86.091 Y102.031 Z0.500 E0.03098 F1500
G1 X85.467 Y101.810 Z0.500 E0.03098 F1500
G1 X84.855 Y101.556 Z0.500 E0.03098 F1500
G1 X84.257 Y101.271 Z0.500 E0.03098 F1500
G1 X83.675 Y100.955 Z0.500 E0.03098 F1500
G1 X83.110 Y100.609 Z0.500 E0.03098 F1500
G1 X82.565 Y100.234 Z0.500 E0.03098 F1500
G1 X82.039 Y99.831 Z0.500 E0.03098 F1500
G1 X81.535 Y99.401 Z0.500 E0.03098 F1500
G1 X81.055 Y98.945 Z0.500 E0.03098 F1500
G1 X80.599 Y98.465 Z0.500 E0.03098 F1500
G1 X80.169 Y97.961 Z0.500 E0.03098 F1500
G1 X79.766 Y97.435 Z0.500 E0.03098 F1500
G1 X79.391 Y96.890 Z0.500 E0.03098 F1500
G1 X79.045 Y96.325 Z0.500 E0.03098 F1500
G1 X78.729 Y95.743 Z0.500 E0.03098 F1500
G1 X78.444 Y95.145 Z0.500 E0.03098 F1500
G1 X78.190 Y94.533 Z0.500 E0.03098 F1500
G1 X77.969 Y93.909 Z0.500 E0.03098 F1500
G1 X77.781 Y93.274 Z0.500 E0.03098 F1500
G1 X77.626 Y92.630 Z0.500 E0.03098 F1500
G1 X77.506 Y91.979 Z0.500 E0.03098 F1500
G1 X77.419 Y91.322 Z0.500 E0.03098 F1500
G1 X77.367 Y90.662 Z0.500 E0.03098 F1500
G1 X77.350 Y90.000 Z0.500 E0.03098 F1500
G1 X77.367 Y89.338 Z0.500 E0.03098 F1500
G1 X77.419 Y88.678 Z0.500 E0.03098 F1500
G1 X77.506 Y88.021 Z0.500 E0.03098 F1500
G1 X77.626 Y87.370 Z0.500 E0.03098 F1500
G1 X77.781 Y86.726 Z0.500 E0.03098 F1500
G1 X77.969 Y86.091 Z0.500 E0.03098 F1500
G1 X78.190 Y85.467 Z0.500 E0.03098 F1500
G1 X78.444 Y84.855 Z0.500 E0.03098 F1500
G1 X78.729 Y84.257 Z0.500 E0.03098 F1500
G1 X79.045 Y83.675 Z0.500 E0.03098 F1500
G1 X79.391 Y83.110 Z0.500 E0.03098 F1500
G1 X79.766 Y82.565 Z0.500 E0.03098 F1500
G1 X80.169 Y82.039 Z0.500 E0.03098 F1500
G1 X80.599 Y81.535 Z0.500 E0.03098 F1500
G1 X81.055 Y81.055 Z0.500 E0.03098 F1500
G1 X81.535 Y80.599 Z0.500 E0.03098 F1500
G1 X82.039 Y80.169 Z0.500 E0.03098 F1500
G1 X82.565 Y79.766 Z0.500 E0.03098 F1500
G1 X83.110 Y79.391 Z0.500 E0.03098 F1500
G1 X83.675 Y79.045 Z0.500 E0.03098 F1500
G1 X84.257 Y78.729 Z0.500 E0.03098 F1500
G1 X84.855 Y78.444 Z0.500 E0.03098 F1500
G1 X85.467 Y78.190 Z0.500 E0.03098 F1500
G1 X86.091 Y77.969 Z0.500 E0.03098 F1500
G1 X86.726 Y77.781 Z0.500 E0.03098 F1500
G1 X87.370 Y77.626 Z0.500 E0.03098 F1500
G1 X88.021 Y77.506 Z0.500 E0.03098 F1500
G1 X88.678 Y77.419 Z0.500 E0.03098 F1500
G1 X89.338 Y77.367 Z0.500 E0.03098 F1500
G1 X90.000 Y77.350 Z0.500 E0.03098 F1500
G1 X90.662 Y77.367 Z0.500 E0.03098 F1500
G1 X91.322 Y77.419 Z0.500 E0.03098 F1500
G1 X91.979 Y77.506 Z0.500 E0.03098 F1500
G1 X92.630 Y77.626 Z0.500 E0.03098 F1500
G1 X93.274 Y77.781 Z0.500 E0.03098 F1500
G1 X93.909 Y77.969 Z0.500 E0.03098 F1500
G1 X94.533 Y78.190 Z0.500 E0.03098 F1500
G1 X95.145 Y78.444 Z0.500 E0.03098 F1500
G1 X95.743 Y78.729 Z0.500 E0.03098 F1500
G1 X96.325 Y79.045 Z0.500 E0.03098 F1500
G1 X96.890 Y79.391 Z0.500 E0.03098 F1500
G1 X97.435 Y79.766 Z0.500 E0.03098 F1500
G1 X97.961 Y80.169 Z0.500 E0.03098 F1500
G1 X98.465 Y80.599 Z0.500 E0.03098 F1500
G1 X98.945 Y81.055 Z0.500 E0.03098 F1500
G1 X99.401 Y81.535 Z0.500 E0.03098 F1500
G1 X99.831 Y82.039 Z0.500 E0.03098 F1500
G1 X100.234 Y82.565 Z0.500 E0.03098 F1500
G1 X100.609 Y83.110 Z0.500 E0.03098 F1500
G1 X100.955 Y83.675 Z0.500 E0.03098 F1500
G1 X101.271 Y84.257 Z0.500 E0.03098 F1500
G1 X101.556 Y84.855 Z0.500 E0.03098 F1500
G1 X101.810 Y85.467 Z0.500 E0.03098 F1500
G1 X102.031 Y86.091 Z0.500 E0.03098 F1500
G1 X102.219 Y86.726 Z0.500 E0.03098 F1500
G1 X102.374 Y87.370 Z0.500 E0.03098 F1500
G1 X102.494 Y88.021 Z0.500 E0.03098 F1500
G1 X102.581 Y88.678 Z0.500 E0.03098 F1500
G1 X102.633 Y89.338 Z0.500 E0.03098 F1500
G1 X102.650 Y90.000 Z0.500 E0.03098 F1500
G1 E-0.800 F2400
G0 X102.650 Y90.000 Z1.500 F1200
G0 X103.100 Y90.000 Z1.500 F4800
G0 X103.100 Y90.000 Z0.500 F1200
G1 E0.800 F1800
G1 X103.082 Y90.686 Z0.500 E0.03208 F1500
G1 X103.028 Y91.369 Z0.500 E0.03208 F1500
G1 X102.939 Y92.049 Z0.500 E0.03208 F1500
G1 X102.814 Y92.724 Z0.500 E0.03208 F1500
G1 X102.654 Y93.391 Z0.500 E0.03208 F1500
G1 X102.459 Y94.048 Z0.500 E0.03208 F1500
G1 X102.230 Y94.695 Z0.500 E0.03208 F1500
G1 X101.967 Y95.328 Z0.500 E0.03208 F1500
G1 X101.672 Y95.947 Z0.500 E0.03208 F1500
G1 X101.345 Y96.550 Z0.500 E0.03208 F1500
G1 X100.987 Y97.135 Z0.500 E0.03208 F1500
G1 X100.598 Y97.700 Z0.500 E0.03208 F1500
G1 X100.181 Y98.244 Z0.500 E0.03208 F1500
G1 X99.735 Y98.766 Z0.500 E0.03208 F1500
G1 X99.263 Y99.263 Z0.500 E0.03208 F1500
G1 X98.766 Y99.735 Z0.500 E0.03208 F1500
G1 X98.244 Y100.181 Z0.500 E0.03208 F1500
G1 X97.700 Y100.598 Z0.500 E0.03208 F1500
G1 X97.135 Y100.987 Z0.500 E0.03208 F1500
G1 X96.550 Y101.345 Z0.500 E0.03208 F1500
G1 X95.947 Y101.672 Z0.500 E0.03208 F1500
G1 X95.328 Y101.967 Z0.500 E0.03208 F1500
G1 X94.695 Y102.230 Z0.500 E0.03208 F1500
G1 X94.048 Y102.459 Z0.500 E0.03208 F1500
G1 X93.391 Y102.654 Z0.500 E0.03208 F1500
G1 X92.724 Y102.814 Z0.500 E0.03208 F1500
G1 X92.049 Y102.939 Z0.500 E0.03208 F1500
G1 X91.369 Y103.028 Z0.500 E0.03208 F1500
G1 X90.686 Y103.082 Z0.500 E0.03208 F1500
G1 X90.000 Y103.100 Z0.500 E0.03208 F1500
G1 X89.314 Y103.082 Z0.500 E0.03208 F1500
G1 X88.631 Y103.028 Z0.500 E0.03208 F1500
G1 X87.951 Y102.939 Z0.500 E0.03208 F1500
G1 X87.276 Y102.814 Z0.500 E0.03208 F1500
G1 X86.609 Y102.654 Z0.500 E0.03208 F1500
G1 X85.952 Y102.459 Z0.500 E0.03208 F1500
G1 X85.305 Y102.230 Z0.500 E0.03208 F1500
G1 X84.672 Y101.967 Z0.500 E0.03208 F1500
G1 X84.053 Y101.672 Z0.500 E0.03208 F1500
G1 X83.450 Y101.345 Z0.500 E0.03208 F1500
G1 X82.865 Y100.987 Z0.500 E0.03208 F1500
G1 X82.300 Y100.598 Z0.500 E0.03208 F1500
G1 X81.756 Y100.181 Z0.500 E0.03208 F1500
G1 X81.234 Y99.735 Z0.500 E0.03208 F1500
G1 X80.737 Y99.263 Z0.500 E0.03208 F1500
G1 X80.265 Y98.766 Z0.500 E0.03208 F1500
G1 X79.819 Y98.244 Z0.500 E0.03208 F1500
G1 X79.402 Y97.700 Z0.500 E0.03208 F1500
G1 X79.013 Y97.135 Z0.500 E0.03208 F1500
G1 X78.655 Y96.550 Z0.500 E0.03208 F1500
G1 X78.328 Y95.947 Z0.500 E0.03208 F1500
G1 X78.033 Y95.328 Z0.500 E0.03208 F1500
G1 X77.770 Y94.695 Z0.500 E0.03208 F1500
G1 X77.541 Y94.048 Z0.500 E0.03208 F1500
G1 X77.346 Y93.391 Z0.500 E0.03208 F1500
G1 X77.186 Y92.724 Z0.500 E0.03208 F1500
G1 X77.061 Y92.049 Z0.500 E0.03208 F1500
G1 X76.972 Y91.369 Z0.500 E0.03208 F1500
G1 X76.918 Y90.686 Z0.500 E0.03208 F1500
G1 X76.900 Y90.000 Z0.500 E0.03208 F1500
G1 X76.918 Y89.314 Z0.500 E0.03208 F1500
G1 X76.972 Y88.631 Z0.500 E0.03208 F1500
G1 X77.061 Y87.951 Z0.500 E0.03208 F1500
G1 X77.186 Y87.276 Z0.500 E0.03208 F1500
G1 X77.346 Y86.609 Z0.500 E0.03208 F1500
G1 X77.541 Y85.952 Z0.500 E0.03208 F1500
G1 X77.770 Y85.305 Z0.500 E0.03208 F1500
G1 X78.033 Y84.672 Z0.500 E0.03208 F1500
G1 X78.328 Y84.053 Z0.500 E0.03208 F1500
G1 X78.655 Y83.450 Z0.500 E0.03208 F1500
G1 X79.013 Y82.865 Z0.500 E0.03208 F1500
G1 X79.402 Y82.300 Z0.500 E0.03208 F1500
G1 X79.819 Y81.756 Z0.500 E0.03208 F1500
G1 X80.265 Y81.234 Z0.500 E0.03208 F1500
G1 X80.737 Y80.737 Z0.500 E0.03208 F1500
G1 X81.234 Y80.265 Z0.500 E0.03208 F1500
G1 X81.756 Y79.819 Z0.500 E0.03208 F1500
G1 X82.300 Y79.402 Z0.500 E0.03208 F1500
G1 X82.865 Y79.013 Z0.500 E0.03208 F1500
G1 X83.450 Y78.655 Z0.500 E0.03208 F1500
G1 X84.053 Y78.328 Z0.500 E0.03208 F1500
G1 X84.672 Y78.033 Z0.500 E0.03208 F1500
G1 X85.305 Y77.770 Z0.500 E0.03208 F1500
G1 X85.952 Y77.541 Z0.500 E0.03208 F1500
G1 X86.609 Y77.346 Z0.500 E0.03208 F1500
G1 X87.276 Y77.186 Z0.500 E0.03208 F1500
G1 X87.951 Y77.061 Z0.500 E0.03208 F1500
G1 X88.631 Y76.972 Z0.500 E0.03208 F1500
G1 X89.314 Y76.918 Z0.500 E0.03208 F1500
G1 X90.000 Y76.900 Z0.500 E0.03208 F1500
G1 X90.686 Y76.918 Z0.500 E0.03208 F1500
G1 X91.369 Y76.972 Z0.500 E0.03208 F1500
G1 X92.049 Y77.061 Z0.500 E0.03208 F1500
G1 X92.724 Y77.186 Z0.500 E0.03208 F1500
G1 X93.391 Y77.346 Z0.500 E0.03208 F1500
G1 X94.048 Y77.541 Z0.500 E0.03208 F1500
G1 X94.695 Y77.770 Z0.500 E0.03208 F1500
G1 X95.328 Y78.033 Z0.500 E0.03208 F1500
G1 X95.947 Y78.328 Z0.500 E0.03208 F1500
G1 X96.550 Y78.655 Z0.500 E0.03208 F1500
G1 X97.135 Y79.013 Z0.500 E0.03208 F1500
G1 X97.700 Y79.402 Z0.500 E0.03208 F1500
G1 X98.244 Y79.819 Z0.500 E0.03208 F1500
G1 X98.766 Y80.265 Z0.500 E0.03208 F1500
G1 X99.263 Y80.737 Z0.500 E0.03208 F1500
G1 X99.735 Y81.234 Z0.500 E0.03208 F1500
G1 X100.181 Y81.756 Z0.500 E0.03208 F1500
G1 X100.598 Y82.300 Z0.500 E0.03208 F1500
G1 X100.987 Y82.865 Z0.500 E0.03208 F1500
G1 X101.345 Y83.450 Z0.500 E0.03208 F1500
G1 X101.672 Y84.053 Z0.500 E0.03208 F1500
G1 X101.967 Y84.672 Z0.500 E0.03208 F1500
G1 X102.230 Y85.305 Z0.500 E0.03208 F1500
G1 X102.459 Y85.952 Z0.500 E0.03208 F1500
G1 X102.654 Y86.609 Z0.500 E0.03208 F1500
G1 X102.814 Y87.276 Z0.500 E0.03208 F1500
G1 X102.939 Y87.951 Z0.500 E0.03208 F1500
G1 X103.028 Y88.631 Z0.500 E0.03208 F1500
G1 X103.082 Y89.314 Z0.500 E0.03208 F1500
G1 X103.100 Y90.000 Z0.500 E0.03208 F1500
G1 E-0.800 F2400
G0 X103.100 Y90.000 Z1.500 F1200
G0 X103.550 Y90.000 Z1.500 F4800
G0 X103.550 Y90.000 Z0.500 F1200
G1 E0.800 F1800
G1 X103.531 Y90.709 Z0.500 E0.03318 F1500
G1 X103.476 Y91.416 Z0.500 E0.03318 F1500
G1 X103.383 Y92.120 Z0.500 E0.03318 F1500
G1 X103.254 Y92.817 Z0.500 E0.03318 F1500
G1 X103.088 Y93.507 Z0.500 E0.03318 F1500
G1 X102.887 Y94.187 Z0.500 E0.03318 F1500
G1 X102.650 Y94.856 Z0.500 E0.03318 F1500
G1 X102.379 Y95.511 Z0.500 E0.03318 F1500
G1 X102.073 Y96.152 Z0.500 E0.03318 F1500
G1 X101.735 Y96.775 Z0.500 E0.03318 F1500
G1 X101.364 Y97.380 Z0.500 E0.03318 F1500
G1 X100.962 Y97.964 Z0.500 E0.03318 F1500
G1 X100.530 Y98.527 Z0.500 E0.03318 F1500
G1 X100.070 Y99.067 Z0.500 E0.03318 F1500
G1 X99.581 Y99.581 Z0.500 E0.03318 F1500
G1 X99.067 Y100.070 Z0.500 E0.03318 F1500
G1 X98.527 Y100.530 Z0.500 E0.03318 F1500
G1 X97.964 Y100.962 Z0.500 E0.03318 F1500
G1 X97.380 Y101.364 Z0.500 E0.03318 F1500
G1 X96.775 Y101.735 Z0.500 E0.03318 F1500
G1 X96.152 Y102.073 Z0.500 E0.03318 F1500
G1 X95.511 Y102.379 Z0.500 E0.03318 F1500
G1 X94.856 Y102.650 Z0.500 E0.03318 F1500
G1 X94.187 Y102.887 Z0.500 E0.03318 F1500
G1 X93.507 Y103.088 Z0.500 E0.03318 F1500
G1 X92.817 Y103.254 Z0.500 E0.03318 F1500
G1 X92.120 Y103.383 Z0.500 E0.03318 F1500
G1 X91.416 Y103.476 Z0.500 E0.03318 F1500
G1 X90.709 Y103.531 Z0.500 E0.03318 F1500
G1 X90.000 Y103.550 Z0.500 E0.03318 F1500
G1 X89.291 Y103.531 Z0.500 E0.03318 F1500
G1 X88.584 Y103.476 Z0.500 E0.03318 F1500
G1 X87.880 Y103.383 Z0.500 E0.03318 F1500
G1 X87.183 Y103.254 Z0.500 E0.03318 F1500
G1 X86.493 Y103.088 Z0.500 E0.03318 F1500
G1 X85.813 Y102.887 Z0.500 E0.03318 F1500
G1 X85.144 Y102.650 Z0.500 E0.03318 F1500
G1 X84.489 Y102.379 Z0.500 E0.03318 F1500
G1 X83.848 Y102.073 Z0.500 E0.03318 F1500
G1 X83.225 Y101.735 Z0.500 E0.03318 F1500
G1 X82.620 Y101.364 Z0.500 E0.03318 F1500
G1 X82.036 Y100.962 Z0.500 E0.03318 F1500
G1 X81.473 Y100.530 Z0.500 E0.03318 F1500
G1 X80.933 Y100.070 Z0.500 E0.03318 F1500
G1 X80.419 Y99.581 Z0.500 E0.03318 F1500
G1 X79.930 Y99.067 Z0.500 E0.03318 F1500
G1 X79.470 Y98.527 Z0.500 E0.03318 F1500
G1 X79.038 Y97.964 Z0.500 E0.03318 F1500
G1 X78.636 Y97.380 Z0.500 E0.03318 F1500
G1 X78.265 Y96.775 Z0.500 E0.03318 F1500
G1 X77.927 Y96.152 Z0.500 E0.03318 F1500
G1 X77.621 Y95.511 Z0.500 E0.03318 F1500
G1 X77.350 Y94.856 Z0.500 E0.03318 F1500
G1 X77.113 Y94.187 Z0.500 E0.03318 F1500
G1 X76.912 Y93.507 Z0.500 E0.03318 F1500
G1 X76.746 Y92.817 Z0.500 E0.03318 F1500
G1 X76.617 Y92.120 Z0.500 E0.03318 F1500
G1 X76.524 Y91.416 Z0.500 E0.03318 F1500
G1 X76.469 Y90.709 Z0.500 E0.03318 F1500
G1 X76.450 Y90.000 Z0.500 E0.03318 F1500
G1 X76.469 Y89.291 Z0.500 E0.03318 F1500
G1 X76.524 Y88.584 Z0.500 E0.03318 F1500
G1 X76.617 Y87.880 Z0.500 E0.03318 F1500
G1 X76.746 Y87.183 Z0.500 E0.03318 F1500
G1 X76.912 Y86.493 Z0.500 E0.03318 F1500
G1 X77.113 Y85.813 Z0.500 E0.03318 F1500
G1 X77.350 Y85.144 Z0.500 E0.03318 F1500
G1 X77.621 Y84.489 Z0.500 E0.03318 F1500
G1 X77.927 Y83.848 Z0.500 E0.03318 F1500
G1 X78.265 Y83.225 Z0.500 E0.03318 F1500
G1 X78.636 Y82.620 Z0.500 E0.03318 F1500
G1 X79.038 Y82.036 Z0.500 E0.03318 F1500
G1 X79.470 Y81.473 Z0.500 E0.03318 F1500
G1 X79.930 Y80.933 Z0.500 E0.03318 F1500
G1 X80.419 Y80.419 Z0.500 E0.03318 F1500
G1 X80.933 Y79.930 Z0.500 E0.03318 F1500
G1 X81.473 Y79.470 Z0.500 E0.03318 F1500
G1 X82.036 Y79.038 Z0.500 E0.03318 F1500
G1 X82.620 Y78.636 Z0.500 E0.03318 F1500
G1 X83.225 Y78.265 Z0.500 E0.03318 F1500
G1 X83.848 Y77.927 Z0.500 E0.03318 F1500
G1 X84.489 Y77.621 Z0.500 E0.03318 F1500
G1 X85.144 Y77.350 Z0.500 E0.03318 F1500
G1 X85.813 Y77.113 Z0.500 E0.03318 F1500
G1 X86.493 Y76.912 Z0.500 E0.03318 F1500
G1 X87.183 Y76.746 Z0.500 E0.03318 F1500
G1 X87.880 Y76.617 Z0.500 E0.03318 F1500
G1 X88.584 Y76.524 Z0.500 E0.03318 F1500
G1 X89.291 Y76.469 Z0.500 E0.03318 F1500
G1 X90.000 Y76.450 Z0.500 E0.03318 F1500
G1 X90.709 Y76.469 Z0.500 E0.03318 F1500
G1 X91.416 Y76.524 Z0.500 E0.03318 F1500
G1 X92.120 Y76.617 Z0.500 E0.03318 F1500
G1 X92.817 Y76.746 Z0.500 E0.03318 F1500
G1 X93.507 Y76.912 Z0.500 E0.03318 F1500
G1 X94.187 Y77.113 Z0.500 E0.03318 F1500
G1 X94.856 Y77.350 Z0.500 E0.03318 F1500
G1 X95.511 Y77.621 Z0.500 E0.03318 F1500
G1 X96.152 Y77.927 Z0.500 E0.03318 F1500
G1 X96.775 Y78.265 Z0.500 E0.03318 F1500
G1 X97.380 Y78.636 Z0.500 E0.03318 F1500
G1 X97.964 Y79.038 Z0.500 E0.03318 F1500
G1 X98.527 Y79.470 Z0.500 E0.03318 F1500
G1 X99.067 Y79.930 Z0.500 E0.03318 F1500
G1 X99.581 Y80.419 Z0.500 E0.03318 F1500
G1 X100.070 Y80.933 Z0.500 E0.03318 F1500
G1 X100.530 Y81.473 Z0.500 E0.03318 F1500
G1 X100.962 Y82.036 Z0.500 E0.03318 F1500
G1 X101.364 Y82.620 Z0.500 E0.03318 F1500
G1 X101.735 Y83.225 Z0.500 E0.03318 F1500
G1 X102.073 Y83.848 Z0.500 E0.03318 F1500
G1 X102.379 Y84.489 Z0.500 E0.03318 F1500
G1 X102.650 Y85.144 Z0.500 E0.03318 F1500
G1 X102.887 Y85.813 Z0.500 E0.03318 F1500
G1 X103.088 Y86.493 Z0.500 E0.03318 F1500
G1 X103.254 Y87.183 Z0.500 E0.03318 F1500
G1 X103.383 Y87.880 Z0.500 E0.03318 F1500
G1 X103.476 Y88.584 Z0.500 E0.03318 F1500
G1 X103.531 Y89.291 Z0.500 E0.03318 F1500
G1 X103.550 Y90.000 Z0.500 E0.03318 F1500
G1 E-0.800 F2400
G0 X103.550 Y90.000 Z1.500 F1200
G0 X104.000 Y90.000 Z1.500 F4800
G0 X104.000 Y90.000 Z0.500 F1200
G1 E0.800 F1800
G1 X103.981 Y90.733 Z0.500 E0.03428 F1500
G1 X103.923 Y91.463 Z0.500 E0.03428 F1500
G1 X103.828 Y92.190 Z0.500 E0.03428 F1500
G1 X103.694 Y92.911 Z0.500 E0.03428 F1500
G1 X103.523 Y93.623 Z0.500 E0.03428 F1500
G1 X103.315 Y94.326 Z0.500 E0.03428 F1500
G1 X103.070 Y95.017 Z0.500 E0.03428 F1500
G1 X102.790 Y95.694 Z0.500 E0.03428 F1500
G1 X102.474 Y96.356 Z0.500 E0.03428 F1500
G1 X102.124 Y97.000 Z0.500 E0.03428 F1500
G1 X101.741 Y97.625 Z0.500 E0.03428 F1500
G1 X101.326 Y98.229 Z0.500 E0.03428 F1500
G1 X100.880 Y98.810 Z0.500 E0.03428 F1500
G1 X100.404 Y99.368 Z0.500 E0.03428 F1500
G1 X99.899 Y99.899 Z0.500 E0.03428 F1500
G1 X99.368 Y100.404 Z0.500 E0.03428 F1500
G1 X98.810 Y100.880 Z0.500 E0.03428 F1500
G1 X98.229 Y101.326 Z0.500 E0.03428 F1500
G1 X97.625 Y101.741 Z0.500 E0.03428 F1500
G1 X97.000 Y102.124 Z0.500 E0.03428 F1500
G1 X96.356 Y102.474 Z0.500 E0.03428 F1500
G1 X95.694 Y102.790 Z0.500 E0.03428 F1500
G1 X95.017 Y103.070 Z0.500 E0.03428 F1500
G1 X94.326 Y103.315 Z0.500 E0.03428 F1500
G1 X93.623 Y103.523 Z0.500 E0.03428 F1500
G1 X92.911 Y103.694 Z0.500 E0.03428 F1500
G1 X92.190 Y103.828 Z0.500 E0.03428 F1500
G1 X91.463 Y103.923 Z0.500 E0.03428 F1500
G1 X90.733 Y103.981 Z0.500 E0.03428 F1500
G1 X90.000 Y104.000 Z0.500 E0.03428 F1500
G1 X89.267 Y103.981 Z0.500 E0.03428 F1500
G1 X88.537 Y103.923 Z0.500 E0.03428 F1500
G1 X87.810 Y103.828 Z0.500 E0.03428 F1500
G1 X87.089 Y103.694 Z0.500 E0.03428 F1500
G1 X86.377 Y103.523 Z0.500 E0.03428 F1500
G1 X85.674 Y103.315 Z0.500 E0.03428 F1500
G1 X84.983 Y103.070 Z0.500 E0.03428 F1500
G1 X84.306 Y102.790 Z0.500 E0.03428 F1500
G1 X83.644 Y102.474 Z0.500 E0.03428 F1500
G1 X83.000 Y102.124 Z0.500 E0.03428 F1500
G1 X82.375 Y101.741 Z0.500 E0.03428 F1500
G1 X81.771 Y101.326 Z0.500 E0.03428 F1500
G1 X81.190 Y100.880 Z0.500 E0.03428 F1500
G1 X80.632 Y100.404 Z0.500 E0.03428 F1500
G1 X80.101 Y99.899 Z0.500 E0.03428 F1500
G1 X79.596 Y99.368 Z0.500 E0.03428 F1500
G1 X79.120 Y98.810 Z0.500 E0.03428 F1500
G1 X78.674 Y98.229 Z0.500 E0.03428 F1500
G1 X78.259 Y97.625 Z0.500 E0.03428 F1500
G1 X77.876 Y97.000 Z0.500 E0.03428 F1500
G1 X77.526 Y96.356 Z0.500 E0.03428 F1500
G1 X77.210 Y95.694 Z0.500 E0.03428 F1500
G1 X76.930 Y95.017 Z0.500 E0.03428 F1500
G1 X76.685 Y94.326 Z0.500 E0.03428 F1500
G1 X76.477 Y93.623 Z0.500 E0.03428 F1500
G1 X76.306 Y92.911 Z0.500 E0.03428 F1500
G1 X76.172 Y92.190 Z0.500 E0.03428 F1500
G1 X76.077 Y91.463 Z0.500 E0.03428 F1500
G1 X76.019 Y90.733 Z0.500 E0.03428 F1500
G1 X76.000 Y90.000 Z0.500 E0.03428 F1500
G1 X76.019 Y89.267 Z0.500 E0.03428 F1500
G1 X76.077 Y88.537 Z0.500 E0.03428 F1500
G1 X76.172 Y87.810 Z0.500 E0.03428 F1500
G1 X76.306 Y87.089 Z0.500 E0.03428 F1500
G1 X76.477 Y86.377 Z0.500 E0.03428 F1500
G1 X76.685 Y85.674 Z0.500 E0.03428 F1500
G1 X76.930 Y84.983 Z0.500 E0.03428 F1500
G1 X77.210 Y84.306 Z0.500 E0.03428 F1500
G1 X77.526 Y83.644 Z0.500 E0.03428 F1500
G1 X77.876 Y83.000 Z0.500 E0.03428 F1500
G1 X78.259 Y82.375 Z0.500 E0.03428 F1500
G1 X78.674 Y81.771 Z0.500 E0.03428 F1500
G1 X79.120 Y81.190 Z0.500 E0.03428 F1500
G1 X79.596 Y80.632 Z0.500 E0.03428 F1500
G1 X80.101 Y80.101 Z0.500 E0.03428 F1500
G1 X80.632 Y79.596 Z0.500 E0.03428 F1500
G1 X81.190 Y79.120 Z0.500 E0.03428 F1500
G1 X81.771 Y78.674 Z0.500 E0.03428 F1500
G1 X82.375 Y78.259 Z0.500 E0.03428 F1500
G1 X83.000 Y77.876 Z0.500 E0.03428 F1500
G1 X83.644 Y77.526 Z0.500 E0.03428 F1500
G1 X84.306 Y77.210 Z0.500 E0.03428 F1500
G1 X84.983 Y76.930 Z0.500 E0.03428 F1500
G1 X85.674 Y76.685 Z0.500 E0.03428 F1500
G1 X86.377 Y76.477 Z0.500 E0.03428 F1500
G1 X87.089 Y76.306 Z0.500 E0.03428 F1500
G1 X87.810 Y76.172 Z0.500 E0.03428 F1500
G1 X88.537 Y76.077 Z0.500 E0.03428 F1500
G1 X89.267 Y76.019 Z0.500 E0.03428 F1500
G1 X90.000 Y76.000 Z0.500 E0.03428 F1500
G1 X90.733 Y76.019 Z0.500 E0.03428 F1500
G1 X91.463 Y76.077 Z0.500 E0.03428 F1500
G1 X92.190 Y76.172 Z0.500 E0.03428 F1500
G1 X92.911 Y76.306 Z0.500 E0.03428 F1500
G1 X93.623 Y76.477 Z0.500 E0.03428 F1500
G1 X94.326 Y76.685 Z0.500 E0.03428 F1500
G1 X95.017 Y76.930 Z0.500 E0.03428 F1500
G1 X95.694 Y77.210 Z0.500 E0.03428 F1500
G1 X96.356 Y77.526 Z0.500 E0.03428 F1500
G1 X97.000 Y77.876 Z0.500 E0.03428 F1500
G1 X97.625 Y78.259 Z0.500 E0.03428 F1500
G1 X98.229 Y78.674 Z0.500 E0.03428 F1500
G1 X98.810 Y79.120 Z0.500 E0.03428 F1500
G1 X99.368 Y79.596 Z0.500 E0.03428 F1500
G1 X99.899 Y80.101 Z0.500 E0.03428 F1500
G1 X100.404 Y80.632 Z0.500 E0.03428 F1500
G1 X100.880 Y81.190 Z0.500 E0.03428 F1500
G1 X101.326 Y81.771 Z0.500 E0.03428 F1500
G1 X101.741 Y82.375 Z0.500 E0.03428 F1500
G1 X102.124 Y83.000 Z0.500 E0.03428 F1500
G1 X102.474 Y83.644 Z0.500 E0.03428 F1500
G1 X102.790 Y84.306 Z0.500 E0.03428 F1500
G1 X103.070 Y84.983 Z0.500 E0.03428 F1500
G1 X103.315 Y85.674 Z0.500 E0.03428 F1500
G1 X103.523 Y86.377 Z0.500 E0.03428 F1500
G1 X103.694 Y87.089 Z0.500 E0.03428 F1500
G1 X103.828 Y87.810 Z0.500 E0.03428 F1500
G1 X103.923 Y88.537 Z0.500 E0.03428 F1500
G1 X103.981 Y89.267 Z0.500 E0.03428 F1500
G1 X104.000 Y90.000 Z0.500 E0.03428 F1500
G1 E-0.800 F2400
G0 X104.000 Y90.000 Z1.500 F1200
G0 X104.450 Y90.000 Z1.500 F4800
G0 X104.450 Y90.000 Z0.500 F1200
G1 E0.800 F1800
G1 X104.430 Y90.756 Z0.500 E0.03538 F1500
G1 X104.371 Y91.510 Z0.500 E0.03538 F1500
G1 X104.272 Y92.260 Z0.500 E0.03538 F1500
G1 X104.134 Y93.004 Z0.500 E0.03538 F1500
G1 X103.958 Y93.740 Z0.500 E0.03538 F1500
G1 X103.743 Y94.465 Z0.500 E0.03538 F1500
G1 X103.490 Y95.178 Z0.500 E0.03538 F1500
G1 X103.201 Y95.877 Z0.500 E0.03538 F1500
G1 X102.875 Y96.560 Z0.500 E0.03538 F1500
G1 X102.514 Y97.225 Z0.500 E0.03538 F1500
G1 X102.119 Y97.870 Z0.500 E0.03538 F1500
G1 X101.690 Y98.493 Z0.500 E0.03538 F1500
G1 X101.230 Y99.094 Z0.500 E0.03538 F1500
G1 X100.738 Y99.669 Z0.500 E0.03538 F1500
G1 X100.218 Y100.218 Z0.500 E0.03538 F1500
G1 X99.669 Y100.738 Z0.500 E0.03538 F1500
G1 X99.094 Y101.230 Z0.500 E0.03538 F1500
G1 X98.493 Y101.690 Z0.500 E0.03538 F1500
G1 X97.870 Y102.119 Z0.500 E0.03538 F1500
G1 X97.225 Y102.514 Z0.500 E0.03538 F1500
G1 X96.560 Y102.875 Z0.500 E0.03538 F1500
G1 X95.877 Y103.201 Z0.500 E0.03538 F1500
G1 X95.178 Y103.490 Z0.500 E0.03538 F1500
G1 X94.465 Y103.743 Z0.500 E0.03538 F1500
G1 X93.740 Y103.958 Z0.500 E0.03538 F1500
G1 X93.004 Y104.134 Z0.500 E0.03538 F1500
G1 X92.260 Y104.272 Z0.500 E0.03538 F1500
G1 X91.510 Y104.371 Z0.500 E0.03538 F1500
G1 X90.756 Y104.430 Z0.500 E0.03538 F1500
G1 X90.000 Y104.450 Z0.500 E0.03538 F1500
G1 X89.244 Y104.430 Z0.500 E0.03538 F1500
G1 X88.490 Y104.371 Z0.500 E0.03538 F1500
G1 X87.740 Y104.272 Z0.500 E0.03538 F1500
G1 X86.996 Y104.134 Z0.500 E0.03538 F1500
G1 X86.260 Y103.958 Z0.500 E0.03538 F1500
G1 X85.535 Y103.743 Z0.500 E0.03538 F1500
G1 X84.822 Y103.490 Z0.500 E0.03538 F1500
G1 X84.123 Y103.201 Z0.500 E0.03538 F1500
G1 X83.440 Y102.875 Z0.500 E0.03538 F1500
G1 X82.775 Y102.514 Z0.500 E0.03538 F1500
G1 X82.130 Y102.119 Z0.500 E0.03538 F1500
G1 X81.507 Y101.690 Z0.500 E0.03538 F1500
G1 X80.906 Y101.230 Z0.500 E0.03538 F1500
G1 X80.331 Y100.738 Z0.500 E0.03538 F1500
G1 X79.782 Y100.218 Z0.500 E0.03538 F1500
G1 X79.262 Y99.669 Z0.500 E0.03538 F1500
G1 X78.770 Y99.094 Z0.500 E0.03538 F1500
G1 X78.310 Y98.493 Z0.500 E0.03538 F1500
G1 X77.881 Y97.870 Z0.500 E0.03538 F1500
G1 X77.486 Y97.225 Z0.500 E0.03538 F1500
G1 X77.125 Y96.560 Z0.500 E0.03538 F1500
G1 X76.799 Y95.877 Z0.500 E0.03538 F1500
G1 X76.510 Y95.178 Z0.500 E0.03538 F1500
G1 X76.257 Y94.465 Z0.500 E0.03538 F1500
G1 X76.042 Y93.740 Z0.500 E0.03538 F1500
G1 X75.866 Y93.004 Z0.500 E0.03538 F1500
G1 X75.728 Y92.260 Z0.500 E0.03538 F1500
G1 X75.629 Y91.510 Z0.500 E0.03538 F1500
G1 X75.570 Y90.756 Z0.500 E0.03538 F1500
G1 X75.550 Y90.000 Z0.500 E0.03538 F1500
G1 X75.570 Y89.244 Z0.500 E0.03538 F1500
G1 X75.629 Y88.490 Z0.500 E0.03538 F1500
G1 X75.728 Y87.740 Z0.500 E0.03538 F1500
G1 X75.866 Y86.996 Z0.500 E0.03538 F1500
G1 X76.042 Y86.260 Z0.500 E0.03538 F1500
G1 X76.257 Y85.535 Z0.500 E0.03538 F1500
G1 X76.510 Y84.822 Z0.500 E0.03538 F1500
G1 X76.799 Y84.123 Z0.500 E0.03538 F1500
G1 X77.125 Y83.440 Z0.500 E0.03538 F1500
G1 X77.486 Y82.775 Z0.500 E0.03538 F1500
G1 X77.881 Y82.130 Z0.500 E0.03538 F1500
G1 X78.310 Y81.507 Z0.500 E0.03538 F1500
G1 X78.770 Y80.906 Z0.500 E0.03538 F1500
G1 X79.262 Y80.331 Z0.500 E0.03538 F1500
G1 X79.782 Y79.782 Z0.500 E0.03538 F1500
G1 X80.331 Y79.262 Z0.500 E0.03538 F1500
G1 X80.906 Y78.770 Z0.500 E0.03538 F1500
G1 X81.507 Y78.310 Z0.500 E0.03538 F1500
G1 X82.130 Y77.881 Z0.500 E0.03538 F1500
G1 X82.775 Y77.486 Z0.500 E0.03538 F1500
G1 X83.440 Y77.125 Z0.500 E0.03538 F1500
G1 X84.123 Y76.799 Z0.500 E0.03538 F1500
G1 X84.822 Y76.510 Z0.500 E0.03538 F1500
G1 X85.535 Y76.257 Z0.500 E0.03538 F1500
G1 X86.260 Y76.042 Z0.500 E0.03538 F1500
G1 X86.996 Y75.866 Z0.500 E0.03538 F1500
G1 X87.740 Y75.728 Z0.500 E0.03538 F1500
G1 X88.490 Y75.629 Z0.500 E0.03538 F1500
G1 X89.244 Y75.570 Z0.500 E0.03538 F1500
G1 X90.000 Y75.550 Z0.500 E0.03538 F1500
G1 X90.756 Y75.570 Z0.500 E0.03538 F1500
G1 X91.510 Y75.629 Z0.500 E0.03538 F1500
G1 X92.260 Y75.728 Z0.500 E0.03538 F1500
G1 X93.004 Y75.866 Z0.500 E0.03538 F1500
G1 X93.740 Y76.042 Z0.500 E0.03538 F1500
G1 X94.465 Y76.257 Z0.500 E0.03538 F1500
G1 X95.178 Y76.510 Z0.500 E0.03538 F1500
G1 X95.877 Y76.799 Z0.500 E0.03538 F1500
G1 X96.560 Y77.125 Z0.500 E0.03538 F1500
G1 X97.225 Y77.486 Z0.500 E0.03538 F1500
G1 X97.870 Y77.881 Z0.500 E0.03538 F1500
G1 X98.493 Y78.310 Z0.500 E0.03538 F1500
G1 X99.094 Y78.770 Z0.500 E0.03538 F1500
G1 X99.669 Y79.262 Z0.500 E0.03538 F1500
G1 X100.218 Y79.782 Z0.500 E0.03538 F1500
G1 X100.738 Y80.331 Z0.500 E0.03538 F1500
G1 X101.230 Y80.906 Z0.500 E0.03538 F1500
G1 X101.690 Y81.507 Z0.500 E0.03538 F1500
G1 X102.119 Y82.130 Z0.500 E0.03538 F1500
G1 X102.514 Y82.775 Z0.500 E0.03538 F1500
G1 X102.875 Y83.440 Z0.500 E0.03538 F1500
G1 X103.201 Y84.123 Z0.500 E0.03538 F1500
G1 X103.490 Y84.822 Z0.500 E0.03538 F1500
G1 X103.743 Y85.535 Z0.500 E0.03538 F1500
G1 X103.958 Y86.260 Z0.500 E0.03538 F1500
G1 X104.134 Y86.996 Z0.500 E0.03538 F1500
G1 X104.272 Y87.740 Z0.500 E0.03538 F1500
G1 X104.371 Y88.490 Z0.500 E0.03538 F1500
G1 X104.430 Y89.244 Z0.500 E0.03538 F1500
G1 X104.450 Y90.000 Z0.500 E0.03538 F1500
; BASE layer 3
G1 E-0.800 F2400
G0 X104.450 Y90.000 Z1.750 F1200
G0 X99.500 Y90.000 Z1.750 F4800
G0 X99.500 Y90.000 Z0.750 F1200
G1 E0.800 F1800
G1 X99.487 Y90.497 Z0.750 E0.02326 F1500
G1 X99.448 Y90.993 Z0.750 E0.02326 F1500
G1 X99.383 Y91.486 Z0.750 E0.02326 F1500
G1 X99.292 Y91.975 Z0.750 E0.02326 F1500
G1 X99.176 Y92.459 Z0.750 E0.02326 F1500
G1 X99.035 Y92.936 Z0.750 E0.02326 F1500
G1 X98.869 Y93.404 Z0.750 E0.02326 F1500
G1 X98.679 Y93.864 Z0.750 E0.02326 F1500
G1 X98.465 Y94.313 Z0.750 E0.02326 F1500
G1 X98.227 Y94.750 Z0.750 E0.02326 F1500
G1 X97.967 Y95.174 Z0.750 E0.02326 F1500
G1 X97.686 Y95.584 Z0.750 E0.02326 F1500
G1 X97.383 Y95.979 Z0.750 E0.02326 F1500
G1 X97.060 Y96.357 Z0.750 E0.02326 F1500
G1 X96.718 Y96.718 Z0.750 E0.02326 F1500
G1 X96.357 Y97.060 Z0.750 E0.02326 F1500
G1 X95.979 Y97.383 Z0.750 E0.02326 F1500
G1 X95.584 Y97.686 Z0.750 E0.02326 F1500
G1 X95.174 Y97.967 Z0.750 E0.02326 F1500
G1 X94.750 Y98.227 Z0.750 E0.02326 F1500
G1 X94.313 Y98.465 Z0.750 E0.02326 F1500
G1 X93.864 Y98.679 Z0.750 E0.02326 F1500
G1 X93.404 Y98.869 Z0.750 E0.02326 F1500
G1 X92.936 Y99.035 Z0.750 E0.02326 F1500
G1 X92.459 Y99.176 Z0.750 E0.02326 F1500
G1 X91.975 Y99.292 Z0.750 E0.02326 F1500
G1 X91.486 Y99.383 Z0.750 E0.02326 F1500
G1 X90.993 Y99.448 Z0.750 E0.02326 F1500
G1 X90.497 Y99.487 Z0.750 E0.02326 F1500
G1 X90.000 Y99.500 Z0.750 E0.02326 F1500
G1 X89.503 Y99.487 Z0.750 E0.02326 F1500
G1 X89.007 Y99.448 Z0.750 E0.02326 F1500
G1 X88.514 Y99.383 Z0.750 E0.02326 F1500
G1 X88.025 Y99.292 Z0.750 E0.02326 F1500
G1 X87.541 Y99.176 Z0.750 E0.02326 F1500
G1 X87.064 Y99.035 Z0.750 E0.02326 F1500
G1 X86.596 Y98.869 Z0.750 E0.02326 F1500
G1 X86.136 Y98.679 Z0.750 E0.02326 F1500
G1 X85.687 Y98.465 Z0.750 E0.02326 F1500
G1 X85.250 Y98.227 Z0.750 E0.02326 F1500
G1 X84.826 Y97.967 Z0.750 E0.02326 F1500
G1 X84.416 Y97.686 Z0.750 E0.02326 F1500
G1 X84.021 Y97.383 Z0.750 E0.02326 F1500
G1 X83.643 Y97.060 Z0.750 E0.02326 F1500
G1 X83.282 Y96.718 Z0.750 E0.02326 F1500
G1 X82.940 Y96.357 Z0.750 E0.02326 F1500
G1 X82.617 Y95.979 Z0.750 E0.02326 F1500
G1 X82.314 Y95.584 Z0.750 E0.02326 F1500
G1 X82.033 Y95.174 Z0.750 E0.02326 F1500
G1 X81.773 Y94.750 Z0.750 E0.02326 F1500
G1 X81.535 Y94.313 Z0.750 E0.02326 F1500
G1 X81.321 Y93.864 Z0.750 E0.02326 F1500
G1 X81.131 Y93.404 Z0.750 E0.02326 F1500
G1 X80.965 Y92.936 Z0.750 E0.02326 F1500
G1 X80.824 Y92.459 Z0.750 E0.02326 F1500
G1 X80.708 Y91.975 Z0.750 E0.02326 F1500
G1 X80.617 Y91.486 Z0.750 E0.02326 F1500
G1 X80.552 Y90.993 Z0.750 E0.02326 F1500
G1 X80.513 Y90.497 Z0.750 E0.02326 F1500
G1 X80.500 Y90.000 Z0.750 E0.02326 F1500
G1 X80.513 Y89.503 Z0.750 E0.02326 F1500
G1 X80.552 Y89.007 Z0.750 E0.02326 F1500
G1 X80.617 Y88.514 Z0.750 E0.02326 F1500
G1 X80.708 Y88.025 Z0.750 E0.02326 F1500
G1 X80.824 Y87.541 Z0.750 E0.02326 F1500
G1 X80.965 Y87.064 Z0.750 E0.02326 F1500
G1 X81.131 Y86.596 Z0.750 E0.02326 F1500
G1 X81.321 Y86.136 Z0.750 E0.02326 F1500
G1 X81.535 Y85.687 Z0.750 E0.02326 F1500
G1 X81.773 Y85.250 Z0.750 E0.02326 F1500
G1 X82.033 Y84.826 Z0.750 E0.02326 F1500
G1 X82.314 Y84.416 Z0.750 E0.02326 F1500
G1 X82.617 Y84.021 Z0.750 E0.02326 F1500
G1 X82.940 Y83.643 Z0.750 E0.02326 F1500
G1 X83.282 Y83.282 Z0.750 E0.02326 F1500
G1 X83.643 Y82.940 Z0.750 E0.02326 F1500
G1 X84.021 Y82.617 Z0.750 E0.02326 F1500
G1 X84.416 Y82.314 Z0.750 E0.02326 F1500
G1 X84.826 Y82.033 Z0.750 E0.02326 F1500
G1 X85.250 Y81.773 Z0.750 E0.02326 F1500
G1 X85.687 Y81.535 Z0.750 E0.02326 F1500
G1 X86.136 Y81.321 Z0.750 E0.02326 F1500
G1 X86.596 Y81.131 Z0.750 E0.02326 F1500
G1 X87.064 Y80.965 Z0.750 E0.02326 F1500
G1 X87.541 Y80.824 Z0.750 E0.02326 F1500
G1 X88.025 Y80.708 Z0.750 E0.02326 F1500
G1 X88.514 Y80.617 Z0.750 E0.02326 F1500
G1 X89.007 Y80.552 Z0.750 E0.02326 F1500
G1 X89.503 Y80.513 Z0.750 E0.02326 F1500
G1 X90.000 Y80.500 Z0.750 E0.02326 F1500
G1 X90.497 Y80.513 Z0.750 E0.02326 F1500
G1 X90.993 Y80.552 Z0.750 E0.02326 F1500
G1 X91.486 Y80.617 Z0.750 E0.02326 F1500
G1 X91.975 Y80.708 Z0.750 E0.02326 F1500
G1 X92.459 Y80.824 Z0.750 E0.02326 F1500
G1 X92.936 Y80.965 Z0.750 E0.02326 F1500
G1 X93.404 Y81.131 Z0.750 E0.02326 F1500
G1 X93.864 Y81.321 Z0.750 E0.02326 F1500
G1 X94.313 Y81.535 Z0.750 E0.02326 F1500
G1 X94.750 Y81.773 Z0.750 E0.02326 F1500
G1 X95.174 Y82.033 Z0.750 E0.02326 F1500
G1 X95.584 Y82.314 Z0.750 E0.02326 F1500
G1 X95.979 Y82.617 Z0.750 E0.02326 F1500
G1 X96.357 Y82.940 Z0.750 E0.02326 F1500
G1 X96.718 Y83.282 Z0.750 E0.02326 F1500
G1 X97.060 Y83.643 Z0.750 E0.02326 F1500
G1 X97.383 Y84.021 Z0.750 E0.02326 F1500
G1 X97.686 Y84.416 Z0.750 E0.02326 F1500
G1 X97.967 Y84.826 Z0.750 E0.02326 F1500
G1 X98.227 Y85.250 Z0.750 E0.02326 F1500
G1 X98.465 Y85.687 Z0.750 E0.02326 F1500
G1 X98.679 Y86.136 Z0.750 E0.02326 F1500
G1 X98.869 Y86.596 Z0.750 E0.02326 F1500
G1 X99.035 Y87.064 Z0.750 E0.02326 F1500
G1 X99.176 Y87.541 Z0.750 E0.02326 F1500
G1 X99.292 Y88.025 Z0.750 E0.02326 F1500
G1 X99.383 Y88.514 Z0.750 E0.02326 F1500
G1 X99.448 Y89.007 Z0.750 E0.02326 F1500
G1 X99.487 Y89.503 Z0.750 E0.02326 F1500
G1 X99.500 Y90.000 Z0.750 E0.02326 F1500
G1 E-0.800 F2400
G0 X99.500 Y90.000 Z1.750 F1200
G0 X99.950 Y90.000 Z1.750 F4800
G0 X99.950 Y90.000 Z0.750 F1200
G1 E0.800 F1800
G1 X99.936 Y90.521 Z0.750 E0.02436 F1500
G1 X99.895 Y91.040 Z0.750 E0.02436 F1500
G1 X99.827 Y91.557 Z0.750 E0.02436 F1500
G1 X99.733 Y92.069 Z0.750 E0.02436 F1500
G1 X99.611 Y92.575 Z0.750 E0.02436 F1500
G1 X99.463 Y93.075 Z0.750 E0.02436 F1500
G1 X99.289 Y93.566 Z0.750 E0.02436 F1500
G1 X99.090 Y94.047 Z0.750 E0.02436 F1500
G1 X98.866 Y94.517 Z0.750 E0.02436 F1500
G1 X98.617 Y94.975 Z0.750 E0.02436 F1500
G1 X98.345 Y95.419 Z0.750 E0.02436 F1500
G1 X98.050 Y95.848 Z0.750 E0.02436 F1500
G1 X97.733 Y96.262 Z0.750 E0.02436 F1500
G1 X97.394 Y96.658 Z0.750 E0.02436 F1500
G1 X97.036 Y97.036 Z0.750 E0.02436 F1500
G1 X96.658 Y97.394 Z0.750 E0.02436 F1500
G1 X96.262 Y97.733 Z0.750 E0.02436 F1500
G1 X95.848 Y98.050 Z0.750 E0.02436 F1500
G1 X95.419 Y98.345 Z0.750 E0.02436 F1500
G1 X94.975 Y98.617 Z0.750 E0.02436 F1500
G1 X94.517 Y98.866 Z0.750 E0.02436 F1500
G1 X94.047 Y99.090 Z0.750 E0.02436 F1500
G1 X93.566 Y99.289 Z0.750 E0.02436 F1500
G1 X93.075 Y99.463 Z0.750 E0.02436 F1500
G1 X92.575 Y99.611 Z0.750 E0.02436 F1500
G1 X92.069 Y99.733 Z0.750 E0.02436 F1500
G1 X91.557 Y99.827 Z0.750 E0.02436 F1500
G1 X91.040 Y99.895 Z0.750 E0.02436 F1500
G1 X90.521 Y99.936 Z0.750 E0.02436 F1500
G1 X90.000 Y99.950 Z0.750 E0.02436 F1500
G1 X89.479 Y99.936 Z0.750 E0.02436 F1500
G1 X88.960 Y99.895 Z0.750 E0.02436 F1500
G1 X88.443 Y99.827 Z0.750 E0.02436 F1500
G1 X87.931 Y99.733 Z0.750 E0.02436 F1500
G1 X87.425 Y99.611 Z0.750 E0.02436 F1500
G1 X86.925 Y99.463 Z0.750 E0.02436 F1500
G1 X86.434 Y99.289 Z0.750 E0.02436 F1500
G1 X85.953 Y99.090 Z0.750 E0.02436 F1500
G1 X85.483 Y98.866 Z0.750 E0.02436 F1500
G1 X85.025 Y98.617 Z0.750 E0.02436 F1500
G1 X84.581 Y98.345 Z0.750 E0.02436 F1500
G1 X84.152 Y98.050 Z0.750 E0.02436 F1500
G1 X83.738 Y97.733 Z0.750 E0.02436 F1500
G1 X83.342 Y97.394 Z0.750 E0.02436 F1500
G1 X82.964 Y97.036 Z0.750 E0.02436 F1500
G1 X82.606 Y96.658 Z0.750 E0.02436 F1500
G1 X82.267 Y96.262 Z0.750 E0.02436 F1500
G1 X81.950 Y95.848 Z0.750 E0.02436 F1500
G1 X81.655 Y95.419 Z0.750 E0.02436 F1500
G1 X81.383 Y94.975 Z0.750 E0.02436 F1500
G1 X81.134 Y94.517 Z0.750 E0.02436 F1500
G1 X80.910 Y94.047 Z0.750 E0.02436 F1500
G1 X80.711 Y93.566 Z0.750 E0.02436 F1500
G1 X80.537 Y93.075 Z0.750 E0.02436 F1500
G1 X80.389 Y92.575 Z0.750 E0.02436 F1500
G1 X80.267 Y92.069 Z0.750 E0.02436 F1500
G1 X80.173 Y91.557 Z0.750 E0.02436 F1500
G1 X80.105 Y91.040 Z0.750 E0.02436 F1500
G1 X80.064 Y90.521 Z0.750 E0.02436 F1500
G1 X80.050 Y90.000 Z0.750 E0.02436 F1500
G1 X80.064 Y89.479 Z0.750 E0.02436 F1500
G1 X80.105 Y88.960 Z0.750 E0.02436 F1500
G1 X80.173 Y88.443 Z0.750 E0.02436 F1500
G1 X80.267 Y87.931 Z0.750 E0.02436 F1500
G1 X80.389 Y87.425 Z0.750 E0.02436 F1500
G1 X80.537 Y86.925 Z0.750 E0.02436 F1500
G1 X80.711 Y86.434 Z0.750 E0.02436 F1500
G1 X80.910 Y85.953 Z0.750 E0.02436 F1500
G1 X81.134 Y85.483 Z0.750 E0.02436 F1500
G1 X81.383 Y85.025 Z0.750 E0.02436 F1500
G1 X81.655 Y84.581 Z0.750 E0.02436 F1500
G1 X81.950 Y84.152 Z0.750 E0.02436 F1500
G1 X82.267 Y83.738 Z0.750 E0.02436 F1500
G1 X82.606 Y83.342 Z0.750 E0.02436 F1500
G1 X82.964 Y82.964 Z0.750 E0.02436 F1500
G1 X83.342 Y82.606 Z0.750 E0.02436 F1500
G1 X83.738 Y82.267 Z0.750 E0.02436 F1500
G1 X84.152 Y81.950 Z0.750 E0.02436 F1500
G1 X84.581 Y81.655 Z0.750 E0.02436 F1500
G1 X85.025 Y81.383 Z0.750 E0.02436 F1500
G1 X85.483 Y81.134 Z0.750 E0.02436 F1500
G1 X85.953 Y80.910 Z0.750 E0.02436 F1500
G1 X86.434 Y80.711 Z0.750 E0.02436 F1500
G1 X86.925 Y80.537 Z0.750 E0.02436 F1500
G1 X87.425 Y80.389 Z0.750 E0.02436 F1500
G1 X87.931 Y80.267 Z0.750 E0.02436 F1500
G1 X88.443 Y80.173 Z0.750 E0.02436 F1500
G1 X88.960 Y80.105 Z0.750 E0.02436 F1500
G1 X89.479 Y80.064 Z0.750 E0.02436 F1500
G1 X90.000 Y80.050 Z0.750 E0.02436 F1500
G1 X90.521 Y80.064 Z0.750 E0.02436 F1500
G1 X91.040 Y80.105 Z0.750 E0.02436 F1500
G1 X91.557 Y80.173 Z0.750 E0.02436 F1500
G1 X92.069 Y80.267 Z0.750 E0.02436 F1500
G1 X92.575 Y80.389 Z0.750 E0.02436 F1500
G1 X93.075 Y80.537 Z0.750 E0.02436 F1500
G1 X93.566 Y80.711 Z0.750 E0.02436 F1500
G1 X94.047 Y80.910 Z0.750 E0.02436 F1500
G1 X94.517 Y81.134 Z0.750 E0.02436 F1500
G1 X94.975 Y81.383 Z0.750 E0.02436 F1500
G1 X95.419 Y81.655 Z0.750 E0.02436 F1500
G1 X95.848 Y81.950 Z0.750 E0.02436 F1500
G1 X96.262 Y82.267 Z0.750 E0.02436 F1500
G1 X96.658 Y82.606 Z0.750 E0.02436 F1500
G1 X97.036 Y82.964 Z0.750 E0.02436 F1500
G1 X97.394 Y83.342 Z0.750 E0.02436 F1500
G1 X97.733 Y83.738 Z0.750 E0.02436 F1500
G1 X98.050 Y84.152 Z0.750 E0.02436 F1500
G1 X98.345 Y84.581 Z0.750 E0.02436 F1500
G1 X98.617 Y85.025 Z0.750 E0.02436 F1500
G1 X98.866 Y85.483 Z0.750 E0.02436 F1500
G1 X99.090 Y85.953 Z0.750 E0.02436 F1500
G1 X99.289 Y86.434 Z0.750 E0.02436 F1500
G1 X99.463 Y86.925 Z0.750 E0.02436 F1500
G1 X99.611 Y87.425 Z0.750 E0.02436 F1500
G1 X99.733 Y87.931 Z0.750 E0.02436 F1500
G1 X99.827 Y88.443 Z0.750 E0.02436 F1500
G1 X99.895 Y88.960 Z0.750 E0.02436 F1500
G1 X99.936 Y89.479 Z0.750 E0.02436 F1500
G1 X99.950 Y90.000 Z0.750 E0.02436 F1500
G1 E-0.800 F2400
G0 X99.950 Y90.000 Z1.750 F1200
G0 X100.400 Y90.000 Z1.750 F4800
G0 X100.400 Y90.000 Z0.750 F1200
G1 E0.800 F1800
G1 X100.386 Y90.544 Z0.750 E0.02547 F1500
G1 X100.343 Y91.087 Z0.750 E0.02547 F1500
G1 X100.272 Y91.627 Z0.750 E0.02547 F1500
G1 X100.173 Y92.162 Z0.750 E0.02547 F1500
G1 X100.046 Y92.692 Z0.750 E0.02547 F1500
G1 X99.891 Y93.214 Z0.750 E0.02547 F1500
G1 X99.709 Y93.727 Z0.750 E0.02547 F1500
G1 X99.501 Y94.230 Z0.750 E0.02547 F1500
G1 X99.266 Y94.722 Z0.750 E0.02547 F1500
G1 X99.007 Y95.200 Z0.750 E0.02547 F1500
G1 X98.722 Y95.664 Z0.750 E0.02547 F1500
G1 X98.414 Y96.113 Z0.750 E0.02547 F1500
G1 X98.082 Y96.545 Z0.750 E0.02547 F1500
G1 X97.729 Y96.959 Z0.750 E0.02547 F1500
G1 X97.354 Y97.354 Z0.750 E0.02547 F1500
G1 X96.959 Y97.729 Z0.750 E0.02547 F1500
G1 X96.545 Y98.082 Z0.750 E0.02547 F1500
G1 X96.113 Y98.414 Z0.750 E0.02547 F1500
G1 X95.664 Y98.722 Z0.750 E0.02547 F1500
G1 X95.200 Y99.007 Z0.750 E0.02547 F1500
G1 X94.722 Y99.266 Z0.750 E0.02547 F1500
G1 X94.230 Y99.501 Z0.750 E0.02547 F1500
G1 X93.727 Y99.709 Z0.750 E0.02547 F1500
G1 X93.214 Y99.891 Z0.750 E0.02547 F1500
G1 X92.692 Y100.046 Z0.750 E0.02547 F1500
G1 X92.162 Y100.173 Z0.750 E0.02547 F1500
G1 X91.627 Y100.272 Z0.750 E0.02547 F1500
G1 X91.087 Y100.343 Z0.750 E0.02547 F1500
G1 X90.544 Y100.386 Z0.750 E0.02547 F1500
G1 X90.000 Y100.400 Z0.750 E0.02547 F1500
G1 X89.456 Y100.386 Z0.750 E0.02547 F1500
G1 X88.913 Y100.343 Z0.750 E0.02547 F1500
G1 X88.373 Y100.272 Z0.750 E0.02547 F1500
G1 X87.838 Y100.173 Z0.750 E0.02547 F1500
G1 X87.308 Y100.046 Z0.750 E0.02547 F1500
G1 X86.786 Y99.891 Z0.750 E0.02547 F1500
G1 X86.273 Y99.709 Z0.750 E0.02547 F1500
G1 X85.770 Y99.501 Z0.750 E0.02547 F1500
G1 X85.278 Y99.266 Z0.750 E0.02547 F1500
G1 X84.800 Y99.007 Z0.750 E0.02547 F1500
G1 X84.336 Y98.722 Z0.750 E0.02547 F1500
G1 X83.887 Y98.414 Z0.750 E0.02547 F1500
G1 X83.455 Y98.082 Z0.750 E0.02547 F1500
G1 X83.041 Y97.729 Z0.750 E0.02547 F1500
G1 X82.646 Y97.354 Z0.750 E0.02547 F1500
G1 X82.271 Y96.959 Z0.750 E0.02547 F1500
G1 X81.918 Y96.545 Z0.750 E0.02547 F1500
G1 X81.586 Y96.113 Z0.750 E0.02547 F1500
G1 X81.278 Y95.664 Z0.750 E0.02547 F1500
G1 X80.993 Y95.200 Z0.750 E0.02547 F1500
G1 X80.734 Y94.722 Z0.750 E0.02547 F1500
G1 X80.499 Y94.230 Z0.750 E0.02547 F1500
G1 X80.291 Y93.727 Z0.750 E0.02547 F1500
G1 X80.109 Y93.214 Z0.750 E0.02547 F1500
G1 X79.954 Y92.692 Z0.750 E0.02547 F1500
G1 X79.827 Y92.162 Z0.750 E0.02547 F1500
G1 X79.728 Y91.627 Z0.750 E0.02547 F1500
G1 X79.657 Y91.087 Z0.750 E0.02547 F1500
G1 X79.614 Y90.544 Z0.750 E0.02547 F1500
G1 X79.600 Y90.000 Z0.750 E0.02547 F1500
G1 X79.614 Y89.456 Z0.750 E0.02547 F1500
G1 X79.657 Y88.913 Z0.750 E0.02547 F1500
G1 X79.728 Y88.373 Z0.750 E0.02547 F1500
G1 X79.827 Y87.838 Z0.750 E0.02547 F1500
G1 X79.954 Y87.308 Z0.750 E0.02547 F1500
G1 X80.109 Y86.786 Z0.750 E0.02547 F1500
G1 X80.291 Y86.273 Z0.750 E0.02547 F1500
G1 X80.499 Y85.770 Z0.750 E0.02547 F1500
G1 X80.734 Y85.278 Z0.750 E0.02547 F1500
G1 X80.993 Y84.800 Z0.750 E0.02547 F1500
G1 X81.278 Y84.336 Z0.750 E0.02547 F1500
G1 X81.586 Y83.887 Z0.750 E0.02547 F1500
G1 X81.918 Y83.455 Z0.750 E0.02547 F1500
G1 X82.271 Y83.041 Z0.750 E0.02547 F1500
G1 X82.646 Y82.646 Z0.750 E0.02547 F1500
G1 X83.041 Y82.271 Z0.750 E0.02547 F1500
G1 X83.455 Y81.918 Z0.750 E0.02547 F1500
G1 X83.887 Y81.586 Z0.750 E0.02547 F1500
G1 X84.336 Y81.278 Z0.750 E0.02547 F1500
G1 X84.800 Y80.993 Z0.750 E0.02547 F1500
G1 X85.278 Y80.734 Z0.750 E0.02547 F1500
G1 X85.770 Y80.499 Z0.750 E0.02547 F1500
G1 X86.273 Y80.291 Z0.750 E0.02547 F1500
G1 X86.786 Y80.109 Z0.750 E0.02547 F1500
G1 X87.308 Y79.954 Z0.750 E0.02547 F1500
G1 X87.838 Y79.827 Z0.750 E0.02547 F1500
G1 X88.373 Y79.728 Z0.750 E0.02547 F1500
G1 X88.913 Y79.657 Z0.750 E0.02547 F1500
G1 X89.456 Y79.614 Z0.750 E0.02547 F1500
G1 X90.000 Y79.600 Z0.750 E0.02547 F1500
G1 X90.544 Y79.614 Z0.750 E0.02547 F1500
G1 X91.087 Y79.657 Z0.750 E0.02547 F1500
G1 X91.627 Y79.728 Z0.750 E0.02547 F1500
G1 X92.162 Y79.827 Z0.750 E0.02547 F1500
G1 X92.692 Y79.954 Z0.750 E0.02547 F1500
G1 X93.214 Y80.109 Z0.750 E0.02547 F1500
G1 X93.727 Y80.291 Z0.750 E0.02547 F1500
G1 X94.230 Y80.499 Z0.750 E0.02547 F1500
G1 X94.722 Y80.734 Z0.750 E0.02547 F1500
G1 X95.200 Y80.993 Z0.750 E0.02547 F1500
G1 X95.664 Y81.278 Z0.750 E0.02547 F1500
G1 X96.113 Y81.586 Z0.750 E0.02547 F1500
G1 X96.545 Y81.918 Z0.750 E0.02547 F1500
G1 X96.959 Y82.271 Z0.750 E0.02547 F1500
G1 X97.354 Y82.646 Z0.750 E0.02547 F1500
G1 X97.729 Y83.041 Z0.750 E0.02547 F1500
G1 X98.082 Y83.455 Z0.750 E0.02547 F1500
G1 X98.414 Y83.887 Z0.750 E0.02547 F1500
G1 X98.722 Y84.336 Z0.750 E0.02547 F1500
G1 X99.007 Y84.800 Z0.750 E0.02547 F1500
G1 X99.266 Y85.278 Z0.750 E0.02547 F1500
G1 X99.501 Y85.770 Z0.750 E0.02547 F1500
G1 X99.709 Y86.273 Z0.750 E0.02547 F1500
G1 X99.891 Y86.786 Z0.750 E0.02547 F1500
G1 X100.046 Y87.308 Z0.750 E0.02547 F1500
G1 X100.173 Y87.838 Z0.750 E0.02547 F1500
G1 X100.272 Y88.373 Z0.750 E0.02547 F1500
G1 X100.343 Y88.913 Z0.750 E0.02547 F1500
G1 X100.386 Y89.456 Z0.750 E0.02547 F1500
G1 X100.400 Y90.000 Z0.750 E0.02547 F1500
G1 E-0.800 F2400
G0 X100.400 Y90.000 Z1.750 F1200
G0 X100.850 Y90.000 Z1.750 F4800
G0 X100.850 Y90.000 Z0.750 F1200
G1 E0.800 F1800
G1 X100.835 Y90.568 Z0.750 E0.02657 F1500
G1 X100.791 Y91.134 Z0.750 E0.02657 F1500
G1 X100.716 Y91.697 Z0.750 E0.02657 F1500
G1 X100.613 Y92.256 Z0.750 E0.02657 F1500
G1 X100.480 Y92.808 Z0.750 E0.02657 F1500
G1 X100.319 Y93.353 Z0.750 E0.02657 F1500
G1 X100.129 Y93.888 Z0.750 E0.02657 F1500
G1 X99.912 Y94.413 Z0.750 E0.02657 F1500
G1 X99.667 Y94.926 Z0.750 E0.02657 F1500
G1 X99.396 Y95.425 Z0.750 E0.02657 F1500
G1 X99.100 Y95.909 Z0.750 E0.02657 F1500
G1 X98.778 Y96.377 Z0.750 E0.02657 F1500
G1 X98.432 Y96.828 Z0.750 E0.02657 F1500
G1 X98.063 Y97.260 Z0.750 E0.02657 F1500
G1 X97.672 Y97.672 Z0.750 E0.02657 F1500
G1 X97.260 Y98.063 Z0.750 E0.02657 F1500
G1 X96.828 Y98.432 Z0.750 E0.02657 F1500
G1 X96.377 Y98.778 Z0.750 E0.02657 F1500
G1 X95.909 Y99.100 Z0.750 E0.02657 F1500
G1 X95.425 Y99.396 Z0.750 E0.02657 F1500
G1 X94.926 Y99.667 Z0.750 E0.02657 F1500
G1 X94.413 Y99.912 Z0.750 E0.02657 F1500
G1 X93.888 Y100.129 Z0.750 E0.02657 F1500
G1 X93.353 Y100.319 Z0.750 E0.02657 F1500
G1 X92.808 Y100.480 Z0.750 E0.02657 F1500
G1 X92.256 Y100.613 Z0.750 E0.02657 F1500
G1 X91.697 Y100.716 Z0.750 E0.02657 F1500
G1 X91.134 Y100.791 Z0.750 E0.02657 F1500
G1 X90.568 Y100.835 Z0.750 E0.02657 F1500
G1 X90.000 Y100.850 Z0.750 E0.02657 F1500
G1 X89.432 Y100.835 Z0.750 E0.02657 F1500
G1 X88.866 Y100.791 Z0.750 E0.02657 F1500
G1 X88.303 Y100.716 Z0.750 E0.02657 F1500
G1 X87.744 Y100.613 Z0.750 E0.02657 F1500
G1 X87.192 Y100.480 Z0.750 E0.02657 F1500
G1 X86.647 Y100.319 Z0.750 E0.02657 F1500
G1 X86.112 Y100.129 Z0.750 E0.02657 F1500
G1 X85.587 Y99.912 Z0.750 E0.02657 F1500
G1 X85.074 Y99.667 Z0.750 E0.02657 F1500
G1 X84.575 Y99.396 Z0.750 E0.02657 F1500
G1 X84.091 Y99.100 Z0.750 E0.02657 F1500
G1 X83.623 Y98.778 Z0.750 E0.02657 F1500
G1 X83.172 Y98.432 Z0.750 E0.02657 F1500
G1 X82.740 Y98.063 Z0.750 E0.02657 F1500
G1 X82.328 Y97.672 Z0.750 E0.02657 F1500
G1 X81.937 Y97.260 Z0.750 E0.02657 F1500
G1 X81.568 Y96.828 Z0.750 E0.02657 F1500
G1 X81.222 Y96.377 Z0.750 E0.02657 F1500
G1 X80.900 Y95.909 Z0.750 E0.02657 F1500
G1 X80.604 Y95.425 Z0.750 E0.02657 F1500
G1 X80.333 Y94.926 Z0.750 E0.02657 F1500
G1 X80.088 Y94.413 Z0.750 E0.02657 F1500
G1 X79.871 Y93.888 Z0.750 E0.02657 F1500
G1 X79.681 Y93.353 Z0.750 E0.02657 F1500
G1 X79.520 Y92.808 Z0.750 E0.02657 F1500
G1 X79.387 Y92.256 Z0.750 E0.02657 F1500
G1 X79.284 Y91.697 Z0.750 E0.02657 F1500
G1 X79.209 Y91.134 Z0.750 E0.02657 F1500
G1 X79.165 Y90.568 Z0.750 E0.02657 F1500
G1 X79.150 Y90.000 Z0.750 E0.02657 F1500
G1 X79.165 Y89.432 Z0.750 E0.02657 F1500
G1 X79.209 Y88.866 Z0.750 E0.02657 F1500
G1 X79.284 Y88.303 Z0.750 E0.02657 F1500
G1 X79.387 Y87.744 Z0.750 E0.02657 F1500
G1 X79.520 Y87.192 Z0.750 E0.02657 F1500
G1 X79.681 Y86.647 Z0.750 E0.02657 F1500
G1 X79.871 Y86.112 Z0.750 E0.02657 F1500
G1 X80.088 Y85.587 Z0.750 E0.02657 F1500
G1 X80.333 Y85.074 Z0.750 E0.02657 F1500
G1 X80.604 Y84.575 Z0.750 E0.02657 F1500
G1 X80.900 Y84.091 Z0.750 E0.02657 F1500
G1 X81.222 Y83.623 Z0.750 E0.02657 F1500
G1 X81.568 Y83.172 Z0.750 E0.02657 F1500
G1 X81.937 Y82.740 Z0.750 E0.02657 F1500
G1 X82.328 Y82.328 Z0.750 E0.02657 F1500
G1 X82.740 Y81.937 Z0.750 E0.02657 F1500
G1 X83.172 Y81.568 Z0.750 E0.02657 F1500
G1 X83.623 Y81.222 Z0.750 E0.02657 F1500
G1 X84.091 Y80.900 Z0.750 E0.02657 F1500
G1 X84.575 Y80.604 Z0.750 E0.02657 F1500
G1 X85.074 Y80.333 Z0.750 E0.02657 F1500
G1 X85.587 Y80.088 Z0.750 E0.02657 F1500
G1 X86.112 Y79.871 Z0.750 E0.02657 F1500
G1 X86.647 Y79.681 Z0.750 E0.02657 F1500
G1 X87.192 Y79.520 Z0.750 E0.02657 F1500
G1 X87.744 Y79.387 Z0.750 E0.02657 F1500
G1 X88.303 Y79.284 Z0.750 E0.02657 F1500
G1 X88.866 Y79.209 Z0.750 E0.02657 F1500
G1 X89.432 Y79.165 Z0.750 E0.02657 F1500
G1 X90.000 Y79.150 Z0.750 E0.02657 F1500
G1 X90.568 Y79.165 Z0.750 E0.02657 F1500
G1 X91.134 Y79.209 Z0.750 E0.02657 F1500
G1 X91.697 Y79.284 Z0.750 E0.02657 F1500
G1 X92.256 Y79.387 Z0.750 E0.02657 F1500
G1 X92.808 Y79.520 Z0.750 E0.02657 F1500
G1 X93.353 Y79.681 Z0.750 E0.02657 F1500
G1 X93.888 Y79.871 Z0.750 E0.02657 F1500
G1 X94.413 Y80.088 Z0.750 E0.02657 F1500
G1 X94.926 Y80.333 Z0.750 E0.02657 F1500
G1 X95.425 Y80.604 Z0.750 E0.02657 F1500
G1 X95.909 Y80.900 Z0.750 E0.02657 F1500
G1 X96.377 Y81.222 Z0.750 E0.02657 F1500
G1 X96.828 Y81.568 Z0.750 E0.02657 F1500
G1 X97.260 Y81.937 Z0.750 E0.02657 F1500
G1 X97.672 Y82.328 Z0.750 E0.02657 F1500
G1 X98.063 Y82.740 Z0.750 E0.02657 F1500
G1 X98.432 Y83.172 Z0.750 E0.02657 F1500
G1 X98.778 Y83.623 Z0.750 E0.02657 F1500
G1 X99.100 Y84.091 Z0.750 E0.02657 F1500
G1 X99.396 Y84.575 Z0.750 E0.02657 F1500
G1 X99.667 Y85.074 Z0.750 E0.02657 F1500
G1 X99.912 Y85.587 Z0.750 E0.02657 F1500
G1 X100.129 Y86.112 Z0.750 E0.02657 F1500
G1 X100.319 Y86.647 Z0.750 E0.02657 F1500
G1 X100.480 Y87.192 Z0.750 E0.02657 F1500
G1 X100.613 Y87.744 Z0.750 E0.02657 F1500
G1 X100.716 Y88.303 Z0.750 E0.02657 F1500
G1 X100.791 Y88.866 Z0.750 E0.02657 F1500
G1 X100.835 Y89.432 Z0.750 E0.02657 F1500
G1 X100.850 Y90.000 Z0.750 E0.02657 F1500
G1 E-0.800 F2400
G0 X100.850 Y90.000 Z1.750 F1200
G0 X101.300 Y90.000 Z1.750 F4800
G0 X101.300 Y90.000 Z0.750 F1200
G1 E0.800 F1800
G1 X101.285 Y90.591 Z0.750 E0.02767 F1500
G1 X101.238 Y91.181 Z0.750 E0.02767 F1500
G1 X101.161 Y91.768 Z0.750 E0.02767 F1500
G1 X101.053 Y92.349 Z0.750 E0.02767 F1500
G1 X100.915 Y92.925 Z0.750 E0.02767 F1500
G1 X100.747 Y93.492 Z0.750 E0.02767 F1500
G1 X100.549 Y94.050 Z0.750 E0.02767 F1500
G1 X100.323 Y94.596 Z0.750 E0.02767 F1500
G1 X100.068 Y95.130 Z0.750 E0.02767 F1500
G1 X99.786 Y95.650 Z0.750 E0.02767 F1500
G1 X99.477 Y96.154 Z0.750 E0.02767 F1500
G1 X99.142 Y96.642 Z0.750 E0.02767 F1500
G1 X98.782 Y97.111 Z0.750 E0.02767 F1500
G1 X98.398 Y97.561 Z0.750 E0.02767 F1500
G1 X97.990 Y97.990 Z0.750 E0.02767 F1500
G1 X97.561 Y98.398 Z0.750 E0.02767 F1500
G1 X97.111 Y98.782 Z0.750 E0.02767 F1500
G1 X96.642 Y99.142 Z0.750 E0.02767 F1500
G1 X96.154 Y99.477 Z0.750 E0.02767 F1500
G1 X95.650 Y99.786 Z0.750 E0.02767 F1500
G1 X95.130 Y100.068 Z0.750 E0.02767 F1500
G1 X94.596 Y100.323 Z0.750 E0.02767 F1500
G1 X94.050 Y100.549 Z0.750 E0.02767 F1500
G1 X93.492 Y100.747 Z0.750 E0.02767 F1500
G1 X92.925 Y100.915 Z0.750 E0.02767 F1500
G1 X92.349 Y101.053 Z0.750 E0.02767 F1500
G1 X91.768 Y101.161 Z0.750 E0.02767 F1500
G1 X91.181 Y101.238 Z0.750 E0.02767 F1500
G1 X90.591 Y101.285 Z0.750 E0.02767 F1500
G1 X90.000 Y101.300 Z0.750 E0.02767 F1500
G1 X89.409 Y101.285 Z0.750 E0.02767 F1500
G1 X88.819 Y101.238 Z0.750 E0.02767 F1500
G1 X88.232 Y101.161 Z0.750 E0.02767 F1500
G1 X87.651 Y101.053 Z0.750 E0.02767 F1500
G1 X87.075 Y100.915 Z0.750 E0.02767 F1500
G1 X86.508 Y100.747 Z0.750 E0.02767 F1500
G1 X85.950 Y100.549 Z0.750 E0.02767 F1500
G1 X85.404 Y100.323 Z0.750 E0.02767 F1500
G1 X84.870 Y100.068 Z0.750 E0.02767 F1500
G1 X84.350 Y99.786 Z0.750 E0.02767 F1500
G1 X83.846 Y99.477 Z0.750 E0.02767 F1500
G1 X83.358 Y99.142 Z0.750 E0.02767 F1500
G1 X82.889 Y98.782 Z0.750 E0.02767 F1500
G1 X82.439 Y98.398 Z0.750 E0.02767 F1500
G1 X82.010 Y97.990 Z0.750 E0.02767 F1500
G1 X81.602 Y97.561 Z0.750 E0.02767 F1500
G1 X81.218 Y97.111 Z0.750 E0.02767 F1500
G1 X80.858 Y96.642 Z0.750 E0.02767 F1500
G1 X80.523 Y96.154 Z0.750 E0.02767 F1500
G1 X80.214 Y95.650 Z0.750 E0.02767 F1500
G1 X79.932 Y95.130 Z0.750 E0.02767 F1500
G1 X79.677 Y94.596 Z0.750 E0.02767 F1500
G1 X79.451 Y94.050 Z0.750 E0.02767 F1500
G1 X79.253 Y93.492 Z0.750 E0.02767 F1500
G1 X79.085 Y92.925 Z0.750 E0.02767 F1500
G1 X78.947 Y92.349 Z0.750 E0.02767 F1500
G1 X78.839 Y91.768 Z0.750 E0.02767 F1500
G1 X78.762 Y91.181 Z0.750 E0.02767 F1500
G1 X78.715 Y90.591 Z0.750 E0.02767 F1500
G1 X78.700 Y90.000 Z0.750 E0.02767 F1500
G1 X78.715 Y89.409 Z0.750 E0.02767 F1500
G1 X78.762 Y88.819 Z0.750 E0.02767 F1500
G1 X78.839 Y88.232 Z0.750 E0.02767 F1500
G1 X78.947 Y87.651 Z0.750 E0.02767 F1500
G1 X79.085 Y87.075 Z0.750 E0.02767 F1500
G1 X79.253 Y86.508 Z0.750 E0.02767 F1500
G1 X79.451 Y85.950 Z0.750 E0.02767 F1500
G1 X79.677 Y85.404 Z0.750 E0.02767 F1500
G1 X79.932 Y84.870 Z0.750 E0.02767 F1500
G1 X80.214 Y84.350 Z0.750 E0.02767 F1500
G1 X80.523 Y83.846 Z0.750 E0.02767 F1500
G1 X80.858 Y83.358 Z0.750 E0.02767 F1500
G1 X81.218 Y82.889 Z0.750 E0.02767 F1500
G1 X81.602 Y82.439 Z0.750 E0.02767 F1500
G1 X82.010 Y82.010 Z0.750 E0.02767 F1500
G1 X82.439 Y81.602 Z0.750 E0.02767 F1500
G1 X82.889 Y81.218 Z0.750 E0.02767 F1500
G1 X83.358 Y80.858 Z0.750 E0.02767 F1500
G1 X83.846 Y80.523 Z0.750 E0.02767 F1500
G1 X84.350 Y80.214 Z0.750 E0.02767 F1500
G1 X84.870 Y79.932 Z0.750 E0.02767 F1500
G1 X85.404 Y79.677 Z0.750 E0.02767 F1500
G1 X85.950 Y79.451 Z0.750 E0.02767 F1500
G1 X86.508 Y79.253 Z0.750 E0.02767 F1500
G1 X87.075 Y79.085 Z0.750 E0.02767 F1500
G1 X87.651 Y78.947 Z0.750 E0.02767 F1500
G1 X88.232 Y78.839 Z0.750 E0.02767 F1500
G1 X88.819 Y78.762 Z0.750 E0.02767 F1500
G1 X89.409 Y78.715 Z0.750 E0.02767 F1500
G1 X90.000 Y78.700 Z0.750 E0.02767 F1500
G1 X90.591 Y78.715 Z0.750 E0.02767 F1500
G1 X91.181 Y78.762 Z0.750 E0.02767 F1500
G1 X91.768 Y78.839 Z0.750 E0.02767 F1500
G1 X92.349 Y78.947 Z0.750 E0.02767 F1500
G1 X92.925 Y79.085 Z0.750 E0.02767 F1500
G1 X93.492 Y79.253 Z0.750 E0.02767 F1500
G1 X94.050 Y79.451 Z0.750 E0.02767 F1500
G1 X94.596 Y79.677 Z0.750 E0.02767 F1500
G1 X95.130 Y79.932 Z0.750 E0.02767 F1500
G1 X95.650 Y80.214 Z0.750 E0.02767 F1500
G1 X96.154 Y80.523 Z0.750 E0.02767 F1500
G1 X96.642 Y80.858 Z0.750 E0.02767 F1500
G1 X97.111 Y81.218 Z0.750 E0.02767 F1500
G1 X97.561 Y81.602 Z0.750 E0.02767 F1500
G1 X97.990 Y82.010 Z0.750 E0.02767 F1500
G1 X98.398 Y82.439 Z0.750 E0.02767 F1500
G1 X98.782 Y82.889 Z0.750 E0.02767 F1500
G1 X99.142 Y83.358 Z0.750 E0.02767 F1500
G1 X99.477 Y83.846 Z0.750 E0.02767 F1500
G1 X99.786 Y84.350 Z0.750 E0.02767 F1500
G1 X100.068 Y84.870 Z0.750 E0.02767 F1500
G1 X100.323 Y85.404 Z0.750 E0.02767 F1500
G1 X100.549 Y85.950 Z0.750 E0.02767 F1500
G1 X100.747 Y86.508 Z0.750 E0.02767 F1500
G1 X100.915 Y87.075 Z0.750 E0.02767 F1500
G1 X101.053 Y87.651 Z0.750 E0.02767 F1500
G1 X101.161 Y88.232 Z0.750 E0.02767 F1500
G1 X101.238 Y88.819 Z0.750 E0.02767 F1500
G1 X101.285 Y89.409 Z0.750 E0.02767 F1500
G1 X101.300 Y90.000 Z0.750 E0.02767 F1500
G1 E-0.800 F2400
G0 X101.300 Y90.000 Z1.750 F1200
G0 X101.750 Y90.000 Z1.750 F4800
G0 X101.750 Y90.000 Z0.750 F1200
G1 E0.800 F1800
G1 X101.734 Y90.615 Z0.750 E0.02877 F1500
G1 X101.686 Y91.228 Z0.750 E0.02877 F1500
G1 X101.605 Y91.838 Z0.750 E0.02877 F1500
G1 X101.493 Y92.443 Z0.750 E0.02877 F1500
G1 X101.350 Y93.041 Z0.750 E0.02877 F1500
G1 X101.175 Y93.631 Z0.750 E0.02877 F1500
G1 X100.970 Y94.211 Z0.750 E0.02877 F1500
G1 X100.734 Y94.779 Z0.750 E0.02877 F1500
G1 X100.469 Y95.334 Z0.750 E0.02877 F1500
G1 X100.176 Y95.875 Z0.750 E0.02877 F1500
G1 X99.854 Y96.400 Z0.750 E0.02877 F1500
G1 X99.506 Y96.906 Z0.750 E0.02877 F1500
G1 X99.131 Y97.395 Z0.750 E0.02877 F1500
G1 X98.732 Y97.862 Z0.750 E0.02877 F1500
G1 X98.309 Y98.309 Z0.750 E0.02877 F1500
G1 X97.862 Y98.732 Z0.750 E0.02877 F1500
G1 X97.395 Y99.131 Z0.750 E0.02877 F1500
G1 X96.906 Y99.506 Z0.750 E0.02877 F1500
G1 X96.400 Y99.854 Z0.750 E0.02877 F1500
G1 X95.875 Y100.176 Z0.750 E0.02877 F1500
G1 X95.334 Y100.469 Z0.750 E0.02877 F1500
G1 X94.779 Y100.734 Z0.750 E0.02877 F1500
G1 X94.211 Y100.970 Z0.750 E0.02877 F1500
G1 X93.631 Y101.175 Z0.750 E0.02877 F1500
G1 X93.041 Y101.350 Z0.750 E0.02877 F1500
G1 X92.443 Y101.493 Z0.750 E0.02877 F1500
G1 X91.838 Y101.605 Z0.750 E0.02877 F1500
G1 X91.228 Y101.686 Z0.750 E0.02877 F1500
G1 X90.615 Y101.734 Z0.750 E0.02877 F1500
G1 X90.000 Y101.750 Z0.750 E0.02877 F1500
G1 X89.385 Y101.734 Z0.750 E0.02877 F1500
G1 X88.772 Y101.686 Z0.750 E0.02877 F1500
G1 X88.162 Y101.605 Z0.750 E0.02877 F1500
G1 X87.557 Y101.493 Z0.750 E0.02877 F1500
G1 X86.959 Y101.350 Z0.750 E0.02877 F1500
G1 X86.369 Y101.175 Z0.750 E0.02877 F1500
G1 X85.789 Y100.970 Z0.750 E0.02877 F1500
G1 X85.221 Y100.734 Z0.750 E0.02877 F1500
G1 X84.666 Y100.469 Z0.750 E0.02877 F1500
G1 X84.125 Y100.176 Z0.750 E0.02877 F1500
G1 X83.600 Y99.854 Z0.750 E0.02877 F1500
G1 X83.094 Y99.506 Z0.750 E0.02877 F1500
G1 X82.605 Y99.131 Z0.750 E0.02877 F1500
G1 X82.138 Y98.732 Z0.750 E0.02877 F1500
G1 X81.691 Y98.309 Z0.750 E0.02877 F1500
G1 X81.268 Y97.862 Z0.750 E0.02877 F1500
G1 X80.869 Y97.395 Z0.750 E0.02877 F1500
G1 X80.494 Y96.906 Z0.750 E0.02877 F1500
G1 X80.146 Y96.400 Z0.750 E0.02877 F1500
G1 X79.824 Y95.875 Z0.750 E0.02877 F1500
G1 X79.531 Y95.334 Z0.750 E0.02877 F1500
G1 X79.266 Y94.779 Z0.750 E0.02877 F1500
G1 X79.030 Y94.211 Z0.750 E0.02877 F1500
G1 X78.825 Y93.631 Z0.750 E0.02877 F1500
G1 X78.650 Y93.041 Z0.750 E0.02877 F1500
G1 X78.507 Y92.443 Z0.750 E0.02877 F1500
G1 X78.395 Y91.838 Z0.750 E0.02877 F1500
G1 X78.314 Y91.228 Z0.750 E0.02877 F1500
G1 X78.266 Y90.615 Z0.750 E0.02877 F1500
G1 X78.250 Y90.000 Z0.750 E0.02877 F1500
G1 X78.266 Y89.385 Z0.750 E0.02877 F1500
G1 X78.314 Y88.772 Z0.750 E0.02877 F1500
G1 X78.395 Y88.162 Z0.750 E0.02877 F1500
G1 X78.507 Y87.557 Z0.750 E0.02877 F1500
G1 X78.650 Y86.959 Z0.750 E0.02877 F1500
G1 X78.825 Y86.369 Z0.750 E0.02877 F1500
G1 X79.030 Y85.789 Z0.750 E0.02877 F1500
G1 X79.266 Y85.221 Z0.750 E0.02877 F1500
G1 X79.531 Y84.666 Z0.750 E0.02877 F1500
G1 X79.824 Y84.125 Z0.750 E0.02877 F1500
G1 X80.146 Y83.600 Z0.750 E0.02877 F1500
G1 X80.494 Y83.094 Z0.750 E0.02877 F1500
G1 X80.869 Y82.605 Z0.750 E0.02877 F1500
G1 X81.268 Y82.138 Z0.750 E0.02877 F1500
G1 X81.691 Y81.691 Z0.750 E0.02877 F1500
G1 X82.138 Y81.268 Z0.750 E0.02877 F1500
G1 X82.605 Y80.869 Z0.750 E0.02877 F1500
G1 X83.094 Y80.494 Z0.750 E0.02877 F1500
G1 X83.600 Y80.146 Z0.750 E0.02877 F1500
G1 X84.125 Y79.824 Z0.750 E0.02877 F1500
G1 X84.666 Y79.531 Z0.750 E0.02877 F1500
G1 X85.221 Y79.266 Z0.750 E0.02877 F1500
G1 X85.789 Y79.030 Z0.750 E0.02877 F1500
G1 X86.369 Y78.825 Z0.750 E0.02877 F1500
G1 X86.959 Y78.650 Z0.750 E0.02877 F1500
G1 X87.557 Y78.507 Z0.750 E0.02877 F1500
G1 X88.162 Y78.395 Z0.750 E0.02877 F1500
G1 X88.772 Y78.314 Z0.750 E0.02877 F1500
G1 X89.385 Y78.266 Z0.750 E0.02877 F1500
G1 X90.000 Y78.250 Z0.750 E0.02877 F1500
G1 X90.615 Y78.266 Z0.750 E0.02877 F1500
G1 X91.228 Y78.314 Z0.750 E0.02877 F1500
G1 X91.838 Y78.395 Z0.750 E0.02877 F1500
G1 X92.443 Y78.507 Z0.750 E0.02877 F1500
G1 X93.041 Y78.650 Z0.750 E0.02877 F1500
G1 X93.631 Y78.825 Z0.750 E0.02877 F1500
G1 X94.211 Y79.030 Z0.750 E0.02877 F1500
G1 X94.779 Y79.266 Z0.750 E0.02877 F1500
G1 X95.334 Y79.531 Z0.750 E0.02877 F1500
G1 X95.875 Y79.824 Z0.750 E0.02877 F1500
G1 X96.400 Y80.146 Z0.750 E0.02877 F1500
G1 X96.906 Y80.494 Z0.750 E0.02877 F1500
G1 X97.395 Y80.869 Z0.750 E0.02877 F1500
G1 X97.862 Y81.268 Z0.750 E0.02877 F1500
G1 X98.309 Y81.691 Z0.750 E0.02877 F1500
G1 X98.732 Y82.138 Z0.750 E0.02877 F1500
G1 X99.131 Y82.605 Z0.750 E0.02877 F1500
G1 X99.506 Y83.094 Z0.750 E0.02877 F1500
G1 X99.854 Y83.600 Z0.750 E0.02877 F1500
G1 X100.176 Y84.125 Z0.750 E0.02877 F1500
G1 X100.469 Y84.666 Z0.750 E0.02877 F1500
G1 X100.734 Y85.221 Z0.750 E0.02877 F1500
G1 X100.970 Y85.789 Z0.750 E0.02877 F1500
G1 X101.175 Y86.369 Z0.750 E0.02877 F1500
G1 X101.350 Y86.959 Z0.750 E0.02877 F1500
G1 X101.493 Y87.557 Z0.750 E0.02877 F1500
G1 X101.605 Y88.162 Z0.750 E0.02877 F1500
G1 X101.686 Y88.772 Z0.750 E0.02877 F1500
G1 X101.734 Y89.385 Z0.750 E0.02877 F1500
G1 X101.750 Y90.000 Z0.750 E0.02877 F1500
G1 E-0.800 F2400
G0 X101.750 Y90.000 Z1.750 F1200
G0 X102.200 Y90.000 Z1.750 F4800
G0 X102.200 Y90.000 Z0.750 F1200
G1 E0.800 F1800
G1 X102.183 Y90.638 Z0.750 E0.02987 F1500
G1 X102.133 Y91.275 Z0.750 E0.02987 F1500
G1 X102.050 Y91.909 Z0.750 E0.02987 F1500
G1 X101.933 Y92.537 Z0.750 E0.02987 F1500
G1 X101.784 Y93.158 Z0.750 E0.02987 F1500
G1 X101.603 Y93.770 Z0.750 E0.02987 F1500
G1 X101.390 Y94.372 Z0.750 E0.02987 F1500
G1 X101.145 Y94.962 Z0.750 E0.02987 F1500
G1 X100.870 Y95.539 Z0.750 E0.02987 F1500
G1 X100.566 Y96.100 Z0.750 E0.02987 F1500
G1 X100.232 Y96.645 Z0.750 E0.02987 F1500
G1 X99.870 Y97.171 Z0.750 E0.02987 F1500
G1 X99.481 Y97.678 Z0.750 E0.02987 F1500
G1 X99.066 Y98.163 Z0.750 E0.02987 F1500
G1 X98.627 Y98.627 Z0.750 E0.02987 F1500
G1 X98.163 Y99.066 Z0.750 E0.02987 F1500
G1 X97.678 Y99.481 Z0.750 E0.02987 F1500
G1 X97.171 Y99.870 Z0.750 E0.02987 F1500
G1 X96.645 Y100.232 Z0.750 E0.02987 F1500
G1 X96.100 Y100.566 Z0.750 E0.02987 F1500
G1 X95.539 Y100.870 Z0.750 E0.02987 F1500
G1 X94.962 Y101.145 Z0.750 E0.02987 F1500
G1 X94.372 Y101.390 Z0.750 E0.02987 F1500
G1 X93.770 Y101.603 Z0.750 E0.02987 F1500
G1 X93.158 Y101.784 Z0.750 E0.02987 F1500
G1 X92.537 Y101.933 Z0.750 E0.02987 F1500
G1 X91.909 Y102.050 Z0.750 E0.02987 F1500
G1 X91.275 Y102.133 Z0.750 E0.02987 F1500
G1 X90.638 Y102.183 Z0.750 E0.02987 F1500
G1 X90.000 Y102.200 Z0.750 E0.02987 F1500
G1 X89.362 Y102.183 Z0.750 E0.02987 F1500
G1 X88.725 Y102.133 Z0.750 E0.02987 F1500
G1 X88.091 Y102.050 Z0.750 E0.02987 F1500
G1 X87.463 Y101.933 Z0.750 E0.02987 F1500
G1 X86.842 Y101.784 Z0.750 E0.02987 F1500
G1 X86.230 Y101.603 Z0.750 E0.02987 F1500
G1 X85.628 Y101.390 Z0.750 E0.02987 F1500
G1 X85.038 Y101.145 Z0.750 E0.02987 F1500
G1 X84.461 Y100.870 Z0.750 E0.02987 F1500
G1 X83.900 Y100.566 Z0.750 E0.02987 F1500
G1 X83.355 Y100.232 Z0.750 E0.02987 F1500
G1 X82.829 Y99.870 Z0.750 E0.02987 F1500
G1 X82.322 Y99.481 Z0.750 E0.02987 F1500
G1 X81.837 Y99.066 Z0.750 E0.02987 F1500
G1 X81.373 Y98.627 Z0.750 E0.02987 F1500
G1 X80.934 Y98.163 Z0.750 E0.02987 F1500
G1 X80.519 Y97.678 Z0.750 E0.02987 F1500
G1 X80.130 Y97.171 Z0.750 E0.02987 F1500
G1 X79.768 Y96.645 Z0.750 E0.02987 F1500
G1 X79.434 Y96.100 Z0.750 E0.02987 F1500
G1 X79.130 Y95.539 Z0.750 E0.02987 F1500
G1 X78.855 Y94.962 Z0.750 E0.02987 F1500
G1 X78.610 Y94.372 Z0.750 E0.02987 F1500
G1 X78.397 Y93.770 Z0.750 E0.02987 F1500
G1 X78.216 Y93.158 Z0.750 E0.02987 F1500
G1 X78.067 Y92.537 Z0.750 E0.02987 F1500
G1 X77.950 Y91.909 Z0.750 E0.02987 F1500
G1 X77.867 Y91.275 Z0.750 E0.02987 F1500
G1 X77.817 Y90.638 Z0.750 E0.02987 F1500
G1 X77.800 Y90.000 Z0.750 E0.02987 F1500
G1 X77.817 Y89.362 Z0.750 E0.02987 F1500
G1 X77.867 Y88.725 Z0.750 E0.02987 F1500
G1 X77.950 Y88.091 Z0.750 E0.02987 F1500
G1 X78.067 Y87.463 Z0.750 E0.02987 F1500
G1 X78.216 Y86.842 Z0.750 E0.02987 F1500
G1 X78.397 Y86.230 Z0.750 E0.02987 F1500
G1 X78.610 Y85.628 Z0.750 E0.02987 F1500
G1 X78.855 Y85.038 Z0.750 E0.02987 F1500
G1 X79.130 Y84.461 Z0.750 E0.02987 F1500
G1 X79.434 Y83.900 Z0.750 E0.02987 F1500
G1 X79.768 Y83.355 Z0.750 E0.02987 F1500
G1 X80.130 Y82.829 Z0.750 E0.02987 F1500
G1 X80.519 Y82.322 Z0.750 E0.02987 F1500
G1 X80.934 Y81.837 Z0.750 E0.02987 F1500
G1 X81.373 Y81.373 Z0.750 E0.02987 F1500
G1 X81.837 Y80.934 Z0.750 E0.02987 F1500
G1 X82.322 Y80.519 Z0.750 E0.02987 F1500
G1 X82.829 Y80.130 Z0.750 E0.02987 F1500
G1 X83.355 Y79.768 Z0.750 E0.02987 F1500
G1 X83.900 Y79.434 Z0.750 E0.02987 F1500
G1 X84.461 Y79.130 Z0.750 E0.02987 F1500
G1 X85.038 Y78.855 Z0.750 E0.02987 F1500
G1 X85.628 Y78.610 Z0.750 E0.02987 F1500
G1 X86.230 Y78.397 Z0.750 E0.02987 F1500
G1 X86.842 Y78.216 Z0.750 E0.02987 F1500
G1 X87.463 Y78.067 Z0.750 E0.02987 F1500
G1 X88.091 Y77.950 Z0.750 E0.02987 F1500
G1 X88.725 Y77.867 Z0.750 E0.02987 F1500
G1 X89.362 Y77.817 Z0.750 E0.02987 F1500
G1 X90.000 Y77.800 Z0.750 E0.02987 F1500
G1 X90.638 Y77.817 Z0.750 E0.02987 F1500
G1 X91.275 Y77.867 Z0.750 E0.02987 F1500
G1 X91.909 Y77.950 Z0.750 E0.02987 F1500
G1 X92.537 Y78.067 Z0.750 E0.02987 F1500
G1 X93.158 Y78.216 Z0.750 E0.02987 F1500
G1 X93.770 Y78.397 Z0.750 E0.02987 F1500
G1 X94.372 Y78.610 Z0.750 E0.02987 F1500
G1 X94.962 Y78.855 Z0.750 E0.02987 F1500
G1 X95.539 Y79.130 Z0.750 E0.02987 F1500
G1 X96.100 Y79.434 Z0.750 E0.02987 F1500
G1 X96.645 Y79.768 Z0.750 E0.02987 F1500
G1 X97.171 Y80.130 Z0.750 E0.02987 F1500
G1 X97.678 Y80.519 Z0.750 E0.02987 F1500
G1 X98.163 Y80.934 Z0.750 E0.02987 F1500
G1 X98.627 Y81.373 Z0.750 E0.02987 F1500
G1 X99.066 Y81.837 Z0.750 E0.02987 F1500
G1 X99.481 Y82.322 Z0.750 E0.02987 F1500
G1 X99.870 Y82.829 Z0.750 E0.02987 F1500
G1 X100.232 Y83.355 Z0.750 E0.02987 F1500
G1 X100.566 Y83.900 Z0.750 E0.02987 F1500
G1 X100.870 Y84.461 Z0.750 E0.02987 F1500
G1 X101.145 Y85.038 Z0.750 E0.02987 F1500
G1 X101.390 Y85.628 Z0.750 E0.02987 F1500
G1 X101.603 Y86.230 Z0.750 E0.02987 F1500
G1 X101.784 Y86.842 Z0.750 E0.02987 F1500
G1 X101.933 Y87.463 Z0.750 E0.02987 F1500
G1 X102.050 Y88.091 Z0.750 E0.02987 F1500
G1 X102.133 Y88.725 Z0.750 E0.02987 F1500
G1 X102.183 Y89.362 Z0.750 E0.02987 F1500
G1 X102.200 Y90.000 Z0.750 E0.02987 F1500
G1 E-0.800 F2400
G0 X102.200 Y90.000 Z1.750 F1200
G0 X102.650 Y90.000 Z1.750 F4800
G0 X102.650 Y90.000 Z0.750 F1200
G1 E0.800 F1800
G1 X102.633 Y90.662 Z0.750 E0.03098 F1500
G1 X102.581 Y91.322 Z0.750 E0.03098 F1500
G1 X102.494 Y91.979 Z0.750 E0.03098 F1500
G1 X102.374 Y92.630 Z0.750 E0.03098 F1500
G1 X102.219 Y93.274 Z0.750 E0.03098 F1500
G1 X102.031 Y93.909 Z0.750 E0.03098 F1500
G1 X101.810 Y94.533 Z0.750 E0.03098 F1500
G1 X101.556 Y95.145 Z0.750 E0.03098 F1500
G1 X101.271 Y95.743 Z0.750 E0.03098 F1500
G1 X100.955 Y96.325 Z0.750 E0.03098 F1500
G1 X100.609 Y96.890 Z0.750 E0.03098 F1500
G1 X100.234 Y97.435 Z0.750 E0.03098 F1500
G1 X99.831 Y97.961 Z0.750 E0.03098 F1500
G1 X99.401 Y98.465 Z0.750 E0.03098 F1500
G1 X98.945 Y98.945 Z0.750 E0.03098 F1500
G1 X98.465 Y99.401 Z0.750 E0.03098 F1500
G1 X97.961 Y99.831 Z0.750 E0.03098 F1500
G1 X97.435 Y100.234 Z0.750 E0.03098 F1500
G1 X96.890 Y100.609 Z0.750 E0.03098 F1500
G1 X96.325 Y100.955 Z0.750 E0.03098 F1500
G1 X95.743 Y101.271 Z0.750 E0.03098 F1500
G1 X95.145 Y101.556 Z0.750 E0.03098 F1500
G1 X94.533 Y101.810 Z0.750 E0.03098 F1500
G1 X93.909 Y102.031 Z0.750 E0.03098 F1500
G1 X93.274 Y102.219 Z0.750 E0.03098 F1500
G1 X92.630 Y102.374 Z0.750 E0.03098 F1500
G1 X91.979 Y102.494 Z0.750 E0.03098 F1500
G1 X91.322 Y102.581 Z0.750 E0.03098 F1500
G1 X90.662 Y102.633 Z0.750 E0.03098 F1500
G1 X90.000 Y102.650 Z0.750 E0.03098 F1500
G1 X89.338 Y102.633 Z0.750 E0.03098 F1500
G1 X88.678 Y102.581 Z0.750 E0.03098 F1500
G1 X88.021 Y102.494 Z0.750 E0.03098 F1500
G1 X87.370 Y102.374 Z0.750 E0.03098 F1500
G1 X86.726 Y102.219 Z0.750 E0.03098 F1500
G1 X86.091 Y102.031 Z0.750 E0.03098 F1500
G1 X85.467 Y101.810 Z0.750 E0.03098 F1500
G1 X84.855 Y101.556 Z0.750 E0.03098 F1500
G1 X84.257 Y101.271 Z0.750 E0.03098 F1500
G1 X83.675 Y100.955 Z0.750 E0.03098 F1500
G1 X83.110 Y100.609 Z0.750 E0.03098 F1500
G1 X82.565 Y100.234 Z0.750 E0.03098 F1500
G1 X82.039 Y99.831 Z0.750 E0.03098 F1500
G1 X81.535 Y99.401 Z0.750 E0.03098 F1500
G1 X81.055 Y98.945 Z0.750 E0.03098 F1500
G1 X80.599 Y98.465 Z0.750 E0.03098 F1500
G1 X80.169 Y97.961 Z0.750 E0.03098 F1500
G1 X79.766 Y97.435 Z0.750 E0.03098 F1500
G1 X79.391 Y96.890 Z0.750 E0.03098 F1500
G1 X79.045 Y96.325 Z0.750 E0.03098 F1500
G1 X78.729 Y95.743 Z0.750 E0.03098 F1500
G1 X78.444 Y95.145 Z0.750 E0.03098 F1500
G1 X78.190 Y94.533 Z0.750 E0.03098 F1500
G1 X77.969 Y93.909 Z0.750 E0.03098 F1500
G1 X77.781 Y93.274 Z0.750 E0.03098 F1500
G1 X77.626 Y92.630 Z0.750 E0.03098 F1500
G1 X77.506 Y91.979 Z0.750 E0.03098 F1500
G1 X77.419 Y91.322 Z0.750 E0.03098 F1500
G1 X77.367 Y90.662 Z0.750 E0.03098 F1500
G1 X77.350 Y90.000 Z0.750 E0.03098 F1500
G1 X77.367 Y89.338 Z0.750 E0.03098 F1500
G1 X77.419 Y88.678 Z0.750 E0.03098 F1500
G1 X77.506 Y88.021 Z0.750 E0.03098 F1500
G1 X77.626 Y87.370 Z0.750 E0.03098 F1500
G1 X77.781 Y86.726 Z0.750 E0.03098 F1500
G1 X77.969 Y86.091 Z0.750 E0.03098 F1500
G1 X78.190 Y85.467 Z0.750 E0.03098 F1500
G1 X78.444 Y84.855 Z0.750 E0.03098 F1500
G1 X78.729 Y84.257 Z0.750 E0.03098 F1500
G1 X79.045 Y83.675 Z0.750 E0.03098 F1500
G1 X79.391 Y83.110 Z0.750 E0.03098 F1500
G1 X79.766 Y82.565 Z0.750 E0.03098 F1500
G1 X80.169 Y82.039 Z0.750 E0.03098 F1500
G1 X80.599 Y81.535 Z0.750 E0.03098 F1500
G1 X81.055 Y81.055 Z0.750 E0.03098 F1500
G1 X81.535 Y80.599 Z0.750 E0.03098 F1500
G1 X82.039 Y80.169 Z0.750 E0.03098 F1500
G1 X82.565 Y79.766 Z0.750 E0.03098 F1500
G1 X83.110 Y79.391 Z0.750 E0.03098 F1500
G1 X83.675 Y79.045 Z0.750 E0.03098 F1500
G1 X84.257 Y78.729 Z0.750 E0.03098 F1500
G1 X84.855 Y78.444 Z0.750 E0.03098 F1500
G1 X85.467 Y78.190 Z0.750 E0.03098 F1500
G1 X86.091 Y77.969 Z0.750 E0.03098 F1500
G1 X86.726 Y77.781 Z0.750 E0.03098 F1500
G1 X87.370 Y77.626 Z0.750 E0.03098 F1500
G1 X88.021 Y77.506 Z0.750 E0.03098 F1500
G1 X88.678 Y77.419 Z0.750 E0.03098 F1500
G1 X89.338 Y77.367 Z0.750 E0.03098 F1500
G1 X90.000 Y77.350 Z0.750 E0.03098 F1500
G1 X90.662 Y77.367 Z0.750 E0.03098 F1500
G1 X91.322 Y77.419 Z0.750 E0.03098 F1500
G1 X91.979 Y77.506 Z0.750 E0.03098 F1500
G1 X92.630 Y77.626 Z0.750 E0.03098 F1500
G1 X93.274 Y77.781 Z0.750 E0.03098 F1500
G1 X93.909 Y77.969 Z0.750 E0.03098 F1500
G1 X94.533 Y78.190 Z0.750 E0.03098 F1500
G1 X95.145 Y78.444 Z0.750 E0.03098 F1500
G1 X95.743 Y78.729 Z0.750 E0.03098 F1500
G1 X96.325 Y79.045 Z0.750 E0.03098 F1500
G1 X96.890 Y79.391 Z0.750 E0.03098 F1500
G1 X97.435 Y79.766 Z0.750 E0.03098 F1500
G1 X97.961 Y80.169 Z0.750 E0.03098 F1500
G1 X98.465 Y80.599 Z0.750 E0.03098 F1500
G1 X98.945 Y81.055 Z0.750 E0.03098 F1500
G1 X99.401 Y81.535 Z0.750 E0.03098 F1500
G1 X99.831 Y82.039 Z0.750 E0.03098 F1500
G1 X100.234 Y82.565 Z0.750 E0.03098 F1500
G1 X100.609 Y83.110 Z0.750 E0.03098 F1500
G1 X100.955 Y83.675 Z0.750 E0.03098 F1500
G1 X101.271 Y84.257 Z0.750 E0.03098 F1500
G1 X101.556 Y84.855 Z0.750 E0.03098 F1500
G1 X101.810 Y85.467 Z0.750 E0.03098 F1500
G1 X102.031 Y86.091 Z0.750 E0.03098 F1500
G1 X102.219 Y86.726 Z0.750 E0.03098 F1500
G1 X102.374 Y87.370 Z0.750 E0.03098 F1500
G1 X102.494 Y88.021 Z0.750 E0.03098 F1500
G1 X102.581 Y88.678 Z0.750 E0.03098 F1500
G1 X102.633 Y89.338 Z0.750 E0.03098 F1500
G1 X102.650 Y90.000 Z0.750 E0.03098 F1500
G1 E-0.800 F2400
G0 X102.650 Y90.000 Z1.750 F1200
G0 X103.100 Y90.000 Z1.750 F4800
G0 X103.100 Y90.000 Z0.750 F1200
G1 E0.800 F1800
G1 X103.082 Y90.686 Z0.750 E0.03208 F1500
G1 X103.028 Y91.369 Z0.750 E0.03208 F1500
G1 X102.939 Y92.049 Z0.750 E0.03208 F1500
G1 X102.814 Y92.724 Z0.750 E0.03208 F1500
G1 X102.654 Y93.391 Z0.750 E0.03208 F1500
G1 X102.459 Y94.048 Z0.750 E0.03208 F1500
G1 X102.230 Y94.695 Z0.750 E0.03208 F1500
G1 X101.967 Y95.328 Z0.750 E0.03208 F1500
G1 X101.672 Y95.947 Z0.750 E0.03208 F1500
G1 X101.345 Y96.550 Z0.750 E0.03208 F1500
G1 X100.987 Y97.135 Z0.750 E0.03208 F1500
G1 X100.598 Y97.700 Z0.750 E0.03208 F1500
G1 X100.181 Y98.244 Z0.750 E0.03208 F1500
G1 X99.735 Y98.766 Z0.750 E0.03208 F1500
G1 X99.263 Y99.263 Z0.750 E0.03208 F1500
G1 X98.766 Y99.735 Z0.750 E0.03208 F1500
G1 X98.244 Y100.181 Z0.750 E0.03208 F1500
G1 X97.700 Y100.598 Z0.750 E0.03208 F1500
G1 X97.135 Y100.987 Z0.750 E0.03208 F1500
G1 X96.550 Y101.345 Z0.750 E0.03208 F1500
G1 X95.947 Y101.672 Z0.750 E0.03208 F1500
G1 X95.328 Y101.967 Z0.750 E0.03208 F1500
G1 X94.695 Y102.230 Z0.750 E0.03208 F1500
G1 X94.048 Y102.459 Z0.750 E0.03208 F1500
G1 X93.391 Y102.654 Z0.750 E0.03208 F1500
G1 X92.724 Y102.814 Z0.750 E0.03208 F1500
G1 X92.049 Y102.939 Z0.750 E0.03208 F1500
G1 X91.369 Y103.028 Z0.750 E0.03208 F1500
G1 X90.686 Y103.082 Z0.750 E0.03208 F1500
G1 X90.000 Y103.100 Z0.750 E0.03208 F1500
G1 X89.314 Y103.082 Z0.750 E0.03208 F1500
G1 X88.631 Y103.028 Z0.750 E0.03208 F1500
G1 X87.951 Y102.939 Z0.750 E0.03208 F1500
G1 X87.276 Y102.814 Z0.750 E0.03208 F1500
G1 X86.609 Y102.654 Z0.750 E0.03208 F1500
G1 X85.952 Y102.459 Z0.750 E0.03208 F1500
G1 X85.305 Y102.230 Z0.750 E0.03208 F1500
G1 X84.672 Y101.967 Z0.750 E0.03208 F1500
G1 X84.053 Y101.672 Z0.750 E0.03208 F1500
G1 X83.450 Y101.345 Z0.750 E0.03208 F1500
G1 X82.865 Y100.987 Z0.750 E0.03208 F1500
G1 X82.300 Y100.598 Z0.750 E0.03208 F1500
G1 X81.756 Y100.181 Z0.750 E0.03208 F1500
G1 X81.234 Y99.735 Z0.750 E0.03208 F1500
G1 X80.737 Y99.263 Z0.750 E0.03208 F1500
G1 X80.265 Y98.766 Z0.750 E0.03208 F1500
G1 X79.819 Y98.244 Z0.750 E0.03208 F1500
G1 X79.402 Y97.700 Z0.750 E0.03208 F1500
G1 X79.013 Y97.135 Z0.750 E0.03208 F1500
G1 X78.655 Y96.550 Z0.750 E0.03208 F1500
G1 X78.328 Y95.947 Z0.750 E0.03208 F1500
G1 X78.033 Y95.328 Z0.750 E0.03208 F1500
G1 X77.770 Y94.695 Z0.750 E0.03208 F1500
G1 X77.541 Y94.048 Z0.750 E0.03208 F1500
G1 X77.346 Y93.391 Z0.750 E0.03208 F1500
G1 X77.186 Y92.724 Z0.750 E0.03208 F1500
G1 X77.061 Y92.049 Z0.750 E0.03208 F1500
G1 X76.972 Y91.369 Z0.750 E0.03208 F1500
G1 X76.918 Y90.686 Z0.750 E0.03208 F1500
G1 X76.900 Y90.000 Z0.750 E0.03208 F1500
G1 X76.918 Y89.314 Z0.750 E0.03208 F1500
G1 X76.972 Y88.631 Z0.750 E0.03208 F1500
G1 X77.061 Y87.951 Z0.750 E0.03208 F1500
G1 X77.186 Y87.276 Z0.750 E0.03208 F1500
G1 X77.346 Y86.609 Z0.750 E0.03208 F1500
G1 X77.541 Y85.952 Z0.750 E0.03208 F1500
G1 X77.770 Y85.305 Z0.750 E0.03208 F1500
G1 X78.033 Y84.672 Z0.750 E0.03208 F1500
G1 X78.328 Y84.053 Z0.750 E0.03208 F1500
G1 X78.655 Y83.450 Z0.750 E0.03208 F1500
G1 X79.013 Y82.865 Z0.750 E0.03208 F1500
G1 X79.402 Y82.300 Z0.750 E0.03208 F1500
G1 X79.819 Y81.756 Z0.750 E0.03208 F1500
G1 X80.265 Y81.234 Z0.750 E0.03208 F1500
G1 X80.737 Y80.737 Z0.750 E0.03208 F1500
G1 X81.234 Y80.265 Z0.750 E0.03208 F1500
G1 X81.756 Y79.819 Z0.750 E0.03208 F1500
G1 X82.300 Y79.402 Z0.750 E0.03208 F1500
G1 X82.865 Y79.013 Z0.750 E0.03208 F1500
G1 X83.450 Y78.655 Z0.750 E0.03208 F1500
G1 X84.053 Y78.328 Z0.750 E0.03208 F1500
G1 X84.672 Y78.033 Z0.750 E0.03208 F1500
G1 X85.305 Y77.770 Z0.750 E0.03208 F1500
G1 X85.952 Y77.541 Z0.750 E0.03208 F1500
G1 X86.609 Y77.346 Z0.750 E0.03208 F1500
G1 X87.276 Y77.186 Z0.750 E0.03208 F1500
G1 X87.951 Y77.061 Z0.750 E0.03208 F1500
G1 X88.631 Y76.972 Z0.750 E0.03208 F1500
G1 X89.314 Y76.918 Z0.750 E0.03208 F1500
G1 X90.000 Y76.900 Z0.750 E0.03208 F1500
G1 X90.686 Y76.918 Z0.750 E0.03208 F1500
G1 X91.369 Y76.972 Z0.750 E0.03208 F1500
G1 X92.049 Y77.061 Z0.750 E0.03208 F1500
G1 X92.724 Y77.186 Z0.750 E0.03208 F1500
G1 X93.391 Y77.346 Z0.750 E0.03208 F1500
G1 X94.048 Y77.541 Z0.750 E0.03208 F1500
G1 X94.695 Y77.770 Z0.750 E0.03208 F1500
G1 X95.328 Y78.033 Z0.750 E0.03208 F1500
G1 X95.947 Y78.328 Z0.750 E0.03208 F1500
G1 X96.550 Y78.655 Z0.750 E0.03208 F1500
G1 X97.135 Y79.013 Z0.750 E0.03208 F1500
G1 X97.700 Y79.402 Z0.750 E0.03208 F1500
G1 X98.244 Y79.819 Z0.750 E0.03208 F1500
G1 X98.766 Y80.265 Z0.750 E0.03208 F1500
G1 X99.263 Y80.737 Z0.750 E0.03208 F1500
G1 X99.735 Y81.234 Z0.750 E0.03208 F1500
G1 X100.181 Y81.756 Z0.750 E0.03208 F1500
G1 X100.598 Y82.300 Z0.750 E0.03208 F1500
G1 X100.987 Y82.865 Z0.750 E0.03208 F1500
G1 X101.345 Y83.450 Z0.750 E0.03208 F1500
G1 X101.672 Y84.053 Z0.750 E0.03208 F1500
G1 X101.967 Y84.672 Z0.750 E0.03208 F1500
G1 X102.230 Y85.305 Z0.750 E0.03208 F1500
G1 X102.459 Y85.952 Z0.750 E0.03208 F1500
G1 X102.654 Y86.609 Z0.750 E0.03208 F1500
G1 X102.814 Y87.276 Z0.750 E0.03208 F1500
G1 X102.939 Y87.951 Z0.750 E0.03208 F1500
G1 X103.028 Y88.631 Z0.750 E0.03208 F1500
G1 X103.082 Y89.314 Z0.750 E0.03208 F1500
G1 X103.100 Y90.000 Z0.750 E0.03208 F1500
G1 E-0.800 F2400
G0 X103.100 Y90.000 Z1.750 F1200
G0 X103.550 Y90.000 Z1.750 F4800
G0 X103.550 Y90.000 Z0.750 F1200
G1 E0.800 F1800
G1 X103.531 Y90.709 Z0.750 E0.03318 F1500
G1 X103.476 Y91.416 Z0.750 E0.03318 F1500
G1 X103.383 Y92.120 Z0.750 E0.03318 F1500
G1 X103.254 Y92.817 Z0.750 E0.03318 F1500
G1 X103.088 Y93.507 Z0.750 E0.03318 F1500
G1 X102.887 Y94.187 Z0.750 E0.03318 F1500
G1 X102.650 Y94.856 Z0.750 E0.03318 F1500
G1 X102.379 Y95.511 Z0.750 E0.03318 F1500
G1 X102.073 Y96.152 Z0.750 E0.03318 F1500
G1 X101.735 Y96.775 Z0.750 E0.03318 F1500
G1 X101.364 Y97.380 Z0.750 E0.03318 F1500
G1 X100.962 Y97.964 Z0.750 E0.03318 F1500
G1 X100.530 Y98.527 Z0.750 E0.03318 F1500
G1 X100.070 Y99.067 Z0.750 E0.03318 F1500
G1 X99.581 Y99.581 Z0.750 E0.03318 F1500
G1 X99.067 Y100.070 Z0.750 E0.03318 F1500
G1 X98.527 Y100.530 Z0.750 E0.03318 F1500
G1 X97.964 Y100.962 Z0.750 E0.03318 F1500
G1 X97.380 Y101.364 Z0.750 E0.03318 F1500
G1 X96.775 Y101.735 Z0.750 E0.03318 F1500
G1 X96.152 Y102.073 Z0.750 E0.03318 F1500
G1 X95.511 Y102.379 Z0.750 E0.03318 F1500
G1 X94.856 Y102.650 Z0.750 E0.03318 F1500
G1 X94.187 Y102.887 Z0.750 E0.03318 F1500
G1 X93.507 Y103.088 Z0.750 E0.03318 F1500
G1 X92.817 Y103.254 Z0.750 E0.03318 F1500
G1 X92.120 Y103.383 Z0.750 E0.03318 F1500
G1 X91.416 Y103.476 Z0.750 E0.03318 F1500
G1 X90.709 Y103.531 Z0.750 E0.03318 F1500
G1 X90.000 Y103.550 Z0.750 E0.03318 F1500
G1 X89.291 Y103.531 Z0.750 E0.03318 F1500
G1 X88.584 Y103.476 Z0.750 E0.03318 F1500
G1 X87.880 Y103.383 Z0.750 E0.03318 F1500
G1 X87.183 Y103.254 Z0.750 E0.03318 F1500
G1 X86.493 Y103.088 Z0.750 E0.03318 F1500
G1 X85.813 Y102.887 Z0.750 E0.03318 F1500
G1 X85.144 Y102.650 Z0.750 E0.03318 F1500
G1 X84.489 Y102.379 Z0.750 E0.03318 F1500
G1 X83.848 Y102.073 Z0.750 E0.03318 F1500
G1 X83.225 Y101.735 Z0.750 E0.03318 F1500
G1 X82.620 Y101.364 Z0.750 E0.03318 F1500
G1 X82.036 Y100.962 Z0.750 E0.03318 F1500
G1 X81.473 Y100.530 Z0.750 E0.03318 F1500
G1 X80.933 Y100.070 Z0.750 E0.03318 F1500
G1 X80.419 Y99.581 Z0.750 E0.03318 F1500
G1 X79.930 Y99.067 Z0.750 E0.03318 F1500
G1 X79.470 Y98.527 Z0.750 E0.03318 F1500
G1 X79.038 Y97.964 Z0.750 E0.03318 F1500
G1 X78.636 Y97.380 Z0.750 E0.03318 F1500
G1 X78.265 Y96.775 Z0.750 E0.03318 F1500
G1 X77.927 Y96.152 Z0.750 E0.03318 F1500
G1 X77.621 Y95.511 Z0.750 E0.03318 F1500
G1 X77.350 Y94.856 Z0.750 E0.03318 F1500
G1 X77.113 Y94.187 Z0.750 E0.03318 F1500
G1 X76.912 Y93.507 Z0.750 E0.03318 F1500
G1 X76.746 Y92.817 Z0.750 E0.03318 F1500
G1 X76.617 Y92.120 Z0.750 E0.03318 F1500
G1 X76.524 Y91.416 Z0.750 E0.03318 F1500
G1 X76.469 Y90.709 Z0.750 E0.03318 F1500
G1 X76.450 Y90.000 Z0.750 E0.03318 F1500
G1 X76.469 Y89.291 Z0.750 E0.03318 F1500
G1 X76.524 Y88.584 Z0.750 E0.03318 F1500
G1 X76.617 Y87.880 Z0.750 E0.03318 F1500
G1 X76.746 Y87.183 Z0.750 E0.03318 F1500
G1 X76.912 Y86.493 Z0.750 E0.03318 F1500
G1 X77.113 Y85.813 Z0.750 E0.03318 F1500
G1 X77.350 Y85.144 Z0.750 E0.03318 F1500
G1 X77.621 Y84.489 Z0.750 E0.03318 F1500
G1 X77.927 Y83.848 Z0.750 E0.03318 F1500
G1 X78.265 Y83.225 Z0.750 E0.03318 F1500
G1 X78.636 Y82.620 Z0.750 E0.03318 F1500
G1 X79.038 Y82.036 Z0.750 E0.03318 F1500
G1 X79.470 Y81.473 Z0.750 E0.03318 F1500
G1 X79.930 Y80.933 Z0.750 E0.03318 F1500
G1 X80.419 Y80.419 Z0.750 E0.03318 F1500
G1 X80.933 Y79.930 Z0.750 E0.03318 F1500
G1 X81.473 Y79.470 Z0.750 E0.03318 F1500
G1 X82.036 Y79.038 Z0.750 E0.03318 F1500
G1 X82.620 Y78.636 Z0.750 E0.03318 F1500
G1 X83.225 Y78.265 Z0.750 E0.03318 F1500
G1 X83.848 Y77.927 Z0.750 E0.03318 F1500
G1 X84.489 Y77.621 Z0.750 E0.03318 F1500
G1 X85.144 Y77.350 Z0.750 E0.03318 F1500
G1 X85.813 Y77.113 Z0.750 E0.03318 F1500
G1 X86.493 Y76.912 Z0.750 E0.03318 F1500
G1 X87.183 Y76.746 Z0.750 E0.03318 F1500
G1 X87.880 Y76.617 Z0.750 E0.03318 F1500
G1 X88.584 Y76.524 Z0.750 E0.03318 F1500
G1 X89.291 Y76.469 Z0.750 E0.03318 F1500
G1 X90.000 Y76.450 Z0.750 E0.03318 F1500
G1 X90.709 Y76.469 Z0.750 E0.03318 F1500
G1 X91.416 Y76.524 Z0.750 E0.03318 F1500
G1 X92.120 Y76.617 Z0.750 E0.03318 F1500
G1 X92.817 Y76.746 Z0.750 E0.03318 F1500
G1 X93.507 Y76.912 Z0.750 E0.03318 F1500
G1 X94.187 Y77.113 Z0.750 E0.03318 F1500
G1 X94.856 Y77.350 Z0.750 E0.03318 F1500
G1 X95.511 Y77.621 Z0.750 E0.03318 F1500
G1 X96.152 Y77.927 Z0.750 E0.03318 F1500
G1 X96.775 Y78.265 Z0.750 E0.03318 F1500
G1 X97.380 Y78.636 Z0.750 E0.03318 F1500
G1 X97.964 Y79.038 Z0.750 E0.03318 F1500
G1 X98.527 Y79.470 Z0.750 E0.03318 F1500
G1 X99.067 Y79.930 Z0.750 E0.03318 F1500
G1 X99.581 Y80.419 Z0.750 E0.03318 F1500
G1 X100.070 Y80.933 Z0.750 E0.03318 F1500
G1 X100.530 Y81.473 Z0.750 E0.03318 F1500
G1 X100.962 Y82.036 Z0.750 E0.03318 F1500
G1 X101.364 Y82.620 Z0.750 E0.03318 F1500
G1 X101.735 Y83.225 Z0.750 E0.03318 F1500
G1 X102.073 Y83.848 Z0.750 E0.03318 F1500
G1 X102.379 Y84.489 Z0.750 E0.03318 F1500
G1 X102.650 Y85.144 Z0.750 E0.03318 F1500
G1 X102.887 Y85.813 Z0.750 E0.03318 F1500
G1 X103.088 Y86.493 Z0.750 E0.03318 F1500
G1 X103.254 Y87.183 Z0.750 E0.03318 F1500
G1 X103.383 Y87.880 Z0.750 E0.03318 F1500
G1 X103.476 Y88.584 Z0.750 E0.03318 F1500
G1 X103.531 Y89.291 Z0.750 E0.03318 F1500
G1 X103.550 Y90.000 Z0.750 E0.03318 F1500
G1 E-0.800 F2400
G0 X103.550 Y90.000 Z1.750 F1200
G0 X104.000 Y90.000 Z1.750 F4800
G0 X104.000 Y90.000 Z0.750 F1200
G1 E0.800 F1800
G1 X103.981 Y90.733 Z0.750 E0.03428 F1500
G1 X103.923 Y91.463 Z0.750 E0.03428 F1500
G1 X103.828 Y92.190 Z0.750 E0.03428 F1500
G1 X103.694 Y92.911 Z0.750 E0.03428 F1500
G1 X103.523 Y93.623 Z0.750 E0.03428 F1500
G1 X103.315 Y94.326 Z0.750 E0.03428 F1500
G1 X103.070 Y95.017 Z0.750 E0.03428 F1500
G1 X102.790 Y95.694 Z0.750 E0.03428 F1500
G1 X102.474 Y96.356 Z0.750 E0.03428 F1500
G1 X102.124 Y97.000 Z0.750 E0.03428 F1500
G1 X101.741 Y97.625 Z0.750 E0.03428 F1500
G1 X101.326 Y98.229 Z0.750 E0.03428 F1500
G1 X100.880 Y98.810 Z0.750 E0.03428 F1500
G1 X100.404 Y99.368 Z0.750 E0.03428 F1500
G1 X99.899 Y99.899 Z0.750 E0.03428 F1500
G1 X99.368 Y100.404 Z0.750 E0.03428 F1500
G1 X98.810 Y100.880 Z0.750 E0.03428 F1500
G1 X98.229 Y101.326 Z0.750 E0.03428 F1500
G1 X97.625 Y101.741 Z0.750 E0.03428 F1500
G1 X97.000 Y102.124 Z0.750 E0.03428 F1500
G1 X96.356 Y102.474 Z0.750 E0.03428 F1500
G1 X95.694 Y102.790 Z0.750 E0.03428 F1500
G1 X95.017 Y103.070 Z0.750 E0.03428 F1500
G1 X94.326 Y103.315 Z0.750 E0.03428 F1500
G1 X93.623 Y103.523 Z0.750 E0.03428 F1500
G1 X92.911 Y103.694 Z0.750 E0.03428 F1500
G1 X92.190 Y103.828 Z0.750 E0.03428 F1500
G1 X91.463 Y103.923 Z0.750 E0.03428 F1500
G1 X90.733 Y103.981 Z0.750 E0.03428 F1500
G1 X90.000 Y104.000 Z0.750 E0.03428 F1500
G1 X89.267 Y103.981 Z0.750 E0.03428 F1500
G1 X88.537 Y103.923 Z0.750 E0.03428 F1500
G1 X87.810 Y103.828 Z0.750 E0.03428 F1500
G1 X87.089 Y103.694 Z0.750 E0.03428 F1500
G1 X86.377 Y103.523 Z0.750 E0.03428 F1500
G1 X85.674 Y103.315 Z0.750 E0.03428 F1500
G1 X84.983 Y103.070 Z0.750 E0.03428 F1500
G1 X84.306 Y102.790 Z0.750 E0.03428 F1500
G1 X83.644 Y102.474 Z0.750 E0.03428 F1500
G1 X83.000 Y102.124 Z0.750 E0.03428 F1500
G1 X82.375 Y101.741 Z0.750 E0.03428 F1500
G1 X81.771 Y101.326 Z0.750 E0.03428 F1500
G1 X81.190 Y100.880 Z0.750 E0.03428 F1500
G1 X80.632 Y100.404 Z0.750 E0.03428 F1500
G1 X80.101 Y99.899 Z0.750 E0.03428 F1500
G1 X79.596 Y99.368 Z0.750 E0.03428 F1500
G1 X79.120 Y98.810 Z0.750 E0.03428 F1500
G1 X78.674 Y98.229 Z0.750 E0.03428 F1500
G1 X78.259 Y97.625 Z0.750 E0.03428 F1500
G1 X77.876 Y97.000 Z0.750 E0.03428 F1500
G1 X77.526 Y96.356 Z0.750 E0.03428 F1500
G1 X77.210 Y95.694 Z0.750 E0.03428 F1500
G1 X76.930 Y95.017 Z0.750 E0.03428 F1500
G1 X76.685 Y94.326 Z0.750 E0.03428 F1500
G1 X76.477 Y93.623 Z0.750 E0.03428 F1500
G1 X76.306 Y92.911 Z0.750 E0.03428 F1500
G1 X76.172 Y92.190 Z0.750 E0.03428 F1500
G1 X76.077 Y91.463 Z0.750 E0.03428 F1500
G1 X76.019 Y90.733 Z0.750 E0.03428 F1500
G1 X76.000 Y90.000 Z0.750 E0.03428 F1500
G1 X76.019 Y89.267 Z0.750 E0.03428 F1500
G1 X76.077 Y88.537 Z0.750 E0.03428 F1500
G1 X76.172 Y87.810 Z0.750 E0.03428 F1500
G1 X76.306 Y87.089 Z0.750 E0.03428 F1500
G1 X76.477 Y86.377 Z0.750 E0.03428 F1500
G1 X76.685 Y85.674 Z0.750 E0.03428 F1500
G1 X76.930 Y84.983 Z0.750 E0.03428 F1500
G1 X77.210 Y84.306 Z0.750 E0.03428 F1500
G1 X77.526 Y83.644 Z0.750 E0.03428 F1500
G1 X77.876 Y83.000 Z0.750 E0.03428 F1500
G1 X78.259 Y82.375 Z0.750 E0.03428 F1500
G1 X78.674 Y81.771 Z0.750 E0.03428 F1500
G1 X79.120 Y81.190 Z0.750 E0.03428 F1500
G1 X79.596 Y80.632 Z0.750 E0.03428 F1500
G1 X80.101 Y80.101 Z0.750 E0.03428 F1500
G1 X80.632 Y79.596 Z0.750 E0.03428 F1500
G1 X81.190 Y79.120 Z0.750 E0.03428 F1500
G1 X81.771 Y78.674 Z0.750 E0.03428 F1500
G1 X82.375 Y78.259 Z0.750 E0.03428 F1500
G1 X83.000 Y77.876 Z0.750 E0.03428 F1500
G1 X83.644 Y77.526 Z0.750 E0.03428 F1500
G1 X84.306 Y77.210 Z0.750 E0.03428 F1500
G1 X84.983 Y76.930 Z0.750 E0.03428 F1500
G1 X85.674 Y76.685 Z0.750 E0.03428 F1500
G1 X86.377 Y76.477 Z0.750 E0.03428 F1500
G1 X87.089 Y76.306 Z0.750 E0.03428 F1500
G1 X87.810 Y76.172 Z0.750 E0.03428 F1500
G1 X88.537 Y76.077 Z0.750 E0.03428 F1500
G1 X89.267 Y76.019 Z0.750 E0.03428 F1500
G1 X90.000 Y76.000 Z0.750 E0.03428 F1500
G1 X90.733 Y76.019 Z0.750 E0.03428 F1500
G1 X91.463 Y76.077 Z0.750 E0.03428 F1500
G1 X92.190 Y76.172 Z0.750 E0.03428 F1500
G1 X92.911 Y76.306 Z0.750 E0.03428 F1500
G1 X93.623 Y76.477 Z0.750 E0.03428 F1500
G1 X94.326 Y76.685 Z0.750 E0.03428 F1500
G1 X95.017 Y76.930 Z0.750 E0.03428 F1500
G1 X95.694 Y77.210 Z0.750 E0.03428 F1500
G1 X96.356 Y77.526 Z0.750 E0.03428 F1500
G1 X97.000 Y77.876 Z0.750 E0.03428 F1500
G1 X97.625 Y78.259 Z0.750 E0.03428 F1500
G1 X98.229 Y78.674 Z0.750 E0.03428 F1500
G1 X98.810 Y79.120 Z0.750 E0.03428 F1500
G1 X99.368 Y79.596 Z0.750 E0.03428 F1500
G1 X99.899 Y80.101 Z0.750 E0.03428 F1500
G1 X100.404 Y80.632 Z0.750 E0.03428 F1500
G1 X100.880 Y81.190 Z0.750 E0.03428 F1500
G1 X101.326 Y81.771 Z0.750 E0.03428 F1500
G1 X101.741 Y82.375 Z0.750 E0.03428 F1500
G1 X102.124 Y83.000 Z0.750 E0.03428 F1500
G1 X102.474 Y83.644 Z0.750 E0.03428 F1500
G1 X102.790 Y84.306 Z0.750 E0.03428 F1500
G1 X103.070 Y84.983 Z0.750 E0.03428 F1500
G1 X103.315 Y85.674 Z0.750 E0.03428 F1500
G1 X103.523 Y86.377 Z0.750 E0.03428 F1500
G1 X103.694 Y87.089 Z0.750 E0.03428 F1500
G1 X103.828 Y87.810 Z0.750 E0.03428 F1500
G1 X103.923 Y88.537 Z0.750 E0.03428 F1500
G1 X103.981 Y89.267 Z0.750 E0.03428 F1500
G1 X104.000 Y90.000 Z0.750 E0.03428 F1500
G1 E-0.800 F2400
G0 X104.000 Y90.000 Z1.750 F1200
G0 X104.450 Y90.000 Z1.750 F4800
G0 X104.450 Y90.000 Z0.750 F1200
G1 E0.800 F1800
G1 X104.430 Y90.756 Z0.750 E0.03538 F1500
G1 X104.371 Y91.510 Z0.750 E0.03538 F1500
G1 X104.272 Y92.260 Z0.750 E0.03538 F1500
G1 X104.134 Y93.004 Z0.750 E0.03538 F1500
G1 X103.958 Y93.740 Z0.750 E0.03538 F1500
G1 X103.743 Y94.465 Z0.750 E0.03538 F1500
G1 X103.490 Y95.178 Z0.750 E0.03538 F1500
G1 X103.201 Y95.877 Z0.750 E0.03538 F1500
G1 X102.875 Y96.560 Z0.750 E0.03538 F1500
G1 X102.514 Y97.225 Z0.750 E0.03538 F1500
G1 X102.119 Y97.870 Z0.750 E0.03538 F1500
G1 X101.690 Y98.493 Z0.750 E0.03538 F1500
G1 X101.230 Y99.094 Z0.750 E0.03538 F1500
G1 X100.738 Y99.669 Z0.750 E0.03538 F1500
G1 X100.218 Y100.218 Z0.750 E0.03538 F1500
G1 X99.669 Y100.738 Z0.750 E0.03538 F1500
G1 X99.094 Y101.230 Z0.750 E0.03538 F1500
G1 X98.493 Y101.690 Z0.750 E0.03538 F1500
G1 X97.870 Y102.119 Z0.750 E0.03538 F1500
G1 X97.225 Y102.514 Z0.750 E0.03538 F1500
G1 X96.560 Y102.875 Z0.750 E0.03538 F1500
G1 X95.877 Y103.201 Z0.750 E0.03538 F1500
G1 X95.178 Y103.490 Z0.750 E0.03538 F1500
G1 X94.465 Y103.743 Z0.750 E0.03538 F1500
G1 X93.740 Y103.958 Z0.750 E0.03538 F1500
G1 X93.004 Y104.134 Z0.750 E0.03538 F1500
G1 X92.260 Y104.272 Z0.750 E0.03538 F1500
G1 X91.510 Y104.371 Z0.750 E0.03538 F1500
G1 X90.756 Y104.430 Z0.750 E0.03538 F1500
G1 X90.000 Y104.450 Z0.750 E0.03538 F1500
G1 X89.244 Y104.430 Z0.750 E0.03538 F1500
G1 X88.490 Y104.371 Z0.750 E0.03538 F1500
G1 X87.740 Y104.272 Z0.750 E0.03538 F1500
G1 X86.996 Y104.134 Z0.750 E0.03538 F1500
G1 X86.260 Y103.958 Z0.750 E0.03538 F1500
G1 X85.535 Y103.743 Z0.750 E0.03538 F1500
G1 X84.822 Y103.490 Z0.750 E0.03538 F1500
G1 X84.123 Y103.201 Z0.750 E0.03538 F1500
G1 X83.440 Y102.875 Z0.750 E0.03538 F1500
G1 X82.775 Y102.514 Z0.750 E0.03538 F1500
G1 X82.130 Y102.119 Z0.750 E0.03538 F1500
G1 X81.507 Y101.690 Z0.750 E0.03538 F1500
G1 X80.906 Y101.230 Z0.750 E0.03538 F1500
G1 X80.331 Y100.738 Z0.750 E0.03538 F1500
G1 X79.782 Y100.218 Z0.750 E0.03538 F1500
G1 X79.262 Y99.669 Z0.750 E0.03538 F1500
G1 X78.770 Y99.094 Z0.750 E0.03538 F1500
G1 X78.310 Y98.493 Z0.750 E0.03538 F1500
G1 X77.881 Y97.870 Z0.750 E0.03538 F1500
G1 X77.486 Y97.225 Z0.750 E0.03538 F1500
G1 X77.125 Y96.560 Z0.750 E0.03538 F1500
G1 X76.799 Y95.877 Z0.750 E0.03538 F1500
G1 X76.510 Y95.178 Z0.750 E0.03538 F1500
G1 X76.257 Y94.465 Z0.750 E0.03538 F1500
G1 X76.042 Y93.740 Z0.750 E0.03538 F1500
G1 X75.866 Y93.004 Z0.750 E0.03538 F1500
G1 X75.728 Y92.260 Z0.750 E0.03538 F1500
G1 X75.629 Y91.510 Z0.750 E0.03538 F1500
G1 X75.570 Y90.756 Z0.750 E0.03538 F1500
G1 X75.550 Y90.000 Z0.750 E0.03538 F1500
G1 X75.570 Y89.244 Z0.750 E0.03538 F1500
G1 X75.629 Y88.490 Z0.750 E0.03538 F1500
G1 X75.728 Y87.740 Z0.750 E0.03538 F1500
G1 X75.866 Y86.996 Z0.750 E0.03538 F1500
G1 X76.042 Y86.260 Z0.750 E0.03538 F1500
G1 X76.257 Y85.535 Z0.750 E0.03538 F1500
G1 X76.510 Y84.822 Z0.750 E0.03538 F1500
G1 X76.799 Y84.123 Z0.750 E0.03538 F1500
G1 X77.125 Y83.440 Z0.750 E0.03538 F1500
G1 X77.486 Y82.775 Z0.750 E0.03538 F1500
G1 X77.881 Y82.130 Z0.750 E0.03538 F1500
G1 X78.310 Y81.507 Z0.750 E0.03538 F1500
G1 X78.770 Y80.906 Z0.750 E0.03538 F1500
G1 X79.262 Y80.331 Z0.750 E0.03538 F1500
G1 X79.782 Y79.782 Z0.750 E0.03538 F1500
G1 X80.331 Y79.262 Z0.750 E0.03538 F1500
G1 X80.906 Y78.770 Z0.750 E0.03538 F1500
G1 X81.507 Y78.310 Z0.750 E0.03538 F1500
G1 X82.130 Y77.881 Z0.750 E0.03538 F1500
G1 X82.775 Y77.486 Z0.750 E0.03538 F1500
G1 X83.440 Y77.125 Z0.750 E0.03538 F1500
G1 X84.123 Y76.799 Z0.750 E0.03538 F1500
G1 X84.822 Y76.510 Z0.750 E0.03538 F1500
G1 X85.535 Y76.257 Z0.750 E0.03538 F1500
G1 X86.260 Y76.042 Z0.750 E0.03538 F1500
G1 X86.996 Y75.866 Z0.750 E0.03538 F1500
G1 X87.740 Y75.728 Z0.750 E0.03538 F1500
G1 X88.490 Y75.629 Z0.750 E0.03538 F1500
G1 X89.244 Y75.570 Z0.750 E0.03538 F1500
G1 X90.000 Y75.550 Z0.750 E0.03538 F1500
G1 X90.756 Y75.570 Z0.750 E0.03538 F1500
G1 X91.510 Y75.629 Z0.750 E0.03538 F1500
G1 X92.260 Y75.728 Z0.750 E0.03538 F1500
G1 X93.004 Y75.866 Z0.750 E0.03538 F1500
G1 X93.740 Y76.042 Z0.750 E0.03538 F1500
G1 X94.465 Y76.257 Z0.750 E0.03538 F1500
G1 X95.178 Y76.510 Z0.750 E0.03538 F1500
G1 X95.877 Y76.799 Z0.750 E0.03538 F1500
G1 X96.560 Y77.125 Z0.750 E0.03538 F1500
G1 X97.225 Y77.486 Z0.750 E0.03538 F1500
G1 X97.870 Y77.881 Z0.750 E0.03538 F1500
G1 X98.493 Y78.310 Z0.750 E0.03538 F1500
G1 X99.094 Y78.770 Z0.750 E0.03538 F1500
G1 X99.669 Y79.262 Z0.750 E0.03538 F1500
G1 X100.218 Y79.782 Z0.750 E0.03538 F1500
G1 X100.738 Y80.331 Z0.750 E0.03538 F1500
G1 X101.230 Y80.906 Z0.750 E0.03538 F1500
G1 X101.690 Y81.507 Z0.750 E0.03538 F1500
G1 X102.119 Y82.130 Z0.750 E0.03538 F1500
G1 X102.514 Y82.775 Z0.750 E0.03538 F1500
G1 X102.875 Y83.440 Z0.750 E0.03538 F1500
G1 X103.201 Y84.123 Z0.750 E0.03538 F1500
G1 X103.490 Y84.822 Z0.750 E0.03538 F1500
G1 X103.743 Y85.535 Z0.750 E0.03538 F1500
G1 X103.958 Y86.260 Z0.750 E0.03538 F1500
G1 X104.134 Y86.996 Z0.750 E0.03538 F1500
G1 X104.272 Y87.740 Z0.750 E0.03538 F1500
G1 X104.371 Y88.490 Z0.750 E0.03538 F1500
G1 X104.430 Y89.244 Z0.750 E0.03538 F1500
G1 X104.450 Y90.000 Z0.750 E0.03538 F1500
; WIRE PRINTING
M106 P1 S255 ; full fan for wires
; LEVEL 1/6  z 0.75 -> 4.25
G1 E-0.800 F2400
G0 X104.450 Y90.000 Z1.750 F1200
G0 X102.000 Y90.000 Z1.750 F4800
G0 X102.000 Y90.000 Z0.750 F1200
G1 E0.800 F1800
G1 E0.1500 F120
G4 P300
G1 X103.500 Y90.000 Z4.550 E0.33350 F180
G4 P800
G0 X103.500 Y90.000 Z4.250 F180
G1 X99.708 Y97.053 Z0.750 E0.64208 F360
G1 E0.1500 F120
G4 P300
G1 X100.922 Y97.935 Z4.550 E0.33350 F180
G4 P800
G0 X100.922 Y97.935 Z4.250 F180
G1 X93.708 Y101.413 Z0.750 E0.64208 F360
G1 E0.1500 F120
G4 P300
G1 X94.172 Y102.839 Z4.550 E0.33350 F180
G4 P800
G0 X94.172 Y102.839 Z4.250 F180
G1 X86.292 Y101.413 Z0.750 E0.64208 F360
G1 E0.1500 F120
G4 P300
G1 X85.828 Y102.839 Z4.550 E0.33350 F180
G4 P800
G0 X85.828 Y102.839 Z4.250 F180
G1 X80.292 Y97.053 Z0.750 E0.64208 F360
G1 E0.1500 F120
G4 P300
G1 X79.078 Y97.935 Z4.550 E0.33350 F180
G4 P800
G0 X79.078 Y97.935 Z4.250 F180
G1 X78.000 Y90.000 Z0.750 E0.64208 F360
G1 E0.1500 F120
G4 P300
G1 X76.500 Y90.000 Z4.550 E0.33350 F180
G4 P800
G0 X76.500 Y90.000 Z4.250 F180
G1 X80.292 Y82.947 Z0.750 E0.64208 F360
G1 E0.1500 F120
G4 P300
G1 X79.078 Y82.065 Z4.550 E0.33350 F180
G4 P800
G0 X79.078 Y82.065 Z4.250 F180
G1 X86.292 Y78.587 Z0.750 E0.64208 F360
G1 E0.1500 F120
G4 P300
G1 X85.828 Y77.161 Z4.550 E0.33350 F180
G4 P800
G0 X85.828 Y77.161 Z4.250 F180
G1 X93.708 Y78.587 Z0.750 E0.64208 F360
G1 E0.1500 F120
G4 P300
G1 X94.172 Y77.161 Z4.550 E0.33350 F180
G4 P800
G0 X94.172 Y77.161 Z4.250 F180
G1 X99.708 Y82.947 Z0.750 E0.64208 F360
G1 E0.1500 F120
G4 P300
G1 X100.922 Y82.065 Z4.550 E0.33350 F180
G4 P800
G0 X100.922 Y82.065 Z4.250 F180
G1 E-0.800 F2400
G0 X100.922 Y82.065 Z5.250 F1200
G0 X103.500 Y90.000 Z5.250 F4800
G0 X103.500 Y90.000 Z4.250 F1200
G1 E0.800 F1800
G1 E0.1500 F120
G4 P300
G1 X100.922 Y97.935 Z4.250 E0.68110 F360
G1 E0.0750 F120
G4 P300
G1 X94.172 Y102.839 Z4.250 E0.68110 F360
G1 E0.0750 F120
G4 P300
G1 X85.828 Y102.839 Z4.250 E0.68110 F360
G1 E0.0750 F120
G4 P300
G1 X79.078 Y97.935 Z4.250 E0.68110 F360
G1 E0.0750 F120
G4 P300
G1 X76.500 Y90.000 Z4.250 E0.68110 F360
G1 E0.0750 F120
G4 P300
G1 X79.078 Y82.065 Z4.250 E0.68110 F360
G1 E0.0750 F120
G4 P300
G1 X85.828 Y77.161 Z4.250 E0.68110 F360
G1 E0.0750 F120
G4 P300
G1 X94.172 Y77.161 Z4.250 E0.68110 F360
G1 E0.0750 F120
G4 P300
G1 X100.922 Y82.065 Z4.250 E0.68110 F360
G1 E0.0750 F120
G4 P300
G1 X103.500 Y90.000 Z4.250 E0.68110 F360
G1 E0.0750 F120
G4 P300
G1 E-0.800 F2400
; LEVEL 2/6  z 4.25 -> 7.75
G1 E0.800 F1800
G1 E0.1500 F120
G4 P300
G1 X104.598 Y90.000 Z8.050 E0.32290 F180
G4 P800
G0 X104.598 Y90.000 Z7.750 F180
G1 X100.922 Y97.935 Z4.250 E0.69206 F360
G1 E0.1500 F120
G4 P300
G1 X101.810 Y98.581 Z8.050 E0.32290 F180
G4 P800
G0 X101.810 Y98.581 Z7.750 F180
G1 X94.172 Y102.839 Z4.250 E0.69206 F360
G1 E0.1500 F120
G4 P300
G1 X94.511 Y103.884 Z8.050 E0.32290 F180
G4 P800
G0 X94.511 Y103.884 Z7.750 F180
G1 X85.828 Y102.839 Z4.250 E0.69206 F360
G1 E0.1500 F120
G4 P300
G1 X85.489 Y103.884 Z8.050 E0.32290 F180
G4 P800
G0 X85.489 Y103.884 Z7.750 F180
G1 X79.078 Y97.935 Z4.250 E0.69206 F360
G1 E0.1500 F120
G4 P300
G1 X78.190 Y98.581 Z8.050 E0.32290 F180
G4 P800
G0 X78.190 Y98.581 Z7.750 F180
G1 X76.500 Y90.000 Z4.250 E0.69206 F360
G1 E0.1500 F120
G4 P300
G1 X75.402 Y90.000 Z8.050 E0.32290 F180
G4 P800
G0 X75.402 Y90.000 Z7.750 F180
G1 X79.078 Y82.065 Z4.250 E0.69206 F360
G1 E0.1500 F120
G4 P300
G1 X78.190 Y81.419 Z8.050 E0.32290 F180
G4 P800
G0 X78.190 Y81.419 Z7.750 F180
G1 X85.828 Y77.161 Z4.250 E0.69206 F360
G1 E0.1500 F120
G4 P300
G1 X85.489 Y76.116 Z8.050 E0.32290 F180
G4 P800
G0 X85.489 Y76.116 Z7.750 F180
G1 X94.172 Y77.161 Z4.250 E0.69206 F360
G1 E0.1500 F120
G4 P300
G1 X94.511 Y76.116 Z8.050 E0.32290 F180
G4 P800
G0 X94.511 Y76.116 Z7.750 F180
G1 X100.922 Y82.065 Z4.250 E0.69206 F360
G1 E0.1500 F120
G4 P300
G1 X101.810 Y81.419 Z8.050 E0.32290 F180
G4 P800
G0 X101.810 Y81.419 Z7.750 F180
G1 E-0.800 F2400
G0 X101.810 Y81.419 Z8.750 F1200
G0 X104.598 Y90.000 Z8.750 F4800
G0 X104.598 Y90.000 Z7.750 F1200
G1 E0.800 F1800
G1 E0.1500 F120
G4 P300
G1 X101.810 Y98.581 Z7.750 E0.73650 F360
G1 E0.0750 F120
G4 P300
G1 X94.511 Y103.884 Z7.750 E0.73650 F360
G1 E0.0750 F120
G4 P300
G1 X85.489 Y103.884 Z7.750 E0.73650 F360
G1 E0.0750 F120
G4 P300
G1 X78.190 Y98.581 Z7.750 E0.73650 F360
G1 E0.0750 F120
G4 P300
G1 X75.402 Y90.000 Z7.750 E0.73650 F360
G1 E0.0750 F120
G4 P300
G1 X78.190 Y81.419 Z7.750 E0.73650 F360
G1 E0.0750 F120
G4 P300
G1 X85.489 Y76.116 Z7.750 E0.73650 F360
G1 E0.0750 F120
G4 P300
G1 X94.511 Y76.116 Z7.750 E0.73650 F360
G1 E0.0750 F120
G4 P300
G1 X101.810 Y81.419 Z7.750 E0.73650 F360
G1 E0.0750 F120
G4 P300
G1 X104.598 Y90.000 Z7.750 E0.73650 F360
G1 E0.0750 F120
G4 P300
G1 E-0.800 F2400
; LEVEL 3/6  z 7.75 -> 11.25
G1 E0.800 F1800
G1 E0.1500 F120
G4 P300
G1 X105.000 Y90.000 Z11.550 E0.31193 F180
G4 P800
G0 X105.000 Y90.000 Z11.250 F180
G1 X101.810 Y98.581 Z7.750 E0.72004 F360
G1 E0.1500 F120
G4 P300
G1 X102.135 Y98.817 Z11.550 E0.31193 F180
G4 P800
G0 X102.135 Y98.817 Z11.250 F180
G1 X94.511 Y103.884 Z7.750 E0.72004 F360
G1 E0.1500 F120
G4 P300
G1 X94.635 Y104.266 Z11.550 E0.31193 F180
G4 P800
G0 X94.635 Y104.266 Z11.250 F180
G1 X85.489 Y103.884 Z7.750 E0.72004 F360
G1 E0.1500 F120
G4 P300
G1 X85.365 Y104.266 Z11.550 E0.31193 F180
G4 P800
G0 X85.365 Y104.266 Z11.250 F180
G1 X78.190 Y98.581 Z7.750 E0.72004 F360
G1 E0.1500 F120
G4 P300
G1 X77.865 Y98.817 Z11.550 E0.31193 F180
G4 P800
G0 X77.865 Y98.817 Z11.250 F180
G1 X75.402 Y90.000 Z7.750 E0.72004 F360
G1 E0.1500 F120
G4 P300
G1 X75.000 Y90.000 Z11.550 E0.31193 F180
G4 P800
G0 X75.000 Y90.000 Z11.250 F180
G1 X78.190 Y81.419 Z7.750 E0.72004 F360
G1 E0.1500 F120
G4 P300
G1 X77.865 Y81.183 Z11.550 E0.31193 F180
G4 P800
G0 X77.865 Y81.183 Z11.250 F180
G1 X85.489 Y76.116 Z7.750 E0.72004 F360
G1 E0.1500 F120
G4 P300
G1 X85.365 Y75.734 Z11.550 E0.31193 F180
G4 P800
G0 X85.365 Y75.734 Z11.250 F180
G1 X94.511 Y76.116 Z7.750 E0.72004 F360
G1 E0.1500 F120
G4 P300
G1 X94.635 Y75.734 Z11.550 E0.31193 F180
G4 P800
G0 X94.635 Y75.734 Z11.250 F180
G1 X101.810 Y81.419 Z7.750 E0.72004 F360
G1 E0.1500 F120
G4 P300
G1 X102.135 Y81.183 Z11.550 E0.31193 F180
G4 P800
G0 X102.135 Y81.183 Z11.250 F180
G1 E-0.800 F2400
G0 X102.135 Y81.183 Z12.250 F1200
G0 X105.000 Y90.000 Z12.250 F4800
G0 X105.000 Y90.000 Z11.250 F1200
G1 E0.800 F1800
G1 E0.1500 F120
G4 P300
G1 X102.135 Y98.817 Z11.250 E0.75678 F360
G1 E0.0750 F120
G4 P300
G1 X94.635 Y104.266 Z11.250 E0.75678 F360
G1 E0.0750 F120
G4 P300
G1 X85.365 Y104.266 Z11.250 E0.75678 F360
G1 E0.0750 F120
G4 P300
G1 X77.865 Y98.817 Z11.250 E0.75678 F360
G1 E0.0750 F120
G4 P300
G1 X75.000 Y90.000 Z11.250 E0.75678 F360
G1 E0.0750 F120
G4 P300
G1 X77.865 Y81.183 Z11.250 E0.75678 F360
G1 E0.0750 F120
G4 P300
G1 X85.365 Y75.734 Z11.250 E0.75678 F360
G1 E0.0750 F120
G4 P300
G1 X94.635 Y75.734 Z11.250 E0.75678 F360
G1 E0.0750 F120
G4 P300
G1 X102.135 Y81.183 Z11.250 E0.75678 F360
G1 E0.0750 F120
G4 P300
G1 X105.000 Y90.000 Z11.250 E0.75678 F360
G1 E0.0750 F120
G4 P300
G1 E-0.800 F2400
; LEVEL 4/6  z 11.25 -> 14.75
G1 E0.800 F1800
G1 E0.1500 F120
G4 P300
G1 X104.598 Y90.000 Z15.050 E0.31193 F180
G4 P800
G0 X104.598 Y90.000 Z14.750 F180
G1 X102.135 Y98.817 Z11.250 E0.72004 F360
G1 E0.1500 F120
G4 P300
G1 X101.810 Y98.581 Z15.050 E0.31193 F180
G4 P800
G0 X101.810 Y98.581 Z14.750 F180
G1 X94.635 Y104.266 Z11.250 E0.72004 F360
G1 E0.1500 F120
G4 P300
G1 X94.511 Y103.884 Z15.050 E0.31193 F180
G4 P800
G0 X94.511 Y103.884 Z14.750 F180
G1 X85.365 Y104.266 Z11.250 E0.72004 F360
G1 E0.1500 F120
G4 P300
G1 X85.489 Y103.884 Z15.050 E0.31193 F180
G4 P800
G0 X85.489 Y103.884 Z14.750 F180
G1 X77.865 Y98.817 Z11.250 E0.72004 F360
G1 E0.1500 F120
G4 P300
G1 X78.190 Y98.581 Z15.050 E0.31193 F180
G4 P800
G0 X78.190 Y98.581 Z14.750 F180
G1 X75.000 Y90.000 Z11.250 E0.72004 F360
G1 E0.1500 F120
G4 P300
G1 X75.402 Y90.000 Z15.050 E0.31193 F180
G4 P800
G0 X75.402 Y90.000 Z14.750 F180
G1 X77.865 Y81.183 Z11.250 E0.72004 F360
G1 E0.1500 F120
G4 P300
G1 X78.190 Y81.419 Z15.050 E0.31193 F180
G4 P800
G0 X78.190 Y81.419 Z14.750 F180
G1 X85.365 Y75.734 Z11.250 E0.72004 F360
G1 E0.1500 F120
G4 P300
G1 X85.489 Y76.116 Z15.050 E0.31193 F180
G4 P800
G0 X85.489 Y76.116 Z14.750 F180
G1 X94.635 Y75.734 Z11.250 E0.72004 F360
G1 E0.1500 F120
G4 P300
G1 X94.511 Y76.116 Z15.050 E0.31193 F180
G4 P800
G0 X94.511 Y76.116 Z14.750 F180
G1 X102.135 Y81.183 Z11.250 E0.72004 F360
G1 E0.1500 F120
G4 P300
G1 X101.810 Y81.419 Z15.050 E0.31193 F180
G4 P800
G0 X101.810 Y81.419 Z14.750 F180
G1 E-0.800 F2400
G0 X101.810 Y81.419 Z15.750 F1200
G0 X104.598 Y90.000 Z15.750 F4800
G0 X104.598 Y90.000 Z14.750 F1200
G1 E0.800 F1800
G1 E0.1500 F120
G4 P300
G1 X101.810 Y98.581 Z14.750 E0.73650 F360
G1 E0.0750 F120
G4 P300
G1 X94.511 Y103.884 Z14.750 E0.73650 F360
G1 E0.0750 F120
G4 P300
G1 X85.489 Y103.884 Z14.750 E0.73650 F360
G1 E0.0750 F120
G4 P300
G1 X78.190 Y98.581 Z14.750 E0.73650 F360
G1 E0.0750 F120
G4 P300
G1 X75.402 Y90.000 Z14.750 E0.73650 F360
G1 E0.0750 F120
G4 P300
G1 X78.190 Y81.419 Z14.750 E0.73650 F360
G1 E0.0750 F120
G4 P300
G1 X85.489 Y76.116 Z14.750 E0.73650 F360
G1 E0.0750 F120
G4 P300
G1 X94.511 Y76.116 Z14.750 E0.73650 F360
G1 E0.0750 F120
G4 P300
G1 X101.810 Y81.419 Z14.750 E0.73650 F360
G1 E0.0750 F120
G4 P300
G1 X104.598 Y90.000 Z14.750 E0.73650 F360
G1 E0.0750 F120
G4 P300
G1 E-0.800 F2400
; LEVEL 5/6  z 14.75 -> 18.25
G1 E0.800 F1800
G1 E0.1500 F120
G4 P300
G1 X103.500 Y90.000 Z18.550 E0.32290 F180
G4 P800
G0 X103.500 Y90.000 Z18.250 F180
G1 X101.810 Y98.581 Z14.750 E0.69206 F360
G1 E0.1500 F120
G4 P300
G1 X100.922 Y97.935 Z18.550 E0.32290 F180
G4 P800
G0 X100.922 Y97.935 Z18.250 F180
G1 X94.511 Y103.884 Z14.750 E0.69206 F360
G1 E0.1500 F120
G4 P300
G1 X94.172 Y102.839 Z18.550 E0.32290 F180
G4 P800
G0 X94.172 Y102.839 Z18.250 F180
G1 X85.489 Y103.884 Z14.750 E0.69206 F360
G1 E0.1500 F120
G4 P300
G1 X85.828 Y102.839 Z18.550 E0.32290 F180
G4 P800
G0 X85.828 Y102.839 Z18.250 F180
G1 X78.190 Y98.581 Z14.750 E0.69206 F360
G1 E0.1500 F120
G4 P300
G1 X79.078 Y97.935 Z18.550 E0.32290 F180
G4 P800
G0 X79.078 Y97.935 Z18.250 F180
G1 X75.402 Y90.000 Z14.750 E0.69206 F360
G1 E0.1500 F120
G4 P300
G1 X76.500 Y90.000 Z18.550 E0.32290 F180
G4 P800
G0 X76.500 Y90.000 Z18.250 F180
G1 X78.190 Y81.419 Z14.750 E0.69206 F360
G1 E0.1500 F120
G4 P300
G1 X79.078 Y82.065 Z18.550 E0.32290 F180
G4 P800
G0 X79.078 Y82.065 Z18.250 F180
G1 X85.489 Y76.116 Z14.750 E0.69206 F360
G1 E0.1500 F120
G4 P300
G1 X85.828 Y77.161 Z18.550 E0.32290 F180
G4 P800
G0 X85.828 Y77.161 Z18.250 F180
G1 X94.511 Y76.116 Z14.750 E0.69206 F360
G1 E0.1500 F120
G4 P300
G1 X94.172 Y77.161 Z18.550 E0.32290 F180
G4 P800
G0 X94.172 Y77.161 Z18.250 F180
G1 X101.810 Y81.419 Z14.750 E0.69206 F360
G1 E0.1500 F120
G4 P300
G1 X100.922 Y82.065 Z18.550 E0.32290 F180
G4 P800
G0 X100.922 Y82.065 Z18.250 F180
G1 E-0.800 F2400
G0 X100.922 Y82.065 Z19.250 F1200
G0 X103.500 Y90.000 Z19.250 F4800
G0 X103.500 Y90.000 Z18.250 F1200
G1 E0.800 F1800
G1 E0.1500 F120
G4 P300
G1 X100.922 Y97.935 Z18.250 E0.68110 F360
G1 E0.0750 F120
G4 P300
G1 X94.172 Y102.839 Z18.250 E0.68110 F360
G1 E0.0750 F120
G4 P300
G1 X85.828 Y102.839 Z18.250 E0.68110 F360
G1 E0.0750 F120
G4 P300
G1 X79.078 Y97.935 Z18.250 E0.68110 F360
G1 E0.0750 F120
G4 P300
G1 X76.500 Y90.000 Z18.250 E0.68110 F360
G1 E0.0750 F120
G4 P300
G1 X79.078 Y82.065 Z18.250 E0.68110 F360
G1 E0.0750 F120
G4 P300
G1 X85.828 Y77.161 Z18.250 E0.68110 F360
G1 E0.0750 F120
G4 P300
G1 X94.172 Y77.161 Z18.250 E0.68110 F360
G1 E0.0750 F120
G4 P300
G1 X100.922 Y82.065 Z18.250 E0.68110 F360
G1 E0.0750 F120
G4 P300
G1 X103.500 Y90.000 Z18.250 E0.68110 F360
G1 E0.0750 F120
G4 P300
G1 E-0.800 F2400
; LEVEL 6/6  z 18.25 -> 21.75
G1 E0.800 F1800
G1 E0.1500 F120
G4 P300
G1 X102.000 Y90.000 Z22.050 E0.33350 F180
G4 P800
G0 X102.000 Y90.000 Z21.750 F180
G1 X100.922 Y97.935 Z18.250 E0.64208 F360
G1 E0.1500 F120
G4 P300
G1 X99.708 Y97.053 Z22.050 E0.33350 F180
G4 P800
G0 X99.708 Y97.053 Z21.750 F180
G1 X94.172 Y102.839 Z18.250 E0.64208 F360
G1 E0.1500 F120
G4 P300
G1 X93.708 Y101.413 Z22.050 E0.33350 F180
G4 P800
G0 X93.708 Y101.413 Z21.750 F180
G1 X85.828 Y102.839 Z18.250 E0.64208 F360
G1 E0.1500 F120
G4 P300
G1 X86.292 Y101.413 Z22.050 E0.33350 F180
G4 P800
G0 X86.292 Y101.413 Z21.750 F180
G1 X79.078 Y97.935 Z18.250 E0.64208 F360
G1 E0.1500 F120
G4 P300
G1 X80.292 Y97.053 Z22.050 E0.33350 F180
G4 P800
G0 X80.292 Y97.053 Z21.750 F180
G1 X76.500 Y90.000 Z18.250 E0.64208 F360
G1 E0.1500 F120
G4 P300
G1 X78.000 Y90.000 Z22.050 E0.33350 F180
G4 P800
G0 X78.000 Y90.000 Z21.750 F180
G1 X79.078 Y82.065 Z18.250 E0.64208 F360
G1 E0.1500 F120
G4 P300
G1 X80.292 Y82.947 Z22.050 E0.33350 F180
G4 P800
G0 X80.292 Y82.947 Z21.750 F180
G1 X85.828 Y77.161 Z18.250 E0.64208 F360
G1 E0.1500 F120
G4 P300
G1 X86.292 Y78.587 Z22.050 E0.33350 F180
G4 P800
G0 X86.292 Y78.587 Z21.750 F180
G1 X94.172 Y77.161 Z18.250 E0.64208 F360
G1 E0.1500 F120
G4 P300
G1 X93.708 Y78.587 Z22.050 E0.33350 F180
G4 P800
G0 X93.708 Y78.587 Z21.750 F180
G1 X100.922 Y82.065 Z18.250 E0.64208 F360
G1 E0.1500 F120
G4 P300
G1 X99.708 Y82.947 Z22.050 E0.33350 F180
G4 P800
G0 X99.708 Y82.947 Z21.750 F180
G1 E-0.800 F2400
G0 X99.708 Y82.947 Z22.750 F1200
G0 X102.000 Y90.000 Z22.750 F4800
G0 X102.000 Y90.000 Z21.750 F1200
G1 E0.800 F1800
G1 E0.1500 F120
G4 P300
G1 X99.708 Y97.053 Z21.750 E0.60542 F360
G1 E0.0750 F120
G4 P300
G1 X93.708 Y101.413 Z21.750 E0.60542 F360
G1 E0.0750 F120
G4 P300
G1 X86.292 Y101.413 Z21.750 E0.60542 F360
G1 E0.0750 F120
G4 P300
G1 X80.292 Y97.053 Z21.750 E0.60542 F360
G1 E0.0750 F120
G4 P300
G1 X78.000 Y90.000 Z21.750 E0.60542 F360
G1 E0.0750 F120
G4 P300
G1 X80.292 Y82.947 Z21.750 E0.60542 F360
G1 E0.0750 F120
G4 P300
G1 X86.292 Y78.587 Z21.750 E0.60542 F360
G1 E0.0750 F120
G4 P300
G1 X93.708 Y78.587 Z21.750 E0.60542 F360
G1 E0.0750 F120
G4 P300
G1 X99.708 Y82.947 Z21.750 E0.60542 F360
G1 E0.0750 F120
G4 P300
G1 X102.000 Y90.000 Z21.750 E0.60542 F360
G1 E0.0750 F120
G4 P300
G1 E-0.800 F2400
; ---- end ----
G1 E-2 F2400
G0 Z36.75 F600
G0 X0 Y170 F4000 ; present the bed slowly (the bed is the Y axis)
M104 S0
M140 S0
M106 P1 S0
M84
