; wireprint.py  shape=grid  levels=12  level_h=4.5
; height 54.8 mm, filament 1.67 m, est. time 53 min
; ---- start (generic Marlin / Klipper) ----
G90 ; absolute XYZ
M83 ; relative E
M140 S60
M104 S210
G28 ; home
M190 S60
M109 S210
M107
G92 E0
G0 Z2 F600
G0 X5 Y20 F6000
G1 Z0.3 F600
G1 X5 Y120 E10 F1200 ; prime line
G1 X5.5 Y120 F1200
G1 X5.5 Y20 E8 F1200
G1 E-0.8 F2400
G0 Z2 F600
; BASE layer 1
G0 X5.500 Y20.000 Z3.000 F1800
G0 X83.000 Y83.000 Z3.000 F7200
G0 X83.000 Y83.000 Z0.250 F1800
G1 E0.800 F1800
G1 X137.000 Y83.000 Z0.250 E2.52569 F900
G1 X137.000 Y137.000 Z0.250 E2.52569 F900
G1 X83.000 Y137.000 Z0.250 E2.52569 F900
G1 X83.000 Y83.000 Z0.250 E2.52569 F900
G1 E-0.800 F2400
G0 X83.000 Y83.000 Z1.250 F1800
G0 X83.450 Y83.450 Z1.250 F7200
G0 X83.450 Y83.450 Z0.250 F1800
G1 E0.800 F1800
G1 X83.450 Y136.550 Z0.250 E2.48360 F900
G1 X83.900 Y136.550 Z0.250 E0.02105 F900
G1 X83.900 Y83.450 Z0.250 E2.48360 F900
G1 X84.350 Y83.450 Z0.250 E0.02105 F900
G1 X84.350 Y136.550 Z0.250 E2.48360 F900
G1 X84.800 Y136.550 Z0.250 E0.02105 F900
G1 X84.800 Y83.450 Z0.250 E2.48360 F900
G1 X85.250 Y83.450 Z0.250 E0.02105 F900
G1 X85.250 Y136.550 Z0.250 E2.48360 F900
G1 X85.700 Y136.550 Z0.250 E0.02105 F900
G1 X85.700 Y83.450 Z0.250 E2.48360 F900
G1 X86.150 Y83.450 Z0.250 E0.02105 F900
G1 X86.150 Y136.550 Z0.250 E2.48360 F900
G1 X86.600 Y136.550 Z0.250 E0.02105 F900
G1 X86.600 Y83.450 Z0.250 E2.48360 F900
G1 X87.050 Y83.450 Z0.250 E0.02105 F900
G1 X87.050 Y136.550 Z0.250 E2.48360 F900
G1 X87.500 Y136.550 Z0.250 E0.02105 F900
G1 X87.500 Y83.450 Z0.250 E2.48360 F900
G1 X87.950 Y83.450 Z0.250 E0.02105 F900
G1 X87.950 Y136.550 Z0.250 E2.48360 F900
G1 X88.400 Y136.550 Z0.250 E0.02105 F900
G1 X88.400 Y83.450 Z0.250 E2.48360 F900
G1 X88.850 Y83.450 Z0.250 E0.02105 F900
G1 X88.850 Y136.550 Z0.250 E2.48360 F900
G1 X89.300 Y136.550 Z0.250 E0.02105 F900
G1 X89.300 Y83.450 Z0.250 E2.48360 F900
G1 X89.750 Y83.450 Z0.250 E0.02105 F900
G1 X89.750 Y136.550 Z0.250 E2.48360 F900
G1 X90.200 Y136.550 Z0.250 E0.02105 F900
G1 X90.200 Y83.450 Z0.250 E2.48360 F900
G1 X90.650 Y83.450 Z0.250 E0.02105 F900
G1 X90.650 Y136.550 Z0.250 E2.48360 F900
G1 X91.100 Y136.550 Z0.250 E0.02105 F900
G1 X91.100 Y83.450 Z0.250 E2.48360 F900
G1 X91.550 Y83.450 Z0.250 E0.02105 F900
G1 X91.550 Y136.550 Z0.250 E2.48360 F900
G1 X92.000 Y136.550 Z0.250 E0.02105 F900
G1 X92.000 Y83.450 Z0.250 E2.48360 F900
G1 X92.450 Y83.450 Z0.250 E0.02105 F900
G1 X92.450 Y136.550 Z0.250 E2.48360 F900
G1 X92.900 Y136.550 Z0.250 E0.02105 F900
G1 X92.900 Y83.450 Z0.250 E2.48360 F900
G1 X93.350 Y83.450 Z0.250 E0.02105 F900
G1 X93.350 Y136.550 Z0.250 E2.48360 F900
G1 X93.800 Y136.550 Z0.250 E0.02105 F900
G1 X93.800 Y83.450 Z0.250 E2.48360 F900
G1 X94.250 Y83.450 Z0.250 E0.02105 F900
G1 X94.250 Y136.550 Z0.250 E2.48360 F900
G1 X94.700 Y136.550 Z0.250 E0.02105 F900
G1 X94.700 Y83.450 Z0.250 E2.48360 F900
G1 X95.150 Y83.450 Z0.250 E0.02105 F900
G1 X95.150 Y136.550 Z0.250 E2.48360 F900
G1 X95.600 Y136.550 Z0.250 E0.02105 F900
G1 X95.600 Y83.450 Z0.250 E2.48360 F900
G1 X96.050 Y83.450 Z0.250 E0.02105 F900
G1 X96.050 Y136.550 Z0.250 E2.48360 F900
G1 X96.500 Y136.550 Z0.250 E0.02105 F900
G1 X96.500 Y83.450 Z0.250 E2.48360 F900
G1 X96.950 Y83.450 Z0.250 E0.02105 F900
G1 X96.950 Y136.550 Z0.250 E2.48360 F900
G1 X97.400 Y136.550 Z0.250 E0.02105 F900
G1 X97.400 Y83.450 Z0.250 E2.48360 F900
G1 X97.850 Y83.450 Z0.250 E0.02105 F900
G1 X97.850 Y136.550 Z0.250 E2.48360 F900
G1 X98.300 Y136.550 Z0.250 E0.02105 F900
G1 X98.300 Y83.450 Z0.250 E2.48360 F900
G1 X98.750 Y83.450 Z0.250 E0.02105 F900
G1 X98.750 Y136.550 Z0.250 E2.48360 F900
G1 X99.200 Y136.550 Z0.250 E0.02105 F900
G1 X99.200 Y83.450 Z0.250 E2.48360 F900
G1 X99.650 Y83.450 Z0.250 E0.02105 F900
G1 X99.650 Y136.550 Z0.250 E2.48360 F900
G1 X100.100 Y136.550 Z0.250 E0.02105 F900
G1 X100.100 Y83.450 Z0.250 E2.48360 F900
G1 X100.550 Y83.450 Z0.250 E0.02105 F900
G1 X100.550 Y136.550 Z0.250 E2.48360 F900
G1 X101.000 Y136.550 Z0.250 E0.02105 F900
G1 X101.000 Y83.450 Z0.250 E2.48360 F900
G1 X101.450 Y83.450 Z0.250 E0.02105 F900
G1 X101.450 Y136.550 Z0.250 E2.48360 F900
G1 X101.900 Y136.550 Z0.250 E0.02105 F900
G1 X101.900 Y83.450 Z0.250 E2.48360 F900
G1 X102.350 Y83.450 Z0.250 E0.02105 F900
G1 X102.350 Y136.550 Z0.250 E2.48360 F900
G1 X102.800 Y136.550 Z0.250 E0.02105 F900
G1 X102.800 Y83.450 Z0.250 E2.48360 F900
G1 X103.250 Y83.450 Z0.250 E0.02105 F900
G1 X103.250 Y136.550 Z0.250 E2.48360 F900
G1 X103.700 Y136.550 Z0.250 E0.02105 F900
G1 X103.700 Y83.450 Z0.250 E2.48360 F900
G1 X104.150 Y83.450 Z0.250 E0.02105 F900
G1 X104.150 Y136.550 Z0.250 E2.48360 F900
G1 X104.600 Y136.550 Z0.250 E0.02105 F900
G1 X104.600 Y83.450 Z0.250 E2.48360 F900
G1 X105.050 Y83.450 Z0.250 E0.02105 F900
G1 X105.050 Y136.550 Z0.250 E2.48360 F900
G1 X105.500 Y136.550 Z0.250 E0.02105 F900
G1 X105.500 Y83.450 Z0.250 E2.48360 F900
G1 X105.950 Y83.450 Z0.250 E0.02105 F900
G1 X105.950 Y136.550 Z0.250 E2.48360 F900
G1 X106.400 Y136.550 Z0.250 E0.02105 F900
G1 X106.400 Y83.450 Z0.250 E2.48360 F900
G1 X106.850 Y83.450 Z0.250 E0.02105 F900
G1 X106.850 Y136.550 Z0.250 E2.48360 F900
G1 X107.300 Y136.550 Z0.250 E0.02105 F900
G1 X107.300 Y83.450 Z0.250 E2.48360 F900
G1 X107.750 Y83.450 Z0.250 E0.02105 F900
G1 X107.750 Y136.550 Z0.250 E2.48360 F900
G1 X108.200 Y136.550 Z0.250 E0.02105 F900
G1 X108.200 Y83.450 Z0.250 E2.48360 F900
G1 X108.650 Y83.450 Z0.250 E0.02105 F900
G1 X108.650 Y136.550 Z0.250 E2.48360 F900
G1 X109.100 Y136.550 Z0.250 E0.02105 F900
G1 X109.100 Y83.450 Z0.250 E2.48360 F900
G1 X109.550 Y83.450 Z0.250 E0.02105 F900
G1 X109.550 Y136.550 Z0.250 E2.48360 F900
G1 X110.000 Y136.550 Z0.250 E0.02105 F900
G1 X110.000 Y83.450 Z0.250 E2.48360 F900
G1 X110.450 Y83.450 Z0.250 E0.02105 F900
G1 X110.450 Y136.550 Z0.250 E2.48360 F900
G1 X110.900 Y136.550 Z0.250 E0.02105 F900
G1 X110.900 Y83.450 Z0.250 E2.48360 F900
G1 X111.350 Y83.450 Z0.250 E0.02105 F900
G1 X111.350 Y136.550 Z0.250 E2.48360 F900
G1 X111.800 Y136.550 Z0.250 E0.02105 F900
G1 X111.800 Y83.450 Z0.250 E2.48360 F900
G1 X112.250 Y83.450 Z0.250 E0.02105 F900
G1 X112.250 Y136.550 Z0.250 E2.48360 F900
G1 X112.700 Y136.550 Z0.250 E0.02105 F900
G1 X112.700 Y83.450 Z0.250 E2.48360 F900
G1 X113.150 Y83.450 Z0.250 E0.02105 F900
G1 X113.150 Y136.550 Z0.250 E2.48360 F900
G1 X113.600 Y136.550 Z0.250 E0.02105 F900
G1 X113.600 Y83.450 Z0.250 E2.48360 F900
G1 X114.050 Y83.450 Z0.250 E0.02105 F900
G1 X114.050 Y136.550 Z0.250 E2.48360 F900
G1 X114.500 Y136.550 Z0.250 E0.02105 F900
G1 X114.500 Y83.450 Z0.250 E2.48360 F900
G1 X114.950 Y83.450 Z0.250 E0.02105 F900
G1 X114.950 Y136.550 Z0.250 E2.48360 F900
G1 X115.400 Y136.550 Z0.250 E0.02105 F900
G1 X115.400 Y83.450 Z0.250 E2.48360 F900
G1 X115.850 Y83.450 Z0.250 E0.02105 F900
G1 X115.850 Y136.550 Z0.250 E2.48360 F900
G1 X116.300 Y136.550 Z0.250 E0.02105 F900
G1 X116.300 Y83.450 Z0.250 E2.48360 F900
G1 X116.750 Y83.450 Z0.250 E0.02105 F900
G1 X116.750 Y136.550 Z0.250 E2.48360 F900
G1 X117.200 Y136.550 Z0.250 E0.02105 F900
G1 X117.200 Y83.450 Z0.250 E2.48360 F900
G1 X117.650 Y83.450 Z0.250 E0.02105 F900
G1 X117.650 Y136.550 Z0.250 E2.48360 F900
G1 X118.100 Y136.550 Z0.250 E0.02105 F900
G1 X118.100 Y83.450 Z0.250 E2.48360 F900
G1 X118.550 Y83.450 Z0.250 E0.02105 F900
G1 X118.550 Y136.550 Z0.250 E2.48360 F900
G1 X119.000 Y136.550 Z0.250 E0.02105 F900
G1 X119.000 Y83.450 Z0.250 E2.48360 F900
G1 X119.450 Y83.450 Z0.250 E0.02105 F900
G1 X119.450 Y136.550 Z0.250 E2.48360 F900
G1 X119.900 Y136.550 Z0.250 E0.02105 F900
G1 X119.900 Y83.450 Z0.250 E2.48360 F900
G1 X120.350 Y83.450 Z0.250 E0.02105 F900
G1 X120.350 Y136.550 Z0.250 E2.48360 F900
G1 X120.800 Y136.550 Z0.250 E0.02105 F900
G1 X120.800 Y83.450 Z0.250 E2.48360 F900
G1 X121.250 Y83.450 Z0.250 E0.02105 F900
G1 X121.250 Y136.550 Z0.250 E2.48360 F900
G1 X121.700 Y136.550 Z0.250 E0.02105 F900
G1 X121.700 Y83.450 Z0.250 E2.48360 F900
G1 X122.150 Y83.450 Z0.250 E0.02105 F900
G1 X122.150 Y136.550 Z0.250 E2.48360 F900
G1 X122.600 Y136.550 Z0.250 E0.02105 F900
G1 X122.600 Y83.450 Z0.250 E2.48360 F900
G1 X123.050 Y83.450 Z0.250 E0.02105 F900
G1 X123.050 Y136.550 Z0.250 E2.48360 F900
G1 X123.500 Y136.550 Z0.250 E0.02105 F900
G1 X123.500 Y83.450 Z0.250 E2.48360 F900
G1 X123.950 Y83.450 Z0.250 E0.02105 F900
G1 X123.950 Y136.550 Z0.250 E2.48360 F900
G1 X124.400 Y136.550 Z0.250 E0.02105 F900
G1 X124.400 Y83.450 Z0.250 E2.48360 F900
G1 X124.850 Y83.450 Z0.250 E0.02105 F900
G1 X124.850 Y136.550 Z0.250 E2.48360 F900
G1 X125.300 Y136.550 Z0.250 E0.02105 F900
G1 X125.300 Y83.450 Z0.250 E2.48360 F900
G1 X125.750 Y83.450 Z0.250 E0.02105 F900
G1 X125.750 Y136.550 Z0.250 E2.48360 F900
G1 X126.200 Y136.550 Z0.250 E0.02105 F900
G1 X126.200 Y83.450 Z0.250 E2.48360 F900
G1 X126.650 Y83.450 Z0.250 E0.02105 F900
G1 X126.650 Y136.550 Z0.250 E2.48360 F900
G1 X127.100 Y136.550 Z0.250 E0.02105 F900
G1 X127.100 Y83.450 Z0.250 E2.48360 F900
G1 X127.550 Y83.450 Z0.250 E0.02105 F900
G1 X127.550 Y136.550 Z0.250 E2.48360 F900
G1 X128.000 Y136.550 Z0.250 E0.02105 F900
G1 X128.000 Y83.450 Z0.250 E2.48360 F900
G1 X128.450 Y83.450 Z0.250 E0.02105 F900
G1 X128.450 Y136.550 Z0.250 E2.48360 F900
G1 X128.900 Y136.550 Z0.250 E0.02105 F900
G1 X128.900 Y83.450 Z0.250 E2.48360 F900
G1 X129.350 Y83.450 Z0.250 E0.02105 F900
G1 X129.350 Y136.550 Z0.250 E2.48360 F900
G1 X129.800 Y136.550 Z0.250 E0.02105 F900
G1 X129.800 Y83.450 Z0.250 E2.48360 F900
G1 X130.250 Y83.450 Z0.250 E0.02105 F900
G1 X130.250 Y136.550 Z0.250 E2.48360 F900
G1 X130.700 Y136.550 Z0.250 E0.02105 F900
G1 X130.700 Y83.450 Z0.250 E2.48360 F900
G1 X131.150 Y83.450 Z0.250 E0.02105 F900
G1 X131.150 Y136.550 Z0.250 E2.48360 F900
G1 X131.600 Y136.550 Z0.250 E0.02105 F900
G1 X131.600 Y83.450 Z0.250 E2.48360 F900
G1 X132.050 Y83.450 Z0.250 E0.02105 F900
G1 X132.050 Y136.550 Z0.250 E2.48360 F900
G1 X132.500 Y136.550 Z0.250 E0.02105 F900
G1 X132.500 Y83.450 Z0.250 E2.48360 F900
G1 X132.950 Y83.450 Z0.250 E0.02105 F900
G1 X132.950 Y136.550 Z0.250 E2.48360 F900
G1 X133.400 Y136.550 Z0.250 E0.02105 F900
G1 X133.400 Y83.450 Z0.250 E2.48360 F900
G1 X133.850 Y83.450 Z0.250 E0.02105 F900
G1 X133.850 Y136.550 Z0.250 E2.48360 F900
G1 X134.300 Y136.550 Z0.250 E0.02105 F900
G1 X134.300 Y83.450 Z0.250 E2.48360 F900
G1 X134.750 Y83.450 Z0.250 E0.02105 F900
G1 X134.750 Y136.550 Z0.250 E2.48360 F900
G1 X135.200 Y136.550 Z0.250 E0.02105 F900
G1 X135.200 Y83.450 Z0.250 E2.48360 F900
G1 X135.650 Y83.450 Z0.250 E0.02105 F900
G1 X135.650 Y136.550 Z0.250 E2.48360 F900
G1 X136.100 Y136.550 Z0.250 E0.02105 F900
G1 X136.100 Y83.450 Z0.250 E2.48360 F900
G1 X136.550 Y83.450 Z0.250 E0.02105 F900
G1 X136.550 Y136.550 Z0.250 E2.48360 F900
; BASE layer 2
M106 S128
G1 E-0.800 F2400
G0 X136.550 Y136.550 Z1.500 F1800
G0 X83.000 Y83.000 Z1.500 F7200
G0 X83.000 Y83.000 Z0.500 F1800
G1 E0.800 F1800
G1 X137.000 Y83.000 Z0.500 E2.52569 F1500
G1 X137.000 Y137.000 Z0.500 E2.52569 F1500
G1 X83.000 Y137.000 Z0.500 E2.52569 F1500
G1 X83.000 Y83.000 Z0.500 E2.52569 F1500
G1 E-0.800 F2400
G0 X83.000 Y83.000 Z1.500 F1800
G0 X83.450 Y83.450 Z1.500 F7200
G0 X83.450 Y83.450 Z0.500 F1800
G1 E0.800 F1800
G1 X136.550 Y83.450 Z0.500 E2.48360 F1500
G1 X136.550 Y83.900 Z0.500 E0.02105 F1500
G1 X83.450 Y83.900 Z0.500 E2.48360 F1500
G1 X83.450 Y84.350 Z0.500 E0.02105 F1500
G1 X136.550 Y84.350 Z0.500 E2.48360 F1500
G1 X136.550 Y84.800 Z0.500 E0.02105 F1500
G1 X83.450 Y84.800 Z0.500 E2.48360 F1500
G1 X83.450 Y85.250 Z0.500 E0.02105 F1500
G1 X136.550 Y85.250 Z0.500 E2.48360 F1500
G1 X136.550 Y85.700 Z0.500 E0.02105 F1500
G1 X83.450 Y85.700 Z0.500 E2.48360 F1500
G1 X83.450 Y86.150 Z0.500 E0.02105 F1500
G1 X136.550 Y86.150 Z0.500 E2.48360 F1500
G1 X136.550 Y86.600 Z0.500 E0.02105 F1500
G1 X83.450 Y86.600 Z0.500 E2.48360 F1500
G1 X83.450 Y87.050 Z0.500 E0.02105 F1500
G1 X136.550 Y87.050 Z0.500 E2.48360 F1500
G1 X136.550 Y87.500 Z0.500 E0.02105 F1500
G1 X83.450 Y87.500 Z0.500 E2.48360 F1500
G1 X83.450 Y87.950 Z0.500 E0.02105 F1500
G1 X136.550 Y87.950 Z0.500 E2.48360 F1500
G1 X136.550 Y88.400 Z0.500 E0.02105 F1500
G1 X83.450 Y88.400 Z0.500 E2.48360 F1500
G1 X83.450 Y88.850 Z0.500 E0.02105 F1500
G1 X136.550 Y88.850 Z0.500 E2.48360 F1500
G1 X136.550 Y89.300 Z0.500 E0.02105 F1500
G1 X83.450 Y89.300 Z0.500 E2.48360 F1500
G1 X83.450 Y89.750 Z0.500 E0.02105 F1500
G1 X136.550 Y89.750 Z0.500 E2.48360 F1500
G1 X136.550 Y90.200 Z0.500 E0.02105 F1500
G1 X83.450 Y90.200 Z0.500 E2.48360 F1500
G1 X83.450 Y90.650 Z0.500 E0.02105 F1500
G1 X136.550 Y90.650 Z0.500 E2.48360 F1500
G1 X136.550 Y91.100 Z0.500 E0.02105 F1500
G1 X83.450 Y91.100 Z0.500 E2.48360 F1500
G1 X83.450 Y91.550 Z0.500 E0.02105 F1500
G1 X136.550 Y91.550 Z0.500 E2.48360 F1500
G1 X136.550 Y92.000 Z0.500 E0.02105 F1500
G1 X83.450 Y92.000 Z0.500 E2.48360 F1500
G1 X83.450 Y92.450 Z0.500 E0.02105 F1500
G1 X136.550 Y92.450 Z0.500 E2.48360 F1500
G1 X136.550 Y92.900 Z0.500 E0.02105 F1500
G1 X83.450 Y92.900 Z0.500 E2.48360 F1500
G1 X83.450 Y93.350 Z0.500 E0.02105 F1500
G1 X136.550 Y93.350 Z0.500 E2.48360 F1500
G1 X136.550 Y93.800 Z0.500 E0.02105 F1500
G1 X83.450 Y93.800 Z0.500 E2.48360 F1500
G1 X83.450 Y94.250 Z0.500 E0.02105 F1500
G1 X136.550 Y94.250 Z0.500 E2.48360 F1500
G1 X136.550 Y94.700 Z0.500 E0.02105 F1500
G1 X83.450 Y94.700 Z0.500 E2.48360 F1500
G1 X83.450 Y95.150 Z0.500 E0.02105 F1500
G1 X136.550 Y95.150 Z0.500 E2.48360 F1500
G1 X136.550 Y95.600 Z0.500 E0.02105 F1500
G1 X83.450 Y95.600 Z0.500 E2.48360 F1500
G1 X83.450 Y96.050 Z0.500 E0.02105 F1500
G1 X136.550 Y96.050 Z0.500 E2.48360 F1500
G1 X136.550 Y96.500 Z0.500 E0.02105 F1500
G1 X83.450 Y96.500 Z0.500 E2.48360 F1500
G1 X83.450 Y96.950 Z0.500 E0.02105 F1500
G1 X136.550 Y96.950 Z0.500 E2.48360 F1500
G1 X136.550 Y97.400 Z0.500 E0.02105 F1500
G1 X83.450 Y97.400 Z0.500 E2.48360 F1500
G1 X83.450 Y97.850 Z0.500 E0.02105 F1500
G1 X136.550 Y97.850 Z0.500 E2.48360 F1500
G1 X136.550 Y98.300 Z0.500 E0.02105 F1500
G1 X83.450 Y98.300 Z0.500 E2.48360 F1500
G1 X83.450 Y98.750 Z0.500 E0.02105 F1500
G1 X136.550 Y98.750 Z0.500 E2.48360 F1500
G1 X136.550 Y99.200 Z0.500 E0.02105 F1500
G1 X83.450 Y99.200 Z0.500 E2.48360 F1500
G1 X83.450 Y99.650 Z0.500 E0.02105 F1500
G1 X136.550 Y99.650 Z0.500 E2.48360 F1500
G1 X136.550 Y100.100 Z0.500 E0.02105 F1500
G1 X83.450 Y100.100 Z0.500 E2.48360 F1500
G1 X83.450 Y100.550 Z0.500 E0.02105 F1500
G1 X136.550 Y100.550 Z0.500 E2.48360 F1500
G1 X136.550 Y101.000 Z0.500 E0.02105 F1500
G1 X83.450 Y101.000 Z0.500 E2.48360 F1500
G1 X83.450 Y101.450 Z0.500 E0.02105 F1500
G1 X136.550 Y101.450 Z0.500 E2.48360 F1500
G1 X136.550 Y101.900 Z0.500 E0.02105 F1500
G1 X83.450 Y101.900 Z0.500 E2.48360 F1500
G1 X83.450 Y102.350 Z0.500 E0.02105 F1500
G1 X136.550 Y102.350 Z0.500 E2.48360 F1500
G1 X136.550 Y102.800 Z0.500 E0.02105 F1500
G1 X83.450 Y102.800 Z0.500 E2.48360 F1500
G1 X83.450 Y103.250 Z0.500 E0.02105 F1500
G1 X136.550 Y103.250 Z0.500 E2.48360 F1500
G1 X136.550 Y103.700 Z0.500 E0.02105 F1500
G1 X83.450 Y103.700 Z0.500 E2.48360 F1500
G1 X83.450 Y104.150 Z0.500 E0.02105 F1500
G1 X136.550 Y104.150 Z0.500 E2.48360 F1500
G1 X136.550 Y104.600 Z0.500 E0.02105 F1500
G1 X83.450 Y104.600 Z0.500 E2.48360 F1500
G1 X83.450 Y105.050 Z0.500 E0.02105 F1500
G1 X136.550 Y105.050 Z0.500 E2.48360 F1500
G1 X136.550 Y105.500 Z0.500 E0.02105 F1500
G1 X83.450 Y105.500 Z0.500 E2.48360 F1500
G1 X83.450 Y105.950 Z0.500 E0.02105 F1500
G1 X136.550 Y105.950 Z0.500 E2.48360 F1500
G1 X136.550 Y106.400 Z0.500 E0.02105 F1500
G1 X83.450 Y106.400 Z0.500 E2.48360 F1500
G1 X83.450 Y106.850 Z0.500 E0.02105 F1500
G1 X136.550 Y106.850 Z0.500 E2.48360 F1500
G1 X136.550 Y107.300 Z0.500 E0.02105 F1500
G1 X83.450 Y107.300 Z0.500 E2.48360 F1500
G1 X83.450 Y107.750 Z0.500 E0.02105 F1500
G1 X136.550 Y107.750 Z0.500 E2.48360 F1500
G1 X136.550 Y108.200 Z0.500 E0.02105 F1500
G1 X83.450 Y108.200 Z0.500 E2.48360 F1500
G1 X83.450 Y108.650 Z0.500 E0.02105 F1500
G1 X136.550 Y108.650 Z0.500 E2.48360 F1500
G1 X136.550 Y109.100 Z0.500 E0.02105 F1500
G1 X83.450 Y109.100 Z0.500 E2.48360 F1500
G1 X83.450 Y109.550 Z0.500 E0.02105 F1500
G1 X136.550 Y109.550 Z0.500 E2.48360 F1500
G1 X136.550 Y110.000 Z0.500 E0.02105 F1500
G1 X83.450 Y110.000 Z0.500 E2.48360 F1500
G1 X83.450 Y110.450 Z0.500 E0.02105 F1500
G1 X136.550 Y110.450 Z0.500 E2.48360 F1500
G1 X136.550 Y110.900 Z0.500 E0.02105 F1500
G1 X83.450 Y110.900 Z0.500 E2.48360 F1500
G1 X83.450 Y111.350 Z0.500 E0.02105 F1500
G1 X136.550 Y111.350 Z0.500 E2.48360 F1500
G1 X136.550 Y111.800 Z0.500 E0.02105 F1500
G1 X83.450 Y111.800 Z0.500 E2.48360 F1500
G1 X83.450 Y112.250 Z0.500 E0.02105 F1500
G1 X136.550 Y112.250 Z0.500 E2.48360 F1500
G1 X136.550 Y112.700 Z0.500 E0.02105 F1500
G1 X83.450 Y112.700 Z0.500 E2.48360 F1500
G1 X83.450 Y113.150 Z0.500 E0.02105 F1500
G1 X136.550 Y113.150 Z0.500 E2.48360 F1500
G1 X136.550 Y113.600 Z0.500 E0.02105 F1500
G1 X83.450 Y113.600 Z0.500 E2.48360 F1500
G1 X83.450 Y114.050 Z0.500 E0.02105 F1500
G1 X136.550 Y114.050 Z0.500 E2.48360 F1500
G1 X136.550 Y114.500 Z0.500 E0.02105 F1500
G1 X83.450 Y114.500 Z0.500 E2.48360 F1500
G1 X83.450 Y114.950 Z0.500 E0.02105 F1500
G1 X136.550 Y114.950 Z0.500 E2.48360 F1500
G1 X136.550 Y115.400 Z0.500 E0.02105 F1500
G1 X83.450 Y115.400 Z0.500 E2.48360 F1500
G1 X83.450 Y115.850 Z0.500 E0.02105 F1500
G1 X136.550 Y115.850 Z0.500 E2.48360 F1500
G1 X136.550 Y116.300 Z0.500 E0.02105 F1500
G1 X83.450 Y116.300 Z0.500 E2.48360 F1500
G1 X83.450 Y116.750 Z0.500 E0.02105 F1500
G1 X136.550 Y116.750 Z0.500 E2.48360 F1500
G1 X136.550 Y117.200 Z0.500 E0.02105 F1500
G1 X83.450 Y117.200 Z0.500 E2.48360 F1500
G1 X83.450 Y117.650 Z0.500 E0.02105 F1500
G1 X136.550 Y117.650 Z0.500 E2.48360 F1500
G1 X136.550 Y118.100 Z0.500 E0.02105 F1500
G1 X83.450 Y118.100 Z0.500 E2.48360 F1500
G1 X83.450 Y118.550 Z0.500 E0.02105 F1500
G1 X136.550 Y118.550 Z0.500 E2.48360 F1500
G1 X136.550 Y119.000 Z0.500 E0.02105 F1500
G1 X83.450 Y119.000 Z0.500 E2.48360 F1500
G1 X83.450 Y119.450 Z0.500 E0.02105 F1500
G1 X136.550 Y119.450 Z0.500 E2.48360 F1500
G1 X136.550 Y119.900 Z0.500 E0.02105 F1500
G1 X83.450 Y119.900 Z0.500 E2.48360 F1500
G1 X83.450 Y120.350 Z0.500 E0.02105 F1500
G1 X136.550 Y120.350 Z0.500 E2.48360 F1500
G1 X136.550 Y120.800 Z0.500 E0.02105 F1500
G1 X83.450 Y120.800 Z0.500 E2.48360 F1500
G1 X83.450 Y121.250 Z0.500 E0.02105 F1500
G1 X136.550 Y121.250 Z0.500 E2.48360 F1500
G1 X136.550 Y121.700 Z0.500 E0.02105 F1500
G1 X83.450 Y121.700 Z0.500 E2.48360 F1500
G1 X83.450 Y122.150 Z0.500 E0.02105 F1500
G1 X136.550 Y122.150 Z0.500 E2.48360 F1500
G1 X136.550 Y122.600 Z0.500 E0.02105 F1500
G1 X83.450 Y122.600 Z0.500 E2.48360 F1500
G1 X83.450 Y123.050 Z0.500 E0.02105 F1500
G1 X136.550 Y123.050 Z0.500 E2.48360 F1500
G1 X136.550 Y123.500 Z0.500 E0.02105 F1500
G1 X83.450 Y123.500 Z0.500 E2.48360 F1500
G1 X83.450 Y123.950 Z0.500 E0.02105 F1500
G1 X136.550 Y123.950 Z0.500 E2.48360 F1500
G1 X136.550 Y124.400 Z0.500 E0.02105 F1500
G1 X83.450 Y124.400 Z0.500 E2.48360 F1500
G1 X83.450 Y124.850 Z0.500 E0.02105 F1500
G1 X136.550 Y124.850 Z0.500 E2.48360 F1500
G1 X136.550 Y125.300 Z0.500 E0.02105 F1500
G1 X83.450 Y125.300 Z0.500 E2.48360 F1500
G1 X83.450 Y125.750 Z0.500 E0.02105 F1500
G1 X136.550 Y125.750 Z0.500 E2.48360 F1500
G1 X136.550 Y126.200 Z0.500 E0.02105 F1500
G1 X83.450 Y126.200 Z0.500 E2.48360 F1500
G1 X83.450 Y126.650 Z0.500 E0.02105 F1500
G1 X136.550 Y126.650 Z0.500 E2.48360 F1500
G1 X136.550 Y127.100 Z0.500 E0.02105 F1500
G1 X83.450 Y127.100 Z0.500 E2.48360 F1500
G1 X83.450 Y127.550 Z0.500 E0.02105 F1500
G1 X136.550 Y127.550 Z0.500 E2.48360 F1500
G1 X136.550 Y128.000 Z0.500 E0.02105 F1500
G1 X83.450 Y128.000 Z0.500 E2.48360 F1500
G1 X83.450 Y128.450 Z0.500 E0.02105 F1500
G1 X136.550 Y128.450 Z0.500 E2.48360 F1500
G1 X136.550 Y128.900 Z0.500 E0.02105 F1500
G1 X83.450 Y128.900 Z0.500 E2.48360 F1500
G1 X83.450 Y129.350 Z0.500 E0.02105 F1500
G1 X136.550 Y129.350 Z0.500 E2.48360 F1500
G1 X136.550 Y129.800 Z0.500 E0.02105 F1500
G1 X83.450 Y129.800 Z0.500 E2.48360 F1500
G1 X83.450 Y130.250 Z0.500 E0.02105 F1500
G1 X136.550 Y130.250 Z0.500 E2.48360 F1500
G1 X136.550 Y130.700 Z0.500 E0.02105 F1500
G1 X83.450 Y130.700 Z0.500 E2.48360 F1500
G1 X83.450 Y131.150 Z0.500 E0.02105 F1500
G1 X136.550 Y131.150 Z0.500 E2.48360 F1500
G1 X136.550 Y131.600 Z0.500 E0.02105 F1500
G1 X83.450 Y131.600 Z0.500 E2.48360 F1500
G1 X83.450 Y132.050 Z0.500 E0.02105 F1500
G1 X136.550 Y132.050 Z0.500 E2.48360 F1500
G1 X136.550 Y132.500 Z0.500 E0.02105 F1500
G1 X83.450 Y132.500 Z0.500 E2.48360 F1500
G1 X83.450 Y132.950 Z0.500 E0.02105 F1500
G1 X136.550 Y132.950 Z0.500 E2.48360 F1500
G1 X136.550 Y133.400 Z0.500 E0.02105 F1500
G1 X83.450 Y133.400 Z0.500 E2.48360 F1500
G1 X83.450 Y133.850 Z0.500 E0.02105 F1500
G1 X136.550 Y133.850 Z0.500 E2.48360 F1500
G1 X136.550 Y134.300 Z0.500 E0.02105 F1500
G1 X83.450 Y134.300 Z0.500 E2.48360 F1500
G1 X83.450 Y134.750 Z0.500 E0.02105 F1500
G1 X136.550 Y134.750 Z0.500 E2.48360 F1500
G1 X136.550 Y135.200 Z0.500 E0.02105 F1500
G1 X83.450 Y135.200 Z0.500 E2.48360 F1500
G1 X83.450 Y135.650 Z0.500 E0.02105 F1500
G1 X136.550 Y135.650 Z0.500 E2.48360 F1500
G1 X136.550 Y136.100 Z0.500 E0.02105 F1500
G1 X83.450 Y136.100 Z0.500 E2.48360 F1500
G1 X83.450 Y136.550 Z0.500 E0.02105 F1500
G1 X136.550 Y136.550 Z0.500 E2.48360 F1500
; BASE layer 3
G1 E-0.800 F2400
G0 X136.550 Y136.550 Z1.750 F1800
G0 X83.000 Y83.000 Z1.750 F7200
G0 X83.000 Y83.000 Z0.750 F1800
G1 E0.800 F1800
G1 X137.000 Y83.000 Z0.750 E2.52569 F1500
G1 X137.000 Y137.000 Z0.750 E2.52569 F1500
G1 X83.000 Y137.000 Z0.750 E2.52569 F1500
G1 X83.000 Y83.000 Z0.750 E2.52569 F1500
G1 E-0.800 F2400
G0 X83.000 Y83.000 Z1.750 F1800
G0 X83.450 Y83.450 Z1.750 F7200
G0 X83.450 Y83.450 Z0.750 F1800
G1 E0.800 F1800
G1 X83.450 Y136.550 Z0.750 E2.48360 F1500
G1 X83.900 Y136.550 Z0.750 E0.02105 F1500
G1 X83.900 Y83.450 Z0.750 E2.48360 F1500
G1 X84.350 Y83.450 Z0.750 E0.02105 F1500
G1 X84.350 Y136.550 Z0.750 E2.48360 F1500
G1 X84.800 Y136.550 Z0.750 E0.02105 F1500
G1 X84.800 Y83.450 Z0.750 E2.48360 F1500
G1 X85.250 Y83.450 Z0.750 E0.02105 F1500
G1 X85.250 Y136.550 Z0.750 E2.48360 F1500
G1 X85.700 Y136.550 Z0.750 E0.02105 F1500
G1 X85.700 Y83.450 Z0.750 E2.48360 F1500
G1 X86.150 Y83.450 Z0.750 E0.02105 F1500
G1 X86.150 Y136.550 Z0.750 E2.48360 F1500
G1 X86.600 Y136.550 Z0.750 E0.02105 F1500
G1 X86.600 Y83.450 Z0.750 E2.48360 F1500
G1 X87.050 Y83.450 Z0.750 E0.02105 F1500
G1 X87.050 Y136.550 Z0.750 E2.48360 F1500
G1 X87.500 Y136.550 Z0.750 E0.02105 F1500
G1 X87.500 Y83.450 Z0.750 E2.48360 F1500
G1 X87.950 Y83.450 Z0.750 E0.02105 F1500
G1 X87.950 Y136.550 Z0.750 E2.48360 F1500
G1 X88.400 Y136.550 Z0.750 E0.02105 F1500
G1 X88.400 Y83.450 Z0.750 E2.48360 F1500
G1 X88.850 Y83.450 Z0.750 E0.02105 F1500
G1 X88.850 Y136.550 Z0.750 E2.48360 F1500
G1 X89.300 Y136.550 Z0.750 E0.02105 F1500
G1 X89.300 Y83.450 Z0.750 E2.48360 F1500
G1 X89.750 Y83.450 Z0.750 E0.02105 F1500
G1 X89.750 Y136.550 Z0.750 E2.48360 F1500
G1 X90.200 Y136.550 Z0.750 E0.02105 F1500
G1 X90.200 Y83.450 Z0.750 E2.48360 F1500
G1 X90.650 Y83.450 Z0.750 E0.02105 F1500
G1 X90.650 Y136.550 Z0.750 E2.48360 F1500
G1 X91.100 Y136.550 Z0.750 E0.02105 F1500
G1 X91.100 Y83.450 Z0.750 E2.48360 F1500
G1 X91.550 Y83.450 Z0.750 E0.02105 F1500
G1 X91.550 Y136.550 Z0.750 E2.48360 F1500
G1 X92.000 Y136.550 Z0.750 E0.02105 F1500
G1 X92.000 Y83.450 Z0.750 E2.48360 F1500
G1 X92.450 Y83.450 Z0.750 E0.02105 F1500
G1 X92.450 Y136.550 Z0.750 E2.48360 F1500
G1 X92.900 Y136.550 Z0.750 E0.02105 F1500
G1 X92.900 Y83.450 Z0.750 E2.48360 F1500
G1 X93.350 Y83.450 Z0.750 E0.02105 F1500
G1 X93.350 Y136.550 Z0.750 E2.48360 F1500
G1 X93.800 Y136.550 Z0.750 E0.02105 F1500
G1 X93.800 Y83.450 Z0.750 E2.48360 F1500
G1 X94.250 Y83.450 Z0.750 E0.02105 F1500
G1 X94.250 Y136.550 Z0.750 E2.48360 F1500
G1 X94.700 Y136.550 Z0.750 E0.02105 F1500
G1 X94.700 Y83.450 Z0.750 E2.48360 F1500
G1 X95.150 Y83.450 Z0.750 E0.02105 F1500
G1 X95.150 Y136.550 Z0.750 E2.48360 F1500
G1 X95.600 Y136.550 Z0.750 E0.02105 F1500
G1 X95.600 Y83.450 Z0.750 E2.48360 F1500
G1 X96.050 Y83.450 Z0.750 E0.02105 F1500
G1 X96.050 Y136.550 Z0.750 E2.48360 F1500
G1 X96.500 Y136.550 Z0.750 E0.02105 F1500
G1 X96.500 Y83.450 Z0.750 E2.48360 F1500
G1 X96.950 Y83.450 Z0.750 E0.02105 F1500
G1 X96.950 Y136.550 Z0.750 E2.48360 F1500
G1 X97.400 Y136.550 Z0.750 E0.02105 F1500
G1 X97.400 Y83.450 Z0.750 E2.48360 F1500
G1 X97.850 Y83.450 Z0.750 E0.02105 F1500
G1 X97.850 Y136.550 Z0.750 E2.48360 F1500
G1 X98.300 Y136.550 Z0.750 E0.02105 F1500
G1 X98.300 Y83.450 Z0.750 E2.48360 F1500
G1 X98.750 Y83.450 Z0.750 E0.02105 F1500
G1 X98.750 Y136.550 Z0.750 E2.48360 F1500
G1 X99.200 Y136.550 Z0.750 E0.02105 F1500
G1 X99.200 Y83.450 Z0.750 E2.48360 F1500
G1 X99.650 Y83.450 Z0.750 E0.02105 F1500
G1 X99.650 Y136.550 Z0.750 E2.48360 F1500
G1 X100.100 Y136.550 Z0.750 E0.02105 F1500
G1 X100.100 Y83.450 Z0.750 E2.48360 F1500
G1 X100.550 Y83.450 Z0.750 E0.02105 F1500
G1 X100.550 Y136.550 Z0.750 E2.48360 F1500
G1 X101.000 Y136.550 Z0.750 E0.02105 F1500
G1 X101.000 Y83.450 Z0.750 E2.48360 F1500
G1 X101.450 Y83.450 Z0.750 E0.02105 F1500
G1 X101.450 Y136.550 Z0.750 E2.48360 F1500
G1 X101.900 Y136.550 Z0.750 E0.02105 F1500
G1 X101.900 Y83.450 Z0.750 E2.48360 F1500
G1 X102.350 Y83.450 Z0.750 E0.02105 F1500
G1 X102.350 Y136.550 Z0.750 E2.48360 F1500
G1 X102.800 Y136.550 Z0.750 E0.02105 F1500
G1 X102.800 Y83.450 Z0.750 E2.48360 F1500
G1 X103.250 Y83.450 Z0.750 E0.02105 F1500
G1 X103.250 Y136.550 Z0.750 E2.48360 F1500
G1 X103.700 Y136.550 Z0.750 E0.02105 F1500
G1 X103.700 Y83.450 Z0.750 E2.48360 F1500
G1 X104.150 Y83.450 Z0.750 E0.02105 F1500
G1 X104.150 Y136.550 Z0.750 E2.48360 F1500
G1 X104.600 Y136.550 Z0.750 E0.02105 F1500
G1 X104.600 Y83.450 Z0.750 E2.48360 F1500
G1 X105.050 Y83.450 Z0.750 E0.02105 F1500
G1 X105.050 Y136.550 Z0.750 E2.48360 F1500
G1 X105.500 Y136.550 Z0.750 E0.02105 F1500
G1 X105.500 Y83.450 Z0.750 E2.48360 F1500
G1 X105.950 Y83.450 Z0.750 E0.02105 F1500
G1 X105.950 Y136.550 Z0.750 E2.48360 F1500
G1 X106.400 Y136.550 Z0.750 E0.02105 F1500
G1 X106.400 Y83.450 Z0.750 E2.48360 F1500
G1 X106.850 Y83.450 Z0.750 E0.02105 F1500
G1 X106.850 Y136.550 Z0.750 E2.48360 F1500
G1 X107.300 Y136.550 Z0.750 E0.02105 F1500
G1 X107.300 Y83.450 Z0.750 E2.48360 F1500
G1 X107.750 Y83.450 Z0.750 E0.02105 F1500
G1 X107.750 Y136.550 Z0.750 E2.48360 F1500
G1 X108.200 Y136.550 Z0.750 E0.02105 F1500
G1 X108.200 Y83.450 Z0.750 E2.48360 F1500
G1 X108.650 Y83.450 Z0.750 E0.02105 F1500
G1 X108.650 Y136.550 Z0.750 E2.48360 F1500
G1 X109.100 Y136.550 Z0.750 E0.02105 F1500
G1 X109.100 Y83.450 Z0.750 E2.48360 F1500
G1 X109.550 Y83.450 Z0.750 E0.02105 F1500
G1 X109.550 Y136.550 Z0.750 E2.48360 F1500
G1 X110.000 Y136.550 Z0.750 E0.02105 F1500
G1 X110.000 Y83.450 Z0.750 E2.48360 F1500
G1 X110.450 Y83.450 Z0.750 E0.02105 F1500
G1 X110.450 Y136.550 Z0.750 E2.48360 F1500
G1 X110.900 Y136.550 Z0.750 E0.02105 F1500
G1 X110.900 Y83.450 Z0.750 E2.48360 F1500
G1 X111.350 Y83.450 Z0.750 E0.02105 F1500
G1 X111.350 Y136.550 Z0.750 E2.48360 F1500
G1 X111.800 Y136.550 Z0.750 E0.02105 F1500
G1 X111.800 Y83.450 Z0.750 E2.48360 F1500
G1 X112.250 Y83.450 Z0.750 E0.02105 F1500
G1 X112.250 Y136.550 Z0.750 E2.48360 F1500
G1 X112.700 Y136.550 Z0.750 E0.02105 F1500
G1 X112.700 Y83.450 Z0.750 E2.48360 F1500
G1 X113.150 Y83.450 Z0.750 E0.02105 F1500
G1 X113.150 Y136.550 Z0.750 E2.48360 F1500
G1 X113.600 Y136.550 Z0.750 E0.02105 F1500
G1 X113.600 Y83.450 Z0.750 E2.48360 F1500
G1 X114.050 Y83.450 Z0.750 E0.02105 F1500
G1 X114.050 Y136.550 Z0.750 E2.48360 F1500
G1 X114.500 Y136.550 Z0.750 E0.02105 F1500
G1 X114.500 Y83.450 Z0.750 E2.48360 F1500
G1 X114.950 Y83.450 Z0.750 E0.02105 F1500
G1 X114.950 Y136.550 Z0.750 E2.48360 F1500
G1 X115.400 Y136.550 Z0.750 E0.02105 F1500
G1 X115.400 Y83.450 Z0.750 E2.48360 F1500
G1 X115.850 Y83.450 Z0.750 E0.02105 F1500
G1 X115.850 Y136.550 Z0.750 E2.48360 F1500
G1 X116.300 Y136.550 Z0.750 E0.02105 F1500
G1 X116.300 Y83.450 Z0.750 E2.48360 F1500
G1 X116.750 Y83.450 Z0.750 E0.02105 F1500
G1 X116.750 Y136.550 Z0.750 E2.48360 F1500
G1 X117.200 Y136.550 Z0.750 E0.02105 F1500
G1 X117.200 Y83.450 Z0.750 E2.48360 F1500
G1 X117.650 Y83.450 Z0.750 E0.02105 F1500
G1 X117.650 Y136.550 Z0.750 E2.48360 F1500
G1 X118.100 Y136.550 Z0.750 E0.02105 F1500
G1 X118.100 Y83.450 Z0.750 E2.48360 F1500
G1 X118.550 Y83.450 Z0.750 E0.02105 F1500
G1 X118.550 Y136.550 Z0.750 E2.48360 F1500
G1 X119.000 Y136.550 Z0.750 E0.02105 F1500
G1 X119.000 Y83.450 Z0.750 E2.48360 F1500
G1 X119.450 Y83.450 Z0.750 E0.02105 F1500
G1 X119.450 Y136.550 Z0.750 E2.48360 F1500
G1 X119.900 Y136.550 Z0.750 E0.02105 F1500
G1 X119.900 Y83.450 Z0.750 E2.48360 F1500
G1 X120.350 Y83.450 Z0.750 E0.02105 F1500
G1 X120.350 Y136.550 Z0.750 E2.48360 F1500
G1 X120.800 Y136.550 Z0.750 E0.02105 F1500
G1 X120.800 Y83.450 Z0.750 E2.48360 F1500
G1 X121.250 Y83.450 Z0.750 E0.02105 F1500
G1 X121.250 Y136.550 Z0.750 E2.48360 F1500
G1 X121.700 Y136.550 Z0.750 E0.02105 F1500
G1 X121.700 Y83.450 Z0.750 E2.48360 F1500
G1 X122.150 Y83.450 Z0.750 E0.02105 F1500
G1 X122.150 Y136.550 Z0.750 E2.48360 F1500
G1 X122.600 Y136.550 Z0.750 E0.02105 F1500
G1 X122.600 Y83.450 Z0.750 E2.48360 F1500
G1 X123.050 Y83.450 Z0.750 E0.02105 F1500
G1 X123.050 Y136.550 Z0.750 E2.48360 F1500
G1 X123.500 Y136.550 Z0.750 E0.02105 F1500
G1 X123.500 Y83.450 Z0.750 E2.48360 F1500
G1 X123.950 Y83.450 Z0.750 E0.02105 F1500
G1 X123.950 Y136.550 Z0.750 E2.48360 F1500
G1 X124.400 Y136.550 Z0.750 E0.02105 F1500
G1 X124.400 Y83.450 Z0.750 E2.48360 F1500
G1 X124.850 Y83.450 Z0.750 E0.02105 F1500
G1 X124.850 Y136.550 Z0.750 E2.48360 F1500
G1 X125.300 Y136.550 Z0.750 E0.02105 F1500
G1 X125.300 Y83.450 Z0.750 E2.48360 F1500
G1 X125.750 Y83.450 Z0.750 E0.02105 F1500
G1 X125.750 Y136.550 Z0.750 E2.48360 F1500
G1 X126.200 Y136.550 Z0.750 E0.02105 F1500
G1 X126.200 Y83.450 Z0.750 E2.48360 F1500
G1 X126.650 Y83.450 Z0.750 E0.02105 F1500
G1 X126.650 Y136.550 Z0.750 E2.48360 F1500
G1 X127.100 Y136.550 Z0.750 E0.02105 F1500
G1 X127.100 Y83.450 Z0.750 E2.48360 F1500
G1 X127.550 Y83.450 Z0.750 E0.02105 F1500
G1 X127.550 Y136.550 Z0.750 E2.48360 F1500
G1 X128.000 Y136.550 Z0.750 E0.02105 F1500
G1 X128.000 Y83.450 Z0.750 E2.48360 F1500
G1 X128.450 Y83.450 Z0.750 E0.02105 F1500
G1 X128.450 Y136.550 Z0.750 E2.48360 F1500
G1 X128.900 Y136.550 Z0.750 E0.02105 F1500
G1 X128.900 Y83.450 Z0.750 E2.48360 F1500
G1 X129.350 Y83.450 Z0.750 E0.02105 F1500
G1 X129.350 Y136.550 Z0.750 E2.48360 F1500
G1 X129.800 Y136.550 Z0.750 E0.02105 F1500
G1 X129.800 Y83.450 Z0.750 E2.48360 F1500
G1 X130.250 Y83.450 Z0.750 E0.02105 F1500
G1 X130.250 Y136.550 Z0.750 E2.48360 F1500
G1 X130.700 Y136.550 Z0.750 E0.02105 F1500
G1 X130.700 Y83.450 Z0.750 E2.48360 F1500
G1 X131.150 Y83.450 Z0.750 E0.02105 F1500
G1 X131.150 Y136.550 Z0.750 E2.48360 F1500
G1 X131.600 Y136.550 Z0.750 E0.02105 F1500
G1 X131.600 Y83.450 Z0.750 E2.48360 F1500
G1 X132.050 Y83.450 Z0.750 E0.02105 F1500
G1 X132.050 Y136.550 Z0.750 E2.48360 F1500
G1 X132.500 Y136.550 Z0.750 E0.02105 F1500
G1 X132.500 Y83.450 Z0.750 E2.48360 F1500
G1 X132.950 Y83.450 Z0.750 E0.02105 F1500
G1 X132.950 Y136.550 Z0.750 E2.48360 F1500
G1 X133.400 Y136.550 Z0.750 E0.02105 F1500
G1 X133.400 Y83.450 Z0.750 E2.48360 F1500
G1 X133.850 Y83.450 Z0.750 E0.02105 F1500
G1 X133.850 Y136.550 Z0.750 E2.48360 F1500
G1 X134.300 Y136.550 Z0.750 E0.02105 F1500
G1 X134.300 Y83.450 Z0.750 E2.48360 F1500
G1 X134.750 Y83.450 Z0.750 E0.02105 F1500
G1 X134.750 Y136.550 Z0.750 E2.48360 F1500
G1 X135.200 Y136.550 Z0.750 E0.02105 F1500
G1 X135.200 Y83.450 Z0.750 E2.48360 F1500
G1 X135.650 Y83.450 Z0.750 E0.02105 F1500
G1 X135.650 Y136.550 Z0.750 E2.48360 F1500
G1 X136.100 Y136.550 Z0.750 E0.02105 F1500
G1 X136.100 Y83.450 Z0.750 E2.48360 F1500
G1 X136.550 Y83.450 Z0.750 E0.02105 F1500
G1 X136.550 Y136.550 Z0.750 E2.48360 F1500
; WIRE PRINTING
M106 S255 ; full fan for wires
; LEVEL 1/12  z 0.75 -> 5.25
G1 E-0.800 F2400
G0 X136.550 Y136.550 Z1.750 F1800
G0 X86.000 Y86.000 Z1.750 F7200
G0 X86.000 Y86.000 Z0.750 F1800
G1 E0.800 F1800
G1 E0.1500 F120
G4 P300
G1 X87.200 Y87.200 Z5.550 E0.41561 F180
G4 P800
G0 X87.200 Y87.200 Z5.250 F180
G1 X98.000 Y86.000 Z0.750 E0.86410 F360
G1 E0.1500 F120
G4 P300
G1 X98.600 Y87.200 Z5.550 E0.40686 F180
G4 P800
G0 X98.600 Y87.200 Z5.250 F180
G1 X110.000 Y86.000 Z0.750 E0.90475 F360
G1 E0.1500 F120
G4 P300
G1 X110.000 Y87.200 Z5.550 E0.40390 F180
G4 P800
G0 X110.000 Y87.200 Z5.250 F180
G1 X122.000 Y86.000 Z0.750 E0.94570 F360
G1 E0.1500 F120
G4 P300
G1 X121.400 Y87.200 Z5.550 E0.40686 F180
G4 P800
G0 X121.400 Y87.200 Z5.250 F180
G1 X134.000 Y86.000 Z0.750 E0.98693 F360
G1 E0.1500 F120
G4 P300
G1 X132.800 Y87.200 Z5.550 E0.41561 F180
G4 P800
G0 X132.800 Y87.200 Z5.250 F180
G1 X134.000 Y98.000 Z0.750 E0.86410 F360
G1 E0.1500 F120
G4 P300
G1 X132.800 Y98.600 Z5.550 E0.40686 F180
G4 P800
G0 X132.800 Y98.600 Z5.250 F180
G1 X122.000 Y98.000 Z0.750 E0.86072 F360
G1 E0.1500 F120
G4 P300
G1 X121.400 Y98.600 Z5.550 E0.39791 F180
G4 P800
G0 X121.400 Y98.600 Z5.250 F180
G1 X110.000 Y98.000 Z0.750 E0.90152 F360
G1 E0.1500 F120
G4 P300
G1 X110.000 Y98.600 Z5.550 E0.39489 F180
G4 P800
G0 X110.000 Y98.600 Z5.250 F180
G1 X98.000 Y98.000 Z0.750 E0.94262 F360
G1 E0.1500 F120
G4 P300
G1 X98.600 Y98.600 Z5.550 E0.39791 F180
G4 P800
G0 X98.600 Y98.600 Z5.250 F180
G1 X86.000 Y98.000 Z0.750 E0.98397 F360
G1 E0.1500 F120
G4 P300
G1 X87.200 Y98.600 Z5.550 E0.40686 F180
G4 P800
G0 X87.200 Y98.600 Z5.250 F180
G1 X86.000 Y110.000 Z0.750 E0.90475 F360
G1 E0.1500 F120
G4 P300
G1 X87.200 Y110.000 Z5.550 E0.40390 F180
G4 P800
G0 X87.200 Y110.000 Z5.250 F180
G1 X98.000 Y110.000 Z0.750 E0.85959 F360
G1 E0.1500 F120
G4 P300
G1 X98.600 Y110.000 Z5.550 E0.39489 F180
G4 P800
G0 X98.600 Y110.000 Z5.250 F180
G1 X110.000 Y110.000 Z0.750 E0.90044 F360
G1 E0.1500 F120
G4 P300
G1 X110.000 Y110.000 Z5.550 E0.39184 F180
G4 P800
G0 X110.000 Y110.000 Z5.250 F180
G1 X122.000 Y110.000 Z0.750 E0.94158 F360
G1 E0.1500 F120
G4 P300
G1 X121.400 Y110.000 Z5.550 E0.39489 F180
G4 P800
G0 X121.400 Y110.000 Z5.250 F180
G1 X134.000 Y110.000 Z0.750 E0.98298 F360
G1 E0.1500 F120
G4 P300
G1 X132.800 Y110.000 Z5.550 E0.40390 F180
G4 P800
G0 X132.800 Y110.000 Z5.250 F180
G1 X134.000 Y122.000 Z0.750 E0.94570 F360
G1 E0.1500 F120
G4 P300
G1 X132.800 Y121.400 Z5.550 E0.40686 F180
G4 P800
G0 X132.800 Y121.400 Z5.250 F180
G1 X122.000 Y122.000 Z0.750 E0.86072 F360
G1 E0.1500 F120
G4 P300
G1 X121.400 Y121.400 Z5.550 E0.39791 F180
G4 P800
G0 X121.400 Y121.400 Z5.250 F180
G1 X110.000 Y122.000 Z0.750 E0.90152 F360
G1 E0.1500 F120
G4 P300
G1 X110.000 Y121.400 Z5.550 E0.39489 F180
G4 P800
G0 X110.000 Y121.400 Z5.250 F180
G1 X98.000 Y122.000 Z0.750 E0.94262 F360
G1 E0.1500 F120
G4 P300
G1 X98.600 Y121.400 Z5.550 E0.39791 F180
G4 P800
G0 X98.600 Y121.400 Z5.250 F180
G1 X86.000 Y122.000 Z0.750 E0.98397 F360
G1 E0.1500 F120
G4 P300
G1 X87.200 Y121.400 Z5.550 E0.40686 F180
G4 P800
G0 X87.200 Y121.400 Z5.250 F180
G1 X86.000 Y134.000 Z0.750 E0.98693 F360
G1 E0.1500 F120
G4 P300
G1 X87.200 Y132.800 Z5.550 E0.41561 F180
G4 P800
G0 X87.200 Y132.800 Z5.250 F180
G1 X98.000 Y134.000 Z0.750 E0.86410 F360
G1 E0.1500 F120
G4 P300
G1 X98.600 Y132.800 Z5.550 E0.40686 F180
G4 P800
G0 X98.600 Y132.800 Z5.250 F180
G1 X110.000 Y134.000 Z0.750 E0.90475 F360
G1 E0.1500 F120
G4 P300
G1 X110.000 Y132.800 Z5.550 E0.40390 F180
G4 P800
G0 X110.000 Y132.800 Z5.250 F180
G1 X122.000 Y134.000 Z0.750 E0.94570 F360
G1 E0.1500 F120
G4 P300
G1 X121.400 Y132.800 Z5.550 E0.40686 F180
G4 P800
G0 X121.400 Y132.800 Z5.250 F180
G1 X134.000 Y134.000 Z0.750 E0.98693 F360
G1 E0.1500 F120
G4 P300
G1 X132.800 Y132.800 Z5.550 E0.41561 F180
G4 P800
G0 X132.800 Y132.800 Z5.250 F180
G1 E-0.800 F2400
G0 X132.800 Y132.800 Z6.250 F1800
G0 X87.200 Y132.800 Z6.250 F7200
G0 X87.200 Y132.800 Z5.250 F1800
G1 E0.800 F1800
G1 E0.1500 F120
G4 P300
G1 X98.600 Y132.800 Z5.250 E0.93061 F360
G1 E0.0750 F120
G4 P300
G1 X110.000 Y132.800 Z5.250 E0.93061 F360
G1 E0.0750 F120
G4 P300
G1 X121.400 Y132.800 Z5.250 E0.93061 F360
G1 E0.0750 F120
G4 P300
G1 X132.800 Y132.800 Z5.250 E0.93061 F360
G1 E0.0750 F120
G4 P300
G1 E-0.800 F2400
G0 X132.800 Y132.800 Z6.250 F1800
G0 X132.800 Y121.400 Z6.250 F7200
G0 X132.800 Y121.400 Z5.250 F1800
G1 E0.800 F1800
G1 E0.1500 F120
G4 P300
G1 X121.400 Y121.400 Z5.250 E0.93061 F360
G1 E0.0750 F120
G4 P300
G1 X110.000 Y121.400 Z5.250 E0.93061 F360
G1 E0.0750 F120
G4 P300
G1 X98.600 Y121.400 Z5.250 E0.93061 F360
G1 E0.0750 F120
G4 P300
G1 X87.200 Y121.400 Z5.250 E0.93061 F360
G1 E0.0750 F120
G4 P300
G1 E-0.800 F2400
G0 X87.200 Y121.400 Z6.250 F1800
G0 X87.200 Y110.000 Z6.250 F7200
G0 X87.200 Y110.000 Z5.250 F1800
G1 E0.800 F1800
G1 E0.1500 F120
G4 P300
G1 X98.600 Y110.000 Z5.250 E0.93061 F360
G1 E0.0750 F120
G4 P300
G1 X110.000 Y110.000 Z5.250 E0.93061 F360
G1 E0.0750 F120
G4 P300
G1 X121.400 Y110.000 Z5.250 E0.93061 F360
G1 E0.0750 F120
G4 P300
G1 X132.800 Y110.000 Z5.250 E0.93061 F360
G1 E0.0750 F120
G4 P300
G1 E-0.800 F2400
G0 X132.800 Y110.000 Z6.250 F1800
G0 X132.800 Y98.600 Z6.250 F7200
G0 X132.800 Y98.600 Z5.250 F1800
G1 E0.800 F1800
G1 E0.1500 F120
G4 P300
G1 X121.400 Y98.600 Z5.250 E0.93061 F360
G1 E0.0750 F120
G4 P300
G1 X110.000 Y98.600 Z5.250 E0.93061 F360
G1 E0.0750 F120
G4 P300
G1 X98.600 Y98.600 Z5.250 E0.93061 F360
G1 E0.0750 F120
G4 P300
G1 X87.200 Y98.600 Z5.250 E0.93061 F360
G1 E0.0750 F120
G4 P300
G1 E-0.800 F2400
G0 X87.200 Y98.600 Z6.250 F1800
G0 X87.200 Y87.200 Z6.250 F7200
G0 X87.200 Y87.200 Z5.250 F1800
G1 E0.800 F1800
G1 E0.1500 F120
G4 P300
G1 X98.600 Y87.200 Z5.250 E0.93061 F360
G1 E0.0750 F120
G4 P300
G1 X110.000 Y87.200 Z5.250 E0.93061 F360
G1 E0.0750 F120
G4 P300
G1 X121.400 Y87.200 Z5.250 E0.93061 F360
G1 E0.0750 F120
G4 P300
G1 X132.800 Y87.200 Z5.250 E0.93061 F360
G1 E0.0750 F120
G4 P300
G1 E-0.800 F2400
G0 X132.800 Y87.200 Z6.250 F1800
G0 X87.200 Y87.200 Z6.250 F7200
G0 X87.200 Y87.200 Z5.250 F1800
G1 E0.800 F1800
G1 E0.1500 F120
G4 P300
G1 X87.200 Y98.600 Z5.250 E0.93061 F360
G1 E0.0750 F120
G4 P300
G1 X87.200 Y110.000 Z5.250 E0.93061 F360
G1 E0.0750 F120
G4 P300
G1 X87.200 Y121.400 Z5.250 E0.93061 F360
G1 E0.0750 F120
G4 P300
G1 X87.200 Y132.800 Z5.250 E0.93061 F360
G1 E0.0750 F120
G4 P300
G1 E-0.800 F2400
G0 X87.200 Y132.800 Z6.250 F1800
G0 X98.600 Y132.800 Z6.250 F7200
G0 X98.600 Y132.800 Z5.250 F1800
G1 E0.800 F1800
G1 E0.1500 F120
G4 P300
G1 X98.600 Y121.400 Z5.250 E0.93061 F360
G1 E0.0750 F120
G4 P300
G1 X98.600 Y110.000 Z5.250 E0.93061 F360
G1 E0.0750 F120
G4 P300
G1 X98.600 Y98.600 Z5.250 E0.93061 F360
G1 E0.0750 F120
G4 P300
G1 X98.600 Y87.200 Z5.250 E0.93061 F360
G1 E0.0750 F120
G4 P300
G1 E-0.800 F2400
G0 X98.600 Y87.200 Z6.250 F1800
G0 X110.000 Y87.200 Z6.250 F7200
G0 X110.000 Y87.200 Z5.250 F1800
G1 E0.800 F1800
G1 E0.1500 F120
G4 P300
G1 X110.000 Y98.600 Z5.250 E0.93061 F360
G1 E0.0750 F120
G4 P300
G1 X110.000 Y110.000 Z5.250 E0.93061 F360
G1 E0.0750 F120
G4 P300
G1 X110.000 Y121.400 Z5.250 E0.93061 F360
G1 E0.0750 F120
G4 P300
G1 X110.000 Y132.800 Z5.250 E0.93061 F360
G1 E0.0750 F120
G4 P300
G1 E-0.800 F2400
G0 X110.000 Y132.800 Z6.250 F1800
G0 X121.400 Y132.800 Z6.250 F7200
G0 X121.400 Y132.800 Z5.250 F1800
G1 E0.800 F1800
G1 E0.1500 F120
G4 P300
G1 X121.400 Y121.400 Z5.250 E0.93061 F360
G1 E0.0750 F120
G4 P300
G1 X121.400 Y110.000 Z5.250 E0.93061 F360
G1 E0.0750 F120
G4 P300
G1 X121.400 Y98.600 Z5.250 E0.93061 F360
G1 E0.0750 F120
G4 P300
G1 X121.400 Y87.200 Z5.250 E0.93061 F360
G1 E0.0750 F120
G4 P300
G1 E-0.800 F2400
G0 X121.400 Y87.200 Z6.250 F1800
G0 X132.800 Y87.200 Z6.250 F7200
G0 X132.800 Y87.200 Z5.250 F1800
G1 E0.800 F1800
G1 E0.1500 F120
G4 P300
G1 X132.800 Y98.600 Z5.250 E0.93061 F360
G1 E0.0750 F120
G4 P300
G1 X132.800 Y110.000 Z5.250 E0.93061 F360
G1 E0.0750 F120
G4 P300
G1 X132.800 Y121.400 Z5.250 E0.93061 F360
G1 E0.0750 F120
G4 P300
G1 X132.800 Y132.800 Z5.250 E0.93061 F360
G1 E0.0750 F120
G4 P300
G1 E-0.800 F2400
; LEVEL 2/12  z 5.25 -> 9.75
G0 X132.800 Y132.800 Z6.250 F1800
G0 X87.200 Y87.200 Z6.250 F7200
G0 X87.200 Y87.200 Z5.250 F1800
G1 E0.800 F1800
G1 E0.1500 F120
G4 P300
G1 X88.400 Y88.400 Z10.050 E0.41561 F180
G4 P800
G0 X88.400 Y88.400 Z9.750 F180
G1 X98.600 Y87.200 Z5.250 E0.82381 F360
G1 E0.1500 F120
G4 P300
G1 X99.200 Y88.400 Z10.050 E0.40686 F180
G4 P800
G0 X99.200 Y88.400 Z9.750 F180
G1 X110.000 Y87.200 Z5.250 E0.86410 F360
G1 E0.1500 F120
G4 P300
G1 X110.000 Y88.400 Z10.050 E0.40390 F180
G4 P800
G0 X110.000 Y88.400 Z9.750 F180
G1 X121.400 Y87.200 Z5.250 E0.90475 F360
G1 E0.1500 F120
G4 P300
G1 X120.800 Y88.400 Z10.050 E0.40686 F180
G4 P800
G0 X120.800 Y88.400 Z9.750 F180
G1 X132.800 Y87.200 Z5.250 E0.94570 F360
G1 E0.1500 F120
G4 P300
G1 X131.600 Y88.400 Z10.050 E0.41561 F180
G4 P800
G0 X131.600 Y88.400 Z9.750 F180
G1 X132.800 Y98.600 Z5.250 E0.82381 F360
G1 E0.1500 F120
G4 P300
G1 X131.600 Y99.200 Z10.050 E0.40686 F180
G4 P800
G0 X131.600 Y99.200 Z9.750 F180
G1 X121.400 Y98.600 Z5.250 E0.82026 F360
G1 E0.1500 F120
G4 P300
G1 X120.800 Y99.200 Z10.050 E0.39791 F180
G4 P800
G0 X120.800 Y99.200 Z9.750 F180
G1 X110.000 Y98.600 Z5.250 E0.86072 F360
G1 E0.1500 F120
G4 P300
G1 X110.000 Y99.200 Z10.050 E0.39489 F180
G4 P800
G0 X110.000 Y99.200 Z9.750 F180
G1 X98.600 Y98.600 Z5.250 E0.90152 F360
G1 E0.1500 F120
G4 P300
G1 X99.200 Y99.200 Z10.050 E0.39791 F180
G4 P800
G0 X99.200 Y99.200 Z9.750 F180
G1 X87.200 Y98.600 Z5.250 E0.94262 F360
G1 E0.1500 F120
G4 P300
G1 X88.400 Y99.200 Z10.050 E0.40686 F180
G4 P800
G0 X88.400 Y99.200 Z9.750 F180
G1 X87.200 Y110.000 Z5.250 E0.86410 F360
G1 E0.1500 F120
G4 P300
G1 X88.400 Y110.000 Z10.050 E0.40390 F180
G4 P800
G0 X88.400 Y110.000 Z9.750 F180
G1 X98.600 Y110.000 Z5.250 E0.81908 F360
G1 E0.1500 F120
G4 P300
G1 X99.200 Y110.000 Z10.050 E0.39489 F180
G4 P800
G0 X99.200 Y110.000 Z9.750 F180
G1 X110.000 Y110.000 Z5.250 E0.85959 F360
G1 E0.1500 F120
G4 P300
G1 X110.000 Y110.000 Z10.050 E0.39184 F180
G4 P800
G0 X110.000 Y110.000 Z9.750 F180
G1 X121.400 Y110.000 Z5.250 E0.90044 F360
G1 E0.1500 F120
G4 P300
G1 X120.800 Y110.000 Z10.050 E0.39489 F180
G4 P800
G0 X120.800 Y110.000 Z9.750 F180
G1 X132.800 Y110.000 Z5.250 E0.94158 F360
G1 E0.1500 F120
G4 P300
G1 X131.600 Y110.000 Z10.050 E0.40390 F180
G4 P800
G0 X131.600 Y110.000 Z9.750 F180
G1 X132.800 Y121.400 Z5.250 E0.90475 F360
G1 E0.1500 F120
G4 P300
G1 X131.600 Y120.800 Z10.050 E0.40686 F180
G4 P800
G0 X131.600 Y120.800 Z9.750 F180
G1 X121.400 Y121.400 Z5.250 E0.82026 F360
G1 E0.1500 F120
G4 P300
G1 X120.800 Y120.800 Z10.050 E0.39791 F180
G4 P800
G0 X120.800 Y120.800 Z9.750 F180
G1 X110.000 Y121.400 Z5.250 E0.86072 F360
G1 E0.1500 F120
G4 P300
G1 X110.000 Y120.800 Z10.050 E0.39489 F180
G4 P800
G0 X110.000 Y120.800 Z9.750 F180
G1 X98.600 Y121.400 Z5.250 E0.90152 F360
G1 E0.1500 F120
G4 P300
G1 X99.200 Y120.800 Z10.050 E0.39791 F180
G4 P800
G0 X99.200 Y120.800 Z9.750 F180
G1 X87.200 Y121.400 Z5.250 E0.94262 F360
G1 E0.1500 F120
G4 P300
G1 X88.400 Y120.800 Z10.050 E0.40686 F180
G4 P800
G0 X88.400 Y120.800 Z9.750 F180
G1 X87.200 Y132.800 Z5.250 E0.94570 F360
G1 E0.1500 F120
G4 P300
G1 X88.400 Y131.600 Z10.050 E0.41561 F180
G4 P800
G0 X88.400 Y131.600 Z9.750 F180
G1 X98.600 Y132.800 Z5.250 E0.82381 F360
G1 E0.1500 F120
G4 P300
G1 X99.200 Y131.600 Z10.050 E0.40686 F180
G4 P800
G0 X99.200 Y131.600 Z9.750 F180
G1 X110.000 Y132.800 Z5.250 E0.86410 F360
G1 E0.1500 F120
G4 P300
G1 X110.000 Y131.600 Z10.050 E0.40390 F180
G4 P800
G0 X110.000 Y131.600 Z9.750 F180
G1 X121.400 Y132.800 Z5.250 E0.90475 F360
G1 E0.1500 F120
G4 P300
G1 X120.800 Y131.600 Z10.050 E0.40686 F180
G4 P800
G0 X120.800 Y131.600 Z9.750 F180
G1 X132.800 Y132.800 Z5.250 E0.94570 F360
G1 E0.1500 F120
G4 P300
G1 X131.600 Y131.600 Z10.050 E0.41561 F180
G4 P800
G0 X131.600 Y131.600 Z9.750 F180
G1 E-0.800 F2400
G0 X131.600 Y131.600 Z10.750 F1800
G0 X88.400 Y131.600 Z10.750 F7200
G0 X88.400 Y131.600 Z9.750 F1800
G1 E0.800 F1800
G1 E0.1500 F120
G4 P300
G1 X99.200 Y131.600 Z9.750 E0.88163 F360
G1 E0.0750 F120
G4 P300
G1 X110.000 Y131.600 Z9.750 E0.88163 F360
G1 E0.0750 F120
G4 P300
G1 X120.800 Y131.600 Z9.750 E0.88163 F360
G1 E0.0750 F120
G4 P300
G1 X131.600 Y131.600 Z9.750 E0.88163 F360
G1 E0.0750 F120
G4 P300
G1 E-0.800 F2400
G0 X131.600 Y131.600 Z10.750 F1800
G0 X131.600 Y120.800 Z10.750 F7200
G0 X131.600 Y120.800 Z9.750 F1800
G1 E0.800 F1800
G1 E0.1500 F120
G4 P300
G1 X120.800 Y120.800 Z9.750 E0.88163 F360
G1 E0.0750 F120
G4 P300
G1 X110.000 Y120.800 Z9.750 E0.88163 F360
G1 E0.0750 F120
G4 P300
G1 X99.200 Y120.800 Z9.750 E0.88163 F360
G1 E0.0750 F120
G4 P300
G1 X88.400 Y120.800 Z9.750 E0.88163 F360
G1 E0.0750 F120
G4 P300
G1 E-0.800 F2400
G0 X88.400 Y120.800 Z10.750 F1800
G0 X88.400 Y110.000 Z10.750 F7200
G0 X88.400 Y110.000 Z9.750 F1800
G1 E0.800 F1800
G1 E0.1500 F120
G4 P300
G1 X99.200 Y110.000 Z9.750 E0.88163 F360
G1 E0.0750 F120
G4 P300
G1 X110.000 Y110.000 Z9.750 E0.88163 F360
G1 E0.0750 F120
G4 P300
G1 X120.800 Y110.000 Z9.750 E0.88163 F360
G1 E0.0750 F120
G4 P300
G1 X131.600 Y110.000 Z9.750 E0.88163 F360
G1 E0.0750 F120
G4 P300
G1 E-0.800 F2400
G0 X131.600 Y110.000 Z10.750 F1800
G0 X131.600 Y99.200 Z10.750 F7200
G0 X131.600 Y99.200 Z9.750 F1800
G1 E0.800 F1800
G1 E0.1500 F120
G4 P300
G1 X120.800 Y99.200 Z9.750 E0.88163 F360
G1 E0.0750 F120
G4 P300
G1 X110.000 Y99.200 Z9.750 E0.88163 F360
G1 E0.0750 F120
G4 P300
G1 X99.200 Y99.200 Z9.750 E0.88163 F360
G1 E0.0750 F120
G4 P300
G1 X88.400 Y99.200 Z9.750 E0.88163 F360
G1 E0.0750 F120
G4 P300
G1 E-0.800 F2400
G0 X88.400 Y99.200 Z10.750 F1800
G0 X88.400 Y88.400 Z10.750 F7200
G0 X88.400 Y88.400 Z9.750 F1800
G1 E0.800 F1800
G1 E0.1500 F120
G4 P300
G1 X99.200 Y88.400 Z9.750 E0.88163 F360
G1 E0.0750 F120
G4 P300
G1 X110.000 Y88.400 Z9.750 E0.88163 F360
G1 E0.0750 F120
G4 P300
G1 X120.800 Y88.400 Z9.750 E0.88163 F360
G1 E0.0750 F120
G4 P300
G1 X131.600 Y88.400 Z9.750 E0.88163 F360
G1 E0.0750 F120
G4 P300
G1 E-0.800 F2400
G0 X131.600 Y88.400 Z10.750 F1800
G0 X88.400 Y88.400 Z10.750 F7200
G0 X88.400 Y88.400 Z9.750 F1800
G1 E0.800 F1800
G1 E0.1500 F120
G4 P300
G1 X88.400 Y99.200 Z9.750 E0.88163 F360
G1 E0.0750 F120
G4 P300
G1 X88.400 Y110.000 Z9.750 E0.88163 F360
G1 E0.0750 F120
G4 P300
G1 X88.400 Y120.800 Z9.750 E0.88163 F360
G1 E0.0750 F120
G4 P300
G1 X88.400 Y131.600 Z9.750 E0.88163 F360
G1 E0.0750 F120
G4 P300
G1 E-0.800 F2400
G0 X88.400 Y131.600 Z10.750 F1800
G0 X99.200 Y131.600 Z10.750 F7200
G0 X99.200 Y131.600 Z9.750 F1800
G1 E0.800 F1800
G1 E0.1500 F120
G4 P300
G1 X99.200 Y120.800 Z9.750 E0.88163 F360
G1 E0.0750 F120
G4 P300
G1 X99.200 Y110.000 Z9.750 E0.88163 F360
G1 E0.0750 F120
G4 P300
G1 X99.200 Y99.200 Z9.750 E0.88163 F360
G1 E0.0750 F120
G4 P300
G1 X99.200 Y88.400 Z9.750 E0.88163 F360
G1 E0.0750 F120
G4 P300
G1 E-0.800 F2400
G0 X99.200 Y88.400 Z10.750 F1800
G0 X110.000 Y88.400 Z10.750 F7200
G0 X110.000 Y88.400 Z9.750 F1800
G1 E0.800 F1800
G1 E0.1500 F120
G4 P300
G1 X110.000 Y99.200 Z9.750 E0.88163 F360
G1 E0.0750 F120
G4 P300
G1 X110.000 Y110.000 Z9.750 E0.88163 F360
G1 E0.0750 F120
G4 P300
G1 X110.000 Y120.800 Z9.750 E0.88163 F360
G1 E0.0750 F120
G4 P300
G1 X110.000 Y131.600 Z9.750 E0.88163 F360
G1 E0.0750 F120
G4 P300
G1 E-0.800 F2400
G0 X110.000 Y131.600 Z10.750 F1800
G0 X120.800 Y131.600 Z10.750 F7200
G0 X120.800 Y131.600 Z9.750 F1800
G1 E0.800 F1800
G1 E0.1500 F120
G4 P300
G1 X120.800 Y120.800 Z9.750 E0.88163 F360
G1 E0.0750 F120
G4 P300
G1 X120.800 Y110.000 Z9.750 E0.88163 F360
G1 E0.0750 F120
G4 P300
G1 X120.800 Y99.200 Z9.750 E0.88163 F360
G1 E0.0750 F120
G4 P300
G1 X120.800 Y88.400 Z9.750 E0.88163 F360
G1 E0.0750 F120
G4 P300
G1 E-0.800 F2400
G0 X120.800 Y88.400 Z10.750 F1800
G0 X131.600 Y88.400 Z10.750 F7200
G0 X131.600 Y88.400 Z9.750 F1800
G1 E0.800 F1800
G1 E0.1500 F120
G4 P300
G1 X131.600 Y99.200 Z9.750 E0.88163 F360
G1 E0.0750 F120
G4 P300
G1 X131.600 Y110.000 Z9.750 E0.88163 F360
G1 E0.0750 F120
G4 P300
G1 X131.600 Y120.800 Z9.750 E0.88163 F360
G1 E0.0750 F120
G4 P300
G1 X131.600 Y131.600 Z9.750 E0.88163 F360
G1 E0.0750 F120
G4 P300
G1 E-0.800 F2400
; LEVEL 3/12  z 9.75 -> 14.25
G0 X131.600 Y131.600 Z10.750 F1800
G0 X88.400 Y88.400 Z10.750 F7200
G0 X88.400 Y88.400 Z9.750 F1800
G1 E0.800 F1800
G1 E0.1500 F120
G4 P300
G1 X89.600 Y89.600 Z14.550 E0.41561 F180
G4 P800
G0 X89.600 Y89.600 Z14.250 F180
G1 X99.200 Y88.400 Z9.750 E0.78392 F360
G1 E0.1500 F120
G4 P300
G1 X99.800 Y89.600 Z14.550 E0.40686 F180
G4 P800
G0 X99.800 Y89.600 Z14.250 F180
G1 X110.000 Y88.400 Z9.750 E0.82381 F360
G1 E0.1500 F120
G4 P300
G1 X110.000 Y89.600 Z14.550 E0.40390 F180
G4 P800
G0 X110.000 Y89.600 Z14.250 F180
G1 X120.800 Y88.400 Z9.750 E0.86410 F360
G1 E0.1500 F120
G4 P300
G1 X120.200 Y89.600 Z14.550 E0.40686 F180
G4 P800
G0 X120.200 Y89.600 Z14.250 F180
G1 X131.600 Y88.400 Z9.750 E0.90475 F360
G1 E0.1500 F120
G4 P300
G1 X130.400 Y89.600 Z14.550 E0.41561 F180
G4 P800
G0 X130.400 Y89.600 Z14.250 F180
G1 X131.600 Y99.200 Z9.750 E0.78392 F360
G1 E0.1500 F120
G4 P300
G1 X130.400 Y99.800 Z14.550 E0.40686 F180
G4 P800
G0 X130.400 Y99.800 Z14.250 F180
G1 X120.800 Y99.200 Z9.750 E0.78020 F360
G1 E0.1500 F120
G4 P300
G1 X120.200 Y99.800 Z14.550 E0.39791 F180
G4 P800
G0 X120.200 Y99.800 Z14.250 F180
G1 X110.000 Y99.200 Z9.750 E0.82026 F360
G1 E0.1500 F120
G4 P300
G1 X110.000 Y99.800 Z14.550 E0.39489 F180
G4 P800
G0 X110.000 Y99.800 Z14.250 F180
G1 X99.200 Y99.200 Z9.750 E0.86072 F360
G1 E0.1500 F120
G4 P300
G1 X99.800 Y99.800 Z14.550 E0.39791 F180
G4 P800
G0 X99.800 Y99.800 Z14.250 F180
G1 X88.400 Y99.200 Z9.750 E0.90152 F360
G1 E0.1500 F120
G4 P300
G1 X89.600 Y99.800 Z14.550 E0.40686 F180
G4 P800
G0 X89.600 Y99.800 Z14.250 F180
G1 X88.400 Y110.000 Z9.750 E0.82381 F360
G1 E0.1500 F120
G4 P300
G1 X89.600 Y110.000 Z14.550 E0.40390 F180
G4 P800
G0 X89.600 Y110.000 Z14.250 F180
G1 X99.200 Y110.000 Z9.750 E0.77895 F360
G1 E0.1500 F120
G4 P300
G1 X99.800 Y110.000 Z14.550 E0.39489 F180
G4 P800
G0 X99.800 Y110.000 Z14.250 F180
G1 X110.000 Y110.000 Z9.750 E0.81908 F360
G1 E0.1500 F120
G4 P300
G1 X110.000 Y110.000 Z14.550 E0.39184 F180
G4 P800
G0 X110.000 Y110.000 Z14.250 F180
G1 X120.800 Y110.000 Z9.750 E0.85959 F360
G1 E0.1500 F120
G4 P300
G1 X120.200 Y110.000 Z14.550 E0.39489 F180
G4 P800
G0 X120.200 Y110.000 Z14.250 F180
G1 X131.600 Y110.000 Z9.750 E0.90044 F360
G1 E0.1500 F120
G4 P300
G1 X130.400 Y110.000 Z14.550 E0.40390 F180
G4 P800
G0 X130.400 Y110.000 Z14.250 F180
G1 X131.600 Y120.800 Z9.750 E0.86410 F360
G1 E0.1500 F120
G4 P300
G1 X130.400 Y120.200 Z14.550 E0.40686 F180
G4 P800
G0 X130.400 Y120.200 Z14.250 F180
G1 X120.800 Y120.800 Z9.750 E0.78020 F360
G1 E0.1500 F120
G4 P300
G1 X120.200 Y120.200 Z14.550 E0.39791 F180
G4 P800
G0 X120.200 Y120.200 Z14.250 F180
G1 X110.000 Y120.800 Z9.750 E0.82026 F360
G1 E0.1500 F120
G4 P300
G1 X110.000 Y120.200 Z14.550 E0.39489 F180
G4 P800
G0 X110.000 Y120.200 Z14.250 F180
G1 X99.200 Y120.800 Z9.750 E0.86072 F360
G1 E0.1500 F120
G4 P300
G1 X99.800 Y120.200 Z14.550 E0.39791 F180
G4 P800
G0 X99.800 Y120.200 Z14.250 F180
G1 X88.400 Y120.800 Z9.750 E0.90152 F360
G1 E0.1500 F120
G4 P300
G1 X89.600 Y120.200 Z14.550 E0.40686 F180
G4 P800
G0 X89.600 Y120.200 Z14.250 F180
G1 X88.400 Y131.600 Z9.750 E0.90475 F360
G1 E0.1500 F120
G4 P300
G1 X89.600 Y130.400 Z14.550 E0.41561 F180
G4 P800
G0 X89.600 Y130.400 Z14.250 F180
G1 X99.200 Y131.600 Z9.750 E0.78392 F360
G1 E0.1500 F120
G4 P300
G1 X99.800 Y130.400 Z14.550 E0.40686 F180
G4 P800
G0 X99.800 Y130.400 Z14.250 F180
G1 X110.000 Y131.600 Z9.750 E0.82381 F360
G1 E0.1500 F120
G4 P300
G1 X110.000 Y130.400 Z14.550 E0.40390 F180
G4 P800
G0 X110.000 Y130.400 Z14.250 F180
G1 X120.800 Y131.600 Z9.750 E0.86410 F360
G1 E0.1500 F120
G4 P300
G1 X120.200 Y130.400 Z14.550 E0.40686 F180
G4 P800
G0 X120.200 Y130.400 Z14.250 F180
G1 X131.600 Y131.600 Z9.750 E0.90475 F360
G1 E0.1500 F120
G4 P300
G1 X130.400 Y130.400 Z14.550 E0.41561 F180
G4 P800
G0 X130.400 Y130.400 Z14.250 F180
G1 E-0.800 F2400
G0 X130.400 Y130.400 Z15.250 F1800
G0 X89.600 Y130.400 Z15.250 F7200
G0 X89.600 Y130.400 Z14.250 F1800
G1 E0.800 F1800
G1 E0.1500 F120
G4 P300
G1 X99.800 Y130.400 Z14.250 E0.83265 F360
G1 E0.0750 F120
G4 P300
G1 X110.000 Y130.400 Z14.250 E0.83265 F360
G1 E0.0750 F120
G4 P300
G1 X120.200 Y130.400 Z14.250 E0.83265 F360
G1 E0.0750 F120
G4 P300
G1 X130.400 Y130.400 Z14.250 E0.83265 F360
G1 E0.0750 F120
G4 P300
G1 E-0.800 F2400
G0 X130.400 Y130.400 Z15.250 F1800
G0 X130.400 Y120.200 Z15.250 F7200
G0 X130.400 Y120.200 Z14.250 F1800
G1 E0.800 F1800
G1 E0.1500 F120
G4 P300
G1 X120.200 Y120.200 Z14.250 E0.83265 F360
G1 E0.0750 F120
G4 P300
G1 X110.000 Y120.200 Z14.250 E0.83265 F360
G1 E0.0750 F120
G4 P300
G1 X99.800 Y120.200 Z14.250 E0.83265 F360
G1 E0.0750 F120
G4 P300
G1 X89.600 Y120.200 Z14.250 E0.83265 F360
G1 E0.0750 F120
G4 P300
G1 E-0.800 F2400
G0 X89.600 Y120.200 Z15.250 F1800
G0 X89.600 Y110.000 Z15.250 F7200
G0 X89.600 Y110.000 Z14.250 F1800
G1 E0.800 F1800
G1 E0.1500 F120
G4 P300
G1 X99.800 Y110.000 Z14.250 E0.83265 F360
G1 E0.0750 F120
G4 P300
G1 X110.000 Y110.000 Z14.250 E0.83265 F360
G1 E0.0750 F120
G4 P300
G1 X120.200 Y110.000 Z14.250 E0.83265 F360
G1 E0.0750 F120
G4 P300
G1 X130.400 Y110.000 Z14.250 E0.83265 F360
G1 E0.0750 F120
G4 P300
G1 E-0.800 F2400
G0 X130.400 Y110.000 Z15.250 F1800
G0 X130.400 Y99.800 Z15.250 F7200
G0 X130.400 Y99.800 Z14.250 F1800
G1 E0.800 F1800
G1 E0.1500 F120
G4 P300
G1 X120.200 Y99.800 Z14.250 E0.83265 F360
G1 E0.0750 F120
G4 P300
G1 X110.000 Y99.800 Z14.250 E0.83265 F360
G1 E0.0750 F120
G4 P300
G1 X99.800 Y99.800 Z14.250 E0.83265 F360
G1 E0.0750 F120
G4 P300
G1 X89.600 Y99.800 Z14.250 E0.83265 F360
G1 E0.0750 F120
G4 P300
G1 E-0.800 F2400
G0 X89.600 Y99.800 Z15.250 F1800
G0 X89.600 Y89.600 Z15.250 F7200
G0 X89.600 Y89.600 Z14.250 F1800
G1 E0.800 F1800
G1 E0.1500 F120
G4 P300
G1 X99.800 Y89.600 Z14.250 E0.83265 F360
G1 E0.0750 F120
G4 P300
G1 X110.000 Y89.600 Z14.250 E0.83265 F360
G1 E0.0750 F120
G4 P300
G1 X120.200 Y89.600 Z14.250 E0.83265 F360
G1 E0.0750 F120
G4 P300
G1 X130.400 Y89.600 Z14.250 E0.83265 F360
G1 E0.0750 F120
G4 P300
G1 E-0.800 F2400
G0 X130.400 Y89.600 Z15.250 F1800
G0 X89.600 Y89.600 Z15.250 F7200
G0 X89.600 Y89.600 Z14.250 F1800
G1 E0.800 F1800
G1 E0.1500 F120
G4 P300
G1 X89.600 Y99.800 Z14.250 E0.83265 F360
G1 E0.0750 F120
G4 P300
G1 X89.600 Y110.000 Z14.250 E0.83265 F360
G1 E0.0750 F120
G4 P300
G1 X89.600 Y120.200 Z14.250 E0.83265 F360
G1 E0.0750 F120
G4 P300
G1 X89.600 Y130.400 Z14.250 E0.83265 F360
G1 E0.0750 F120
G4 P300
G1 E-0.800 F2400
G0 X89.600 Y130.400 Z15.250 F1800
G0 X99.800 Y130.400 Z15.250 F7200
G0 X99.800 Y130.400 Z14.250 F1800
G1 E0.800 F1800
G1 E0.1500 F120
G4 P300
G1 X99.800 Y120.200 Z14.250 E0.83265 F360
G1 E0.0750 F120
G4 P300
G1 X99.800 Y110.000 Z14.250 E0.83265 F360
G1 E0.0750 F120
G4 P300
G1 X99.800 Y99.800 Z14.250 E0.83265 F360
G1 E0.0750 F120
G4 P300
G1 X99.800 Y89.600 Z14.250 E0.83265 F360
G1 E0.0750 F120
G4 P300
G1 E-0.800 F2400
G0 X99.800 Y89.600 Z15.250 F1800
G0 X110.000 Y89.600 Z15.250 F7200
G0 X110.000 Y89.600 Z14.250 F1800
G1 E0.800 F1800
G1 E0.1500 F120
G4 P300
G1 X110.000 Y99.800 Z14.250 E0.83265 F360
G1 E0.0750 F120
G4 P300
G1 X110.000 Y110.000 Z14.250 E0.83265 F360
G1 E0.0750 F120
G4 P300
G1 X110.000 Y120.200 Z14.250 E0.83265 F360
G1 E0.0750 F120
G4 P300
G1 X110.000 Y130.400 Z14.250 E0.83265 F360
G1 E0.0750 F120
G4 P300
G1 E-0.800 F2400
G0 X110.000 Y130.400 Z15.250 F1800
G0 X120.200 Y130.400 Z15.250 F7200
G0 X120.200 Y130.400 Z14.250 F1800
G1 E0.800 F1800
G1 E0.1500 F120
G4 P300
G1 X120.200 Y120.200 Z14.250 E0.83265 F360
G1 E0.0750 F120
G4 P300
G1 X120.200 Y110.000 Z14.250 E0.83265 F360
G1 E0.0750 F120
G4 P300
G1 X120.200 Y99.800 Z14.250 E0.83265 F360
G1 E0.0750 F120
G4 P300
G1 X120.200 Y89.600 Z14.250 E0.83265 F360
G1 E0.0750 F120
G4 P300
G1 E-0.800 F2400
G0 X120.200 Y89.600 Z15.250 F1800
G0 X130.400 Y89.600 Z15.250 F7200
G0 X130.400 Y89.600 Z14.250 F1800
G1 E0.800 F1800
G1 E0.1500 F120
G4 P300
G1 X130.400 Y99.800 Z14.250 E0.83265 F360
G1 E0.0750 F120
G4 P300
G1 X130.400 Y110.000 Z14.250 E0.83265 F360
G1 E0.0750 F120
G4 P300
G1 X130.400 Y120.200 Z14.250 E0.83265 F360
G1 E0.0750 F120
G4 P300
G1 X130.400 Y130.400 Z14.250 E0.83265 F360
G1 E0.0750 F120
G4 P300
G1 E-0.800 F2400
; LEVEL 4/12  z 14.25 -> 18.75
G0 X130.400 Y130.400 Z15.250 F1800
G0 X89.600 Y89.600 Z15.250 F7200
G0 X89.600 Y89.600 Z14.250 F1800
G1 E0.800 F1800
G1 E0.1500 F120
G4 P300
G1 X90.800 Y90.800 Z19.050 E0.41561 F180
G4 P800
G0 X90.800 Y90.800 Z18.750 F180
G1 X99.800 Y89.600 Z14.250 E0.74451 F360
G1 E0.1500 F120
G4 P300
G1 X100.400 Y90.800 Z19.050 E0.40686 F180
G4 P800
G0 X100.400 Y90.800 Z18.750 F180
G1 X110.000 Y89.600 Z14.250 E0.78392 F360
G1 E0.1500 F120
G4 P300
G1 X110.000 Y90.800 Z19.050 E0.40390 F180
G4 P800
G0 X110.000 Y90.800 Z18.750 F180
G1 X120.200 Y89.600 Z14.250 E0.82381 F360
G1 E0.1500 F120
G4 P300
G1 X119.600 Y90.800 Z19.050 E0.40686 F180
G4 P800
G0 X119.600 Y90.800 Z18.750 F180
G1 X130.400 Y89.600 Z14.250 E0.86410 F360
G1 E0.1500 F120
G4 P300
G1 X129.200 Y90.800 Z19.050 E0.41561 F180
G4 P800
G0 X129.200 Y90.800 Z18.750 F180
G1 X130.400 Y99.800 Z14.250 E0.74451 F360
G1 E0.1500 F120
G4 P300
G1 X129.200 Y100.400 Z19.050 E0.40686 F180
G4 P800
G0 X129.200 Y100.400 Z18.750 F180
G1 X120.200 Y99.800 Z14.250 E0.74058 F360
G1 E0.1500 F120
G4 P300
G1 X119.600 Y100.400 Z19.050 E0.39791 F180
G4 P800
G0 X119.600 Y100.400 Z18.750 F180
G1 X110.000 Y99.800 Z14.250 E0.78020 F360
G1 E0.1500 F120
G4 P300
G1 X110.000 Y100.400 Z19.050 E0.39489 F180
G4 P800
G0 X110.000 Y100.400 Z18.750 F180
G1 X99.800 Y99.800 Z14.250 E0.82026 F360
G1 E0.1500 F120
G4 P300
G1 X100.400 Y100.400 Z19.050 E0.39791 F180
G4 P800
G0 X100.400 Y100.400 Z18.750 F180
G1 X89.600 Y99.800 Z14.250 E0.86072 F360
G1 E0.1500 F120
G4 P300
G1 X90.800 Y100.400 Z19.050 E0.40686 F180
G4 P800
G0 X90.800 Y100.400 Z18.750 F180
G1 X89.600 Y110.000 Z14.250 E0.78392 F360
G1 E0.1500 F120
G4 P300
G1 X90.800 Y110.000 Z19.050 E0.40390 F180
G4 P800
G0 X90.800 Y110.000 Z18.750 F180
G1 X99.800 Y110.000 Z14.250 E0.73927 F360
G1 E0.1500 F120
G4 P300
G1 X100.400 Y110.000 Z19.050 E0.39489 F180
G4 P800
G0 X100.400 Y110.000 Z18.750 F180
G1 X110.000 Y110.000 Z14.250 E0.77895 F360
G1 E0.1500 F120
G4 P300
G1 X110.000 Y110.000 Z19.050 E0.39184 F180
G4 P800
G0 X110.000 Y110.000 Z18.750 F180
G1 X120.200 Y110.000 Z14.250 E0.81908 F360
G1 E0.1500 F120
G4 P300
G1 X119.600 Y110.000 Z19.050 E0.39489 F180
G4 P800
G0 X119.600 Y110.000 Z18.750 F180
G1 X130.400 Y110.000 Z14.250 E0.85959 F360
G1 E0.1500 F120
G4 P300
G1 X129.200 Y110.000 Z19.050 E0.40390 F180
G4 P800
G0 X129.200 Y110.000 Z18.750 F180
G1 X130.400 Y120.200 Z14.250 E0.82381 F360
G1 E0.1500 F120
G4 P300
G1 X129.200 Y119.600 Z19.050 E0.40686 F180
G4 P800
G0 X129.200 Y119.600 Z18.750 F180
G1 X120.200 Y120.200 Z14.250 E0.74058 F360
G1 E0.1500 F120
G4 P300
G1 X119.600 Y119.600 Z19.050 E0.39791 F180
G4 P800
G0 X119.600 Y119.600 Z18.750 F180
G1 X110.000 Y120.200 Z14.250 E0.78020 F360
G1 E0.1500 F120
G4 P300
G1 X110.000 Y119.600 Z19.050 E0.39489 F180
G4 P800
G0 X110.000 Y119.600 Z18.750 F180
G1 X99.800 Y120.200 Z14.250 E0.82026 F360
G1 E0.1500 F120
G4 P300
G1 X100.400 Y119.600 Z19.050 E0.39791 F180
G4 P800
G0 X100.400 Y119.600 Z18.750 F180
G1 X89.600 Y120.200 Z14.250 E0.86072 F360
G1 E0.1500 F120
G4 P300
G1 X90.800 Y119.600 Z19.050 E0.40686 F180
G4 P800
G0 X90.800 Y119.600 Z18.750 F180
G1 X89.600 Y130.400 Z14.250 E0.86410 F360
G1 E0.1500 F120
G4 P300
G1 X90.800 Y129.200 Z19.050 E0.41561 F180
G4 P800
G0 X90.800 Y129.200 Z18.750 F180
G1 X99.800 Y130.400 Z14.250 E0.74451 F360
G1 E0.1500 F120
G4 P300
G1 X100.400 Y129.200 Z19.050 E0.40686 F180
G4 P800
G0 X100.400 Y129.200 Z18.750 F180
G1 X110.000 Y130.400 Z14.250 E0.78392 F360
G1 E0.1500 F120
G4 P300
G1 X110.000 Y129.200 Z19.050 E0.40390 F180
G4 P800
G0 X110.000 Y129.200 Z18.750 F180
G1 X120.200 Y130.400 Z14.250 E0.82381 F360
G1 E0.1500 F120
G4 P300
G1 X119.600 Y129.200 Z19.050 E0.40686 F180
G4 P800
G0 X119.600 Y129.200 Z18.750 F180
G1 X130.400 Y130.400 Z14.250 E0.86410 F360
G1 E0.1500 F120
G4 P300
G1 X129.200 Y129.200 Z19.050 E0.41561 F180
G4 P800
G0 X129.200 Y129.200 Z18.750 F180
G1 E-0.800 F2400
G0 X129.200 Y129.200 Z19.750 F1800
G0 X90.800 Y129.200 Z19.750 F7200
G0 X90.800 Y129.200 Z18.750 F1800
G1 E0.800 F1800
G1 E0.1500 F120
G4 P300
G1 X100.400 Y129.200 Z18.750 E0.78367 F360
G1 E0.0750 F120
G4 P300
G1 X110.000 Y129.200 Z18.750 E0.78367 F360
G1 E0.0750 F120
G4 P300
G1 X119.600 Y129.200 Z18.750 E0.78367 F360
G1 E0.0750 F120
G4 P300
G1 X129.200 Y129.200 Z18.750 E0.78367 F360
G1 E0.0750 F120
G4 P300
G1 E-0.800 F2400
G0 X129.200 Y129.200 Z19.750 F1800
G0 X129.200 Y119.600 Z19.750 F7200
G0 X129.200 Y119.600 Z18.750 F1800
G1 E0.800 F1800
G1 E0.1500 F120
G4 P300
G1 X119.600 Y119.600 Z18.750 E0.78367 F360
G1 E0.0750 F120
G4 P300
G1 X110.000 Y119.600 Z18.750 E0.78367 F360
G1 E0.0750 F120
G4 P300
G1 X100.400 Y119.600 Z18.750 E0.78367 F360
G1 E0.0750 F120
G4 P300
G1 X90.800 Y119.600 Z18.750 E0.78367 F360
G1 E0.0750 F120
G4 P300
G1 E-0.800 F2400
G0 X90.800 Y119.600 Z19.750 F1800
G0 X90.800 Y110.000 Z19.750 F7200
G0 X90.800 Y110.000 Z18.750 F1800
G1 E0.800 F1800
G1 E0.1500 F120
G4 P300
G1 X100.400 Y110.000 Z18.750 E0.78367 F360
G1 E0.0750 F120
G4 P300
G1 X110.000 Y110.000 Z18.750 E0.78367 F360
G1 E0.0750 F120
G4 P300
G1 X119.600 Y110.000 Z18.750 E0.78367 F360
G1 E0.0750 F120
G4 P300
G1 X129.200 Y110.000 Z18.750 E0.78367 F360
G1 E0.0750 F120
G4 P300
G1 E-0.800 F2400
G0 X129.200 Y110.000 Z19.750 F1800
G0 X129.200 Y100.400 Z19.750 F7200
G0 X129.200 Y100.400 Z18.750 F1800
G1 E0.800 F1800
G1 E0.1500 F120
G4 P300
G1 X119.600 Y100.400 Z18.750 E0.78367 F360
G1 E0.0750 F120
G4 P300
G1 X110.000 Y100.400 Z18.750 E0.78367 F360
G1 E0.0750 F120
G4 P300
G1 X100.400 Y100.400 Z18.750 E0.78367 F360
G1 E0.0750 F120
G4 P300
G1 X90.800 Y100.400 Z18.750 E0.78367 F360
G1 E0.0750 F120
G4 P300
G1 E-0.800 F2400
G0 X90.800 Y100.400 Z19.750 F1800
G0 X90.800 Y90.800 Z19.750 F7200
G0 X90.800 Y90.800 Z18.750 F1800
G1 E0.800 F1800
G1 E0.1500 F120
G4 P300
G1 X100.400 Y90.800 Z18.750 E0.78367 F360
G1 E0.0750 F120
G4 P300
G1 X110.000 Y90.800 Z18.750 E0.78367 F360
G1 E0.0750 F120
G4 P300
G1 X119.600 Y90.800 Z18.750 E0.78367 F360
G1 E0.0750 F120
G4 P300
G1 X129.200 Y90.800 Z18.750 E0.78367 F360
G1 E0.0750 F120
G4 P300
G1 E-0.800 F2400
G0 X129.200 Y90.800 Z19.750 F1800
G0 X90.800 Y90.800 Z19.750 F7200
G0 X90.800 Y90.800 Z18.750 F1800
G1 E0.800 F1800
G1 E0.1500 F120
G4 P300
G1 X90.800 Y100.400 Z18.750 E0.78367 F360
G1 E0.0750 F120
G4 P300
G1 X90.800 Y110.000 Z18.750 E0.78367 F360
G1 E0.0750 F120
G4 P300
G1 X90.800 Y119.600 Z18.750 E0.78367 F360
G1 E0.0750 F120
G4 P300
G1 X90.800 Y129.200 Z18.750 E0.78367 F360
G1 E0.0750 F120
G4 P300
G1 E-0.800 F2400
G0 X90.800 Y129.200 Z19.750 F1800
G0 X100.400 Y129.200 Z19.750 F7200
G0 X100.400 Y129.200 Z18.750 F1800
G1 E0.800 F1800
G1 E0.1500 F120
G4 P300
G1 X100.400 Y119.600 Z18.750 E0.78367 F360
G1 E0.0750 F120
G4 P300
G1 X100.400 Y110.000 Z18.750 E0.78367 F360
G1 E0.0750 F120
G4 P300
G1 X100.400 Y100.400 Z18.750 E0.78367 F360
G1 E0.0750 F120
G4 P300
G1 X100.400 Y90.800 Z18.750 E0.78367 F360
G1 E0.0750 F120
G4 P300
G1 E-0.800 F2400
G0 X100.400 Y90.800 Z19.750 F1800
G0 X110.000 Y90.800 Z19.750 F7200
G0 X110.000 Y90.800 Z18.750 F1800
G1 E0.800 F1800
G1 E0.1500 F120
G4 P300
G1 X110.000 Y100.400 Z18.750 E0.78367 F360
G1 E0.0750 F120
G4 P300
G1 X110.000 Y110.000 Z18.750 E0.78367 F360
G1 E0.0750 F120
G4 P300
G1 X110.000 Y119.600 Z18.750 E0.78367 F360
G1 E0.0750 F120
G4 P300
G1 X110.000 Y129.200 Z18.750 E0.78367 F360
G1 E0.0750 F120
G4 P300
G1 E-0.800 F2400
G0 X110.000 Y129.200 Z19.750 F1800
G0 X119.600 Y129.200 Z19.750 F7200
G0 X119.600 Y129.200 Z18.750 F1800
G1 E0.800 F1800
G1 E0.1500 F120
G4 P300
G1 X119.600 Y119.600 Z18.750 E0.78367 F360
G1 E0.0750 F120
G4 P300
G1 X119.600 Y110.000 Z18.750 E0.78367 F360
G1 E0.0750 F120
G4 P300
G1 X119.600 Y100.400 Z18.750 E0.78367 F360
G1 E0.0750 F120
G4 P300
G1 X119.600 Y90.800 Z18.750 E0.78367 F360
G1 E0.0750 F120
G4 P300
G1 E-0.800 F2400
G0 X119.600 Y90.800 Z19.750 F1800
G0 X129.200 Y90.800 Z19.750 F7200
G0 X129.200 Y90.800 Z18.750 F1800
G1 E0.800 F1800
G1 E0.1500 F120
G4 P300
G1 X129.200 Y100.400 Z18.750 E0.78367 F360
G1 E0.0750 F120
G4 P300
G1 X129.200 Y110.000 Z18.750 E0.78367 F360
G1 E0.0750 F120
G4 P300
G1 X129.200 Y119.600 Z18.750 E0.78367 F360
G1 E0.0750 F120
G4 P300
G1 X129.200 Y129.200 Z18.750 E0.78367 F360
G1 E0.0750 F120
G4 P300
G1 E-0.800 F2400
; LEVEL 5/12  z 18.75 -> 23.25
G0 X129.200 Y129.200 Z19.750 F1800
G0 X90.800 Y90.800 Z19.750 F7200
G0 X90.800 Y90.800 Z18.750 F1800
G1 E0.800 F1800
G1 E0.1500 F120
G4 P300
G1 X92.000 Y92.000 Z23.550 E0.41561 F180
G4 P800
G0 X92.000 Y92.000 Z23.250 F180
G1 X100.400 Y90.800 Z18.750 E0.70565 F360
G1 E0.1500 F120
G4 P300
G1 X101.000 Y92.000 Z23.550 E0.40686 F180
G4 P800
G0 X101.000 Y92.000 Z23.250 F180
G1 X110.000 Y90.800 Z18.750 E0.74451 F360
G1 E0.1500 F120
G4 P300
G1 X110.000 Y92.000 Z23.550 E0.40390 F180
G4 P800
G0 X110.000 Y92.000 Z23.250 F180
G1 X119.600 Y90.800 Z18.750 E0.78392 F360
G1 E0.1500 F120
G4 P300
G1 X119.000 Y92.000 Z23.550 E0.40686 F180
G4 P800
G0 X119.000 Y92.000 Z23.250 F180
G1 X129.200 Y90.800 Z18.750 E0.82381 F360
G1 E0.1500 F120
G4 P300
G1 X128.000 Y92.000 Z23.550 E0.41561 F180
G4 P800
G0 X128.000 Y92.000 Z23.250 F180
G1 X129.200 Y100.400 Z18.750 E0.70565 F360
G1 E0.1500 F120
G4 P300
G1 X128.000 Y101.000 Z23.550 E0.40686 F180
G4 P800
G0 X128.000 Y101.000 Z23.250 F180
G1 X119.600 Y100.400 Z18.750 E0.70151 F360
G1 E0.1500 F120
G4 P300
G1 X119.000 Y101.000 Z23.550 E0.39791 F180
G4 P800
G0 X119.000 Y101.000 Z23.250 F180
G1 X110.000 Y100.400 Z18.750 E0.74058 F360
G1 E0.1500 F120
G4 P300
G1 X110.000 Y101.000 Z23.550 E0.39489 F180
G4 P800
G0 X110.000 Y101.000 Z23.250 F180
G1 X100.400 Y100.400 Z18.750 E0.78020 F360
G1 E0.1500 F120
G4 P300
G1 X101.000 Y101.000 Z23.550 E0.39791 F180
G4 P800
G0 X101.000 Y101.000 Z23.250 F180
G1 X90.800 Y100.400 Z18.750 E0.82026 F360
G1 E0.1500 F120
G4 P300
G1 X92.000 Y101.000 Z23.550 E0.40686 F180
G4 P800
G0 X92.000 Y101.000 Z23.250 F180
G1 X90.800 Y110.000 Z18.750 E0.74451 F360
G1 E0.1500 F120
G4 P300
G1 X92.000 Y110.000 Z23.550 E0.40390 F180
G4 P800
G0 X92.000 Y110.000 Z23.250 F180
G1 X100.400 Y110.000 Z18.750 E0.70012 F360
G1 E0.1500 F120
G4 P300
G1 X101.000 Y110.000 Z23.550 E0.39489 F180
G4 P800
G0 X101.000 Y110.000 Z23.250 F180
G1 X110.000 Y110.000 Z18.750 E0.73927 F360
G1 E0.1500 F120
G4 P300
G1 X110.000 Y110.000 Z23.550 E0.39184 F180
G4 P800
G0 X110.000 Y110.000 Z23.250 F180
G1 X119.600 Y110.000 Z18.750 E0.77895 F360
G1 E0.1500 F120
G4 P300
G1 X119.000 Y110.000 Z23.550 E0.39489 F180
G4 P800
G0 X119.000 Y110.000 Z23.250 F180
G1 X129.200 Y110.000 Z18.750 E0.81908 F360
G1 E0.1500 F120
G4 P300
G1 X128.000 Y110.000 Z23.550 E0.40390 F180
G4 P800
G0 X128.000 Y110.000 Z23.250 F180
G1 X129.200 Y119.600 Z18.750 E0.78392 F360
G1 E0.1500 F120
G4 P300
G1 X128.000 Y119.000 Z23.550 E0.40686 F180
G4 P800
G0 X128.000 Y119.000 Z23.250 F180
G1 X119.600 Y119.600 Z18.750 E0.70151 F360
G1 E0.1500 F120
G4 P300
G1 X119.000 Y119.000 Z23.550 E0.39791 F180
G4 P800
G0 X119.000 Y119.000 Z23.250 F180
G1 X110.000 Y119.600 Z18.750 E0.74058 F360
G1 E0.1500 F120
G4 P300
G1 X110.000 Y119.000 Z23.550 E0.39489 F180
G4 P800
G0 X110.000 Y119.000 Z23.250 F180
G1 X100.400 Y119.600 Z18.750 E0.78020 F360
G1 E0.1500 F120
G4 P300
G1 X101.000 Y119.000 Z23.550 E0.39791 F180
G4 P800
G0 X101.000 Y119.000 Z23.250 F180
G1 X90.800 Y119.600 Z18.750 E0.82026 F360
G1 E0.1500 F120
G4 P300
G1 X92.000 Y119.000 Z23.550 E0.40686 F180
G4 P800
G0 X92.000 Y119.000 Z23.250 F180
G1 X90.800 Y129.200 Z18.750 E0.82381 F360
G1 E0.1500 F120
G4 P300
G1 X92.000 Y128.000 Z23.550 E0.41561 F180
G4 P800
G0 X92.000 Y128.000 Z23.250 F180
G1 X100.400 Y129.200 Z18.750 E0.70565 F360
G1 E0.1500 F120
G4 P300
G1 X101.000 Y128.000 Z23.550 E0.40686 F180
G4 P800
G0 X101.000 Y128.000 Z23.250 F180
G1 X110.000 Y129.200 Z18.750 E0.74451 F360
G1 E0.1500 F120
G4 P300
G1 X110.000 Y128.000 Z23.550 E0.40390 F180
G4 P800
G0 X110.000 Y128.000 Z23.250 F180
G1 X119.600 Y129.200 Z18.750 E0.78392 F360
G1 E0.1500 F120
G4 P300
G1 X119.000 Y128.000 Z23.550 E0.40686 F180
G4 P800
G0 X119.000 Y128.000 Z23.250 F180
G1 X129.200 Y129.200 Z18.750 E0.82381 F360
G1 E0.1500 F120
G4 P300
G1 X128.000 Y128.000 Z23.550 E0.41561 F180
G4 P800
G0 X128.000 Y128.000 Z23.250 F180
G1 E-0.800 F2400
G0 X128.000 Y128.000 Z24.250 F1800
G0 X92.000 Y128.000 Z24.250 F7200
G0 X92.000 Y128.000 Z23.250 F1800
G1 E0.800 F1800
G1 E0.1500 F120
G4 P300
G1 X101.000 Y128.000 Z23.250 E0.73469 F360
G1 E0.0750 F120
G4 P300
G1 X110.000 Y128.000 Z23.250 E0.73469 F360
G1 E0.0750 F120
G4 P300
G1 X119.000 Y128.000 Z23.250 E0.73469 F360
G1 E0.0750 F120
G4 P300
G1 X128.000 Y128.000 Z23.250 E0.73469 F360
G1 E0.0750 F120
G4 P300
G1 E-0.800 F2400
G0 X128.000 Y128.000 Z24.250 F1800
G0 X128.000 Y119.000 Z24.250 F7200
G0 X128.000 Y119.000 Z23.250 F1800
G1 E0.800 F1800
G1 E0.1500 F120
G4 P300
G1 X119.000 Y119.000 Z23.250 E0.73469 F360
G1 E0.0750 F120
G4 P300
G1 X110.000 Y119.000 Z23.250 E0.73469 F360
G1 E0.0750 F120
G4 P300
G1 X101.000 Y119.000 Z23.250 E0.73469 F360
G1 E0.0750 F120
G4 P300
G1 X92.000 Y119.000 Z23.250 E0.73469 F360
G1 E0.0750 F120
G4 P300
G1 E-0.800 F2400
G0 X92.000 Y119.000 Z24.250 F1800
G0 X92.000 Y110.000 Z24.250 F7200
G0 X92.000 Y110.000 Z23.250 F1800
G1 E0.800 F1800
G1 E0.1500 F120
G4 P300
G1 X101.000 Y110.000 Z23.250 E0.73469 F360
G1 E0.0750 F120
G4 P300
G1 X110.000 Y110.000 Z23.250 E0.73469 F360
G1 E0.0750 F120
G4 P300
G1 X119.000 Y110.000 Z23.250 E0.73469 F360
G1 E0.0750 F120
G4 P300
G1 X128.000 Y110.000 Z23.250 E0.73469 F360
G1 E0.0750 F120
G4 P300
G1 E-0.800 F2400
G0 X128.000 Y110.000 Z24.250 F1800
G0 X128.000 Y101.000 Z24.250 F7200
G0 X128.000 Y101.000 Z23.250 F1800
G1 E0.800 F1800
G1 E0.1500 F120
G4 P300
G1 X119.000 Y101.000 Z23.250 E0.73469 F360
G1 E0.0750 F120
G4 P300
G1 X110.000 Y101.000 Z23.250 E0.73469 F360
G1 E0.0750 F120
G4 P300
G1 X101.000 Y101.000 Z23.250 E0.73469 F360
G1 E0.0750 F120
G4 P300
G1 X92.000 Y101.000 Z23.250 E0.73469 F360
G1 E0.0750 F120
G4 P300
G1 E-0.800 F2400
G0 X92.000 Y101.000 Z24.250 F1800
G0 X92.000 Y92.000 Z24.250 F7200
G0 X92.000 Y92.000 Z23.250 F1800
G1 E0.800 F1800
G1 E0.1500 F120
G4 P300
G1 X101.000 Y92.000 Z23.250 E0.73469 F360
G1 E0.0750 F120
G4 P300
G1 X110.000 Y92.000 Z23.250 E0.73469 F360
G1 E0.0750 F120
G4 P300
G1 X119.000 Y92.000 Z23.250 E0.73469 F360
G1 E0.0750 F120
G4 P300
G1 X128.000 Y92.000 Z23.250 E0.73469 F360
G1 E0.0750 F120
G4 P300
G1 E-0.800 F2400
G0 X128.000 Y92.000 Z24.250 F1800
G0 X92.000 Y92.000 Z24.250 F7200
G0 X92.000 Y92.000 Z23.250 F1800
G1 E0.800 F1800
G1 E0.1500 F120
G4 P300
G1 X92.000 Y101.000 Z23.250 E0.73469 F360
G1 E0.0750 F120
G4 P300
G1 X92.000 Y110.000 Z23.250 E0.73469 F360
G1 E0.0750 F120
G4 P300
G1 X92.000 Y119.000 Z23.250 E0.73469 F360
G1 E0.0750 F120
G4 P300
G1 X92.000 Y128.000 Z23.250 E0.73469 F360
G1 E0.0750 F120
G4 P300
G1 E-0.800 F2400
G0 X92.000 Y128.000 Z24.250 F1800
G0 X101.000 Y128.000 Z24.250 F7200
G0 X101.000 Y128.000 Z23.250 F1800
G1 E0.800 F1800
G1 E0.1500 F120
G4 P300
G1 X101.000 Y119.000 Z23.250 E0.73469 F360
G1 E0.0750 F120
G4 P300
G1 X101.000 Y110.000 Z23.250 E0.73469 F360
G1 E0.0750 F120
G4 P300
G1 X101.000 Y101.000 Z23.250 E0.73469 F360
G1 E0.0750 F120
G4 P300
G1 X101.000 Y92.000 Z23.250 E0.73469 F360
G1 E0.0750 F120
G4 P300
G1 E-0.800 F2400
G0 X101.000 Y92.000 Z24.250 F1800
G0 X110.000 Y92.000 Z24.250 F7200
G0 X110.000 Y92.000 Z23.250 F1800
G1 E0.800 F1800
G1 E0.1500 F120
G4 P300
G1 X110.000 Y101.000 Z23.250 E0.73469 F360
G1 E0.0750 F120
G4 P300
G1 X110.000 Y110.000 Z23.250 E0.73469 F360
G1 E0.0750 F120
G4 P300
G1 X110.000 Y119.000 Z23.250 E0.73469 F360
G1 E0.0750 F120
G4 P300
G1 X110.000 Y128.000 Z23.250 E0.73469 F360
G1 E0.0750 F120
G4 P300
G1 E-0.800 F2400
G0 X110.000 Y128.000 Z24.250 F1800
G0 X119.000 Y128.000 Z24.250 F7200
G0 X119.000 Y128.000 Z23.250 F1800
G1 E0.800 F1800
G1 E0.1500 F120
G4 P300
G1 X119.000 Y119.000 Z23.250 E0.73469 F360
G1 E0.0750 F120
G4 P300
G1 X119.000 Y110.000 Z23.250 E0.73469 F360
G1 E0.0750 F120
G4 P300
G1 X119.000 Y101.000 Z23.250 E0.73469 F360
G1 E0.0750 F120
G4 P300
G1 X119.000 Y92.000 Z23.250 E0.73469 F360
G1 E0.0750 F120
G4 P300
G1 E-0.800 F2400
G0 X119.000 Y92.000 Z24.250 F1800
G0 X128.000 Y92.000 Z24.250 F7200
G0 X128.000 Y92.000 Z23.250 F1800
G1 E0.800 F1800
G1 E0.1500 F120
G4 P300
G1 X128.000 Y101.000 Z23.250 E0.73469 F360
G1 E0.0750 F120
G4 P300
G1 X128.000 Y110.000 Z23.250 E0.73469 F360
G1 E0.0750 F120
G4 P300
G1 X128.000 Y119.000 Z23.250 E0.73469 F360
G1 E0.0750 F120
G4 P300
G1 X128.000 Y128.000 Z23.250 E0.73469 F360
G1 E0.0750 F120
G4 P300
G1 E-0.800 F2400
; LEVEL 6/12  z 23.25 -> 27.75
G0 X128.000 Y128.000 Z24.250 F1800
G0 X92.000 Y92.000 Z24.250 F7200
G0 X92.000 Y92.000 Z23.250 F1800
G1 E0.800 F1800
G1 E0.1500 F120
G4 P300
G1 X93.200 Y93.200 Z28.050 E0.41561 F180
G4 P800
G0 X93.200 Y93.200 Z27.750 F180
G1 X101.000 Y92.000 Z23.250 E0.66744 F360
G1 E0.1500 F120
G4 P300
G1 X101.600 Y93.200 Z28.050 E0.40686 F180
G4 P800
G0 X101.600 Y93.200 Z27.750 F180
G1 X110.000 Y92.000 Z23.250 E0.70565 F360
G1 E0.1500 F120
G4 P300
G1 X110.000 Y93.200 Z28.050 E0.40390 F180
G4 P800
G0 X110.000 Y93.200 Z27.750 F180
G1 X119.000 Y92.000 Z23.250 E0.74451 F360
G1 E0.1500 F120
G4 P300
G1 X118.400 Y93.200 Z28.050 E0.40686 F180
G4 P800
G0 X118.400 Y93.200 Z27.750 F180
G1 X128.000 Y92.000 Z23.250 E0.78392 F360
G1 E0.1500 F120
G4 P300
G1 X126.800 Y93.200 Z28.050 E0.41561 F180
G4 P800
G0 X126.800 Y93.200 Z27.750 F180
G1 X128.000 Y101.000 Z23.250 E0.66744 F360
G1 E0.1500 F120
G4 P300
G1 X126.800 Y101.600 Z28.050 E0.40686 F180
G4 P800
G0 X126.800 Y101.600 Z27.750 F180
G1 X119.000 Y101.000 Z23.250 E0.66306 F360
G1 E0.1500 F120
G4 P300
G1 X118.400 Y101.600 Z28.050 E0.39791 F180
G4 P800
G0 X118.400 Y101.600 Z27.750 F180
G1 X110.000 Y101.000 Z23.250 E0.70151 F360
G1 E0.1500 F120
G4 P300
G1 X110.000 Y101.600 Z28.050 E0.39489 F180
G4 P800
G0 X110.000 Y101.600 Z27.750 F180
G1 X101.000 Y101.000 Z23.250 E0.74058 F360
G1 E0.1500 F120
G4 P300
G1 X101.600 Y101.600 Z28.050 E0.39791 F180
G4 P800
G0 X101.600 Y101.600 Z27.750 F180
G1 X92.000 Y101.000 Z23.250 E0.78020 F360
G1 E0.1500 F120
G4 P300
G1 X93.200 Y101.600 Z28.050 E0.40686 F180
G4 P800
G0 X93.200 Y101.600 Z27.750 F180
G1 X92.000 Y110.000 Z23.250 E0.70565 F360
G1 E0.1500 F120
G4 P300
G1 X93.200 Y110.000 Z28.050 E0.40390 F180
G4 P800
G0 X93.200 Y110.000 Z27.750 F180
G1 X101.000 Y110.000 Z23.250 E0.66159 F360
G1 E0.1500 F120
G4 P300
G1 X101.600 Y110.000 Z28.050 E0.39489 F180
G4 P800
G0 X101.600 Y110.000 Z27.750 F180
G1 X110.000 Y110.000 Z23.250 E0.70012 F360
G1 E0.1500 F120
G4 P300
G1 X110.000 Y110.000 Z28.050 E0.39184 F180
G4 P800
G0 X110.000 Y110.000 Z27.750 F180
G1 X119.000 Y110.000 Z23.250 E0.73927 F360
G1 E0.1500 F120
G4 P300
G1 X118.400 Y110.000 Z28.050 E0.39489 F180
G4 P800
G0 X118.400 Y110.000 Z27.750 F180
G1 X128.000 Y110.000 Z23.250 E0.77895 F360
G1 E0.1500 F120
G4 P300
G1 X126.800 Y110.000 Z28.050 E0.40390 F180
G4 P800
G0 X126.800 Y110.000 Z27.750 F180
G1 X128.000 Y119.000 Z23.250 E0.74451 F360
G1 E0.1500 F120
G4 P300
G1 X126.800 Y118.400 Z28.050 E0.40686 F180
G4 P800
G0 X126.800 Y118.400 Z27.750 F180
G1 X119.000 Y119.000 Z23.250 E0.66306 F360
G1 E0.1500 F120
G4 P300
G1 X118.400 Y118.400 Z28.050 E0.39791 F180
G4 P800
G0 X118.400 Y118.400 Z27.750 F180
G1 X110.000 Y119.000 Z23.250 E0.70151 F360
G1 E0.1500 F120
G4 P300
G1 X110.000 Y118.400 Z28.050 E0.39489 F180
G4 P800
G0 X110.000 Y118.400 Z27.750 F180
G1 X101.000 Y119.000 Z23.250 E0.74058 F360
G1 E0.1500 F120
G4 P300
G1 X101.600 Y118.400 Z28.050 E0.39791 F180
G4 P800
G0 X101.600 Y118.400 Z27.750 F180
G1 X92.000 Y119.000 Z23.250 E0.78020 F360
G1 E0.1500 F120
G4 P300
G1 X93.200 Y118.400 Z28.050 E0.40686 F180
G4 P800
G0 X93.200 Y118.400 Z27.750 F180
G1 X92.000 Y128.000 Z23.250 E0.78392 F360
G1 E0.1500 F120
G4 P300
G1 X93.200 Y126.800 Z28.050 E0.41561 F180
G4 P800
G0 X93.200 Y126.800 Z27.750 F180
G1 X101.000 Y128.000 Z23.250 E0.66744 F360
G1 E0.1500 F120
G4 P300
G1 X101.600 Y126.800 Z28.050 E0.40686 F180
G4 P800
G0 X101.600 Y126.800 Z27.750 F180
G1 X110.000 Y128.000 Z23.250 E0.70565 F360
G1 E0.1500 F120
G4 P300
G1 X110.000 Y126.800 Z28.050 E0.40390 F180
G4 P800
G0 X110.000 Y126.800 Z27.750 F180
G1 X119.000 Y128.000 Z23.250 E0.74451 F360
G1 E0.1500 F120
G4 P300
G1 X118.400 Y126.800 Z28.050 E0.40686 F180
G4 P800
G0 X118.400 Y126.800 Z27.750 F180
G1 X128.000 Y128.000 Z23.250 E0.78392 F360
G1 E0.1500 F120
G4 P300
G1 X126.800 Y126.800 Z28.050 E0.41561 F180
G4 P800
G0 X126.800 Y126.800 Z27.750 F180
G1 E-0.800 F2400
G0 X126.800 Y126.800 Z28.750 F1800
G0 X93.200 Y126.800 Z28.750 F7200
G0 X93.200 Y126.800 Z27.750 F1800
G1 E0.800 F1800
G1 E0.1500 F120
G4 P300
G1 X101.600 Y126.800 Z27.750 E0.68571 F360
G1 E0.0750 F120
G4 P300
G1 X110.000 Y126.800 Z27.750 E0.68571 F360
G1 E0.0750 F120
G4 P300
G1 X118.400 Y126.800 Z27.750 E0.68571 F360
G1 E0.0750 F120
G4 P300
G1 X126.800 Y126.800 Z27.750 E0.68571 F360
G1 E0.0750 F120
G4 P300
G1 E-0.800 F2400
G0 X126.800 Y126.800 Z28.750 F1800
G0 X126.800 Y118.400 Z28.750 F7200
G0 X126.800 Y118.400 Z27.750 F1800
G1 E0.800 F1800
G1 E0.1500 F120
G4 P300
G1 X118.400 Y118.400 Z27.750 E0.68571 F360
G1 E0.0750 F120
G4 P300
G1 X110.000 Y118.400 Z27.750 E0.68571 F360
G1 E0.0750 F120
G4 P300
G1 X101.600 Y118.400 Z27.750 E0.68571 F360
G1 E0.0750 F120
G4 P300
G1 X93.200 Y118.400 Z27.750 E0.68571 F360
G1 E0.0750 F120
G4 P300
G1 E-0.800 F2400
G0 X93.200 Y118.400 Z28.750 F1800
G0 X93.200 Y110.000 Z28.750 F7200
G0 X93.200 Y110.000 Z27.750 F1800
G1 E0.800 F1800
G1 E0.1500 F120
G4 P300
G1 X101.600 Y110.000 Z27.750 E0.68571 F360
G1 E0.0750 F120
G4 P300
G1 X110.000 Y110.000 Z27.750 E0.68571 F360
G1 E0.0750 F120
G4 P300
G1 X118.400 Y110.000 Z27.750 E0.68571 F360
G1 E0.0750 F120
G4 P300
G1 X126.800 Y110.000 Z27.750 E0.68571 F360
G1 E0.0750 F120
G4 P300
G1 E-0.800 F2400
G0 X126.800 Y110.000 Z28.750 F1800
G0 X126.800 Y101.600 Z28.750 F7200
G0 X126.800 Y101.600 Z27.750 F1800
G1 E0.800 F1800
G1 E0.1500 F120
G4 P300
G1 X118.400 Y101.600 Z27.750 E0.68571 F360
G1 E0.0750 F120
G4 P300
G1 X110.000 Y101.600 Z27.750 E0.68571 F360
G1 E0.0750 F120
G4 P300
G1 X101.600 Y101.600 Z27.750 E0.68571 F360
G1 E0.0750 F120
G4 P300
G1 X93.200 Y101.600 Z27.750 E0.68571 F360
G1 E0.0750 F120
G4 P300
G1 E-0.800 F2400
G0 X93.200 Y101.600 Z28.750 F1800
G0 X93.200 Y93.200 Z28.750 F7200
G0 X93.200 Y93.200 Z27.750 F1800
G1 E0.800 F1800
G1 E0.1500 F120
G4 P300
G1 X101.600 Y93.200 Z27.750 E0.68571 F360
G1 E0.0750 F120
G4 P300
G1 X110.000 Y93.200 Z27.750 E0.68571 F360
G1 E0.0750 F120
G4 P300
G1 X118.400 Y93.200 Z27.750 E0.68571 F360
G1 E0.0750 F120
G4 P300
G1 X126.800 Y93.200 Z27.750 E0.68571 F360
G1 E0.0750 F120
G4 P300
G1 E-0.800 F2400
G0 X126.800 Y93.200 Z28.750 F1800
G0 X93.200 Y93.200 Z28.750 F7200
G0 X93.200 Y93.200 Z27.750 F1800
G1 E0.800 F1800
G1 E0.1500 F120
G4 P300
G1 X93.200 Y101.600 Z27.750 E0.68571 F360
G1 E0.0750 F120
G4 P300
G1 X93.200 Y110.000 Z27.750 E0.68571 F360
G1 E0.0750 F120
G4 P300
G1 X93.200 Y118.400 Z27.750 E0.68571 F360
G1 E0.0750 F120
G4 P300
G1 X93.200 Y126.800 Z27.750 E0.68571 F360
G1 E0.0750 F120
G4 P300
G1 E-0.800 F2400
G0 X93.200 Y126.800 Z28.750 F1800
G0 X101.600 Y126.800 Z28.750 F7200
G0 X101.600 Y126.800 Z27.750 F1800
G1 E0.800 F1800
G1 E0.1500 F120
G4 P300
G1 X101.600 Y118.400 Z27.750 E0.68571 F360
G1 E0.0750 F120
G4 P300
G1 X101.600 Y110.000 Z27.750 E0.68571 F360
G1 E0.0750 F120
G4 P300
G1 X101.600 Y101.600 Z27.750 E0.68571 F360
G1 E0.0750 F120
G4 P300
G1 X101.600 Y93.200 Z27.750 E0.68571 F360
G1 E0.0750 F120
G4 P300
G1 E-0.800 F2400
G0 X101.600 Y93.200 Z28.750 F1800
G0 X110.000 Y93.200 Z28.750 F7200
G0 X110.000 Y93.200 Z27.750 F1800
G1 E0.800 F1800
G1 E0.1500 F120
G4 P300
G1 X110.000 Y101.600 Z27.750 E0.68571 F360
G1 E0.0750 F120
G4 P300
G1 X110.000 Y110.000 Z27.750 E0.68571 F360
G1 E0.0750 F120
G4 P300
G1 X110.000 Y118.400 Z27.750 E0.68571 F360
G1 E0.0750 F120
G4 P300
G1 X110.000 Y126.800 Z27.750 E0.68571 F360
G1 E0.0750 F120
G4 P300
G1 E-0.800 F2400
G0 X110.000 Y126.800 Z28.750 F1800
G0 X118.400 Y126.800 Z28.750 F7200
G0 X118.400 Y126.800 Z27.750 F1800
G1 E0.800 F1800
G1 E0.1500 F120
G4 P300
G1 X118.400 Y118.400 Z27.750 E0.68571 F360
G1 E0.0750 F120
G4 P300
G1 X118.400 Y110.000 Z27.750 E0.68571 F360
G1 E0.0750 F120
G4 P300
G1 X118.400 Y101.600 Z27.750 E0.68571 F360
G1 E0.0750 F120
G4 P300
G1 X118.400 Y93.200 Z27.750 E0.68571 F360
G1 E0.0750 F120
G4 P300
G1 E-0.800 F2400
G0 X118.400 Y93.200 Z28.750 F1800
G0 X126.800 Y93.200 Z28.750 F7200
G0 X126.800 Y93.200 Z27.750 F1800
G1 E0.800 F1800
G1 E0.1500 F120
G4 P300
G1 X126.800 Y101.600 Z27.750 E0.68571 F360
G1 E0.0750 F120
G4 P300
G1 X126.800 Y110.000 Z27.750 E0.68571 F360
G1 E0.0750 F120
G4 P300
G1 X126.800 Y118.400 Z27.750 E0.68571 F360
G1 E0.0750 F120
G4 P300
G1 X126.800 Y126.800 Z27.750 E0.68571 F360
G1 E0.0750 F120
G4 P300
G1 E-0.800 F2400
; LEVEL 7/12  z 27.75 -> 32.25
G0 X126.800 Y126.800 Z28.750 F1800
G0 X93.200 Y93.200 Z28.750 F7200
G0 X93.200 Y93.200 Z27.750 F1800
G1 E0.800 F1800
G1 E0.1500 F120
G4 P300
G1 X94.400 Y94.400 Z32.550 E0.41561 F180
G4 P800
G0 X94.400 Y94.400 Z32.250 F180
G1 X101.600 Y93.200 Z27.750 E0.63000 F360
G1 E0.1500 F120
G4 P300
G1 X102.200 Y94.400 Z32.550 E0.40686 F180
G4 P800
G0 X102.200 Y94.400 Z32.250 F180
G1 X110.000 Y93.200 Z27.750 E0.66744 F360
G1 E0.1500 F120
G4 P300
G1 X110.000 Y94.400 Z32.550 E0.40390 F180
G4 P800
G0 X110.000 Y94.400 Z32.250 F180
G1 X118.400 Y93.200 Z27.750 E0.70565 F360
G1 E0.1500 F120
G4 P300
G1 X117.800 Y94.400 Z32.550 E0.40686 F180
G4 P800
G0 X117.800 Y94.400 Z32.250 F180
G1 X126.800 Y93.200 Z27.750 E0.74451 F360
G1 E0.1500 F120
G4 P300
G1 X125.600 Y94.400 Z32.550 E0.41561 F180
G4 P800
G0 X125.600 Y94.400 Z32.250 F180
G1 X126.800 Y101.600 Z27.750 E0.63000 F360
G1 E0.1500 F120
G4 P300
G1 X125.600 Y102.200 Z32.550 E0.40686 F180
G4 P800
G0 X125.600 Y102.200 Z32.250 F180
G1 X118.400 Y101.600 Z27.750 E0.62535 F360
G1 E0.1500 F120
G4 P300
G1 X117.800 Y102.200 Z32.550 E0.39791 F180
G4 P800
G0 X117.800 Y102.200 Z32.250 F180
G1 X110.000 Y101.600 Z27.750 E0.66306 F360
G1 E0.1500 F120
G4 P300
G1 X110.000 Y102.200 Z32.550 E0.39489 F180
G4 P800
G0 X110.000 Y102.200 Z32.250 F180
G1 X101.600 Y101.600 Z27.750 E0.70151 F360
G1 E0.1500 F120
G4 P300
G1 X102.200 Y102.200 Z32.550 E0.39791 F180
G4 P800
G0 X102.200 Y102.200 Z32.250 F180
G1 X93.200 Y101.600 Z27.750 E0.74058 F360
G1 E0.1500 F120
G4 P300
G1 X94.400 Y102.200 Z32.550 E0.40686 F180
G4 P800
G0 X94.400 Y102.200 Z32.250 F180
G1 X93.200 Y110.000 Z27.750 E0.66744 F360
G1 E0.1500 F120
G4 P300
G1 X94.400 Y110.000 Z32.550 E0.40390 F180
G4 P800
G0 X94.400 Y110.000 Z32.250 F180
G1 X101.600 Y110.000 Z27.750 E0.62380 F360
G1 E0.1500 F120
G4 P300
G1 X102.200 Y110.000 Z32.550 E0.39489 F180
G4 P800
G0 X102.200 Y110.000 Z32.250 F180
G1 X110.000 Y110.000 Z27.750 E0.66159 F360
G1 E0.1500 F120
G4 P300
G1 X110.000 Y110.000 Z32.550 E0.39184 F180
G4 P800
G0 X110.000 Y110.000 Z32.250 F180
G1 X118.400 Y110.000 Z27.750 E0.70012 F360
G1 E0.1500 F120
G4 P300
G1 X117.800 Y110.000 Z32.550 E0.39489 F180
G4 P800
G0 X117.800 Y110.000 Z32.250 F180
G1 X126.800 Y110.000 Z27.750 E0.73927 F360
G1 E0.1500 F120
G4 P300
G1 X125.600 Y110.000 Z32.550 E0.40390 F180
G4 P800
G0 X125.600 Y110.000 Z32.250 F180
G1 X126.800 Y118.400 Z27.750 E0.70565 F360
G1 E0.1500 F120
G4 P300
G1 X125.600 Y117.800 Z32.550 E0.40686 F180
G4 P800
G0 X125.600 Y117.800 Z32.250 F180
G1 X118.400 Y118.400 Z27.750 E0.62535 F360
G1 E0.1500 F120
G4 P300
G1 X117.800 Y117.800 Z32.550 E0.39791 F180
G4 P800
G0 X117.800 Y117.800 Z32.250 F180
G1 X110.000 Y118.400 Z27.750 E0.66306 F360
G1 E0.1500 F120
G4 P300
G1 X110.000 Y117.800 Z32.550 E0.39489 F180
G4 P800
G0 X110.000 Y117.800 Z32.250 F180
G1 X101.600 Y118.400 Z27.750 E0.70151 F360
G1 E0.1500 F120
G4 P300
G1 X102.200 Y117.800 Z32.550 E0.39791 F180
G4 P800
G0 X102.200 Y117.800 Z32.250 F180
G1 X93.200 Y118.400 Z27.750 E0.74058 F360
G1 E0.1500 F120
G4 P300
G1 X94.400 Y117.800 Z32.550 E0.40686 F180
G4 P800
G0 X94.400 Y117.800 Z32.250 F180
G1 X93.200 Y126.800 Z27.750 E0.74451 F360
G1 E0.1500 F120
G4 P300
G1 X94.400 Y125.600 Z32.550 E0.41561 F180
G4 P800
G0 X94.400 Y125.600 Z32.250 F180
G1 X101.600 Y126.800 Z27.750 E0.63000 F360
G1 E0.1500 F120
G4 P300
G1 X102.200 Y125.600 Z32.550 E0.40686 F180
G4 P800
G0 X102.200 Y125.600 Z32.250 F180
G1 X110.000 Y126.800 Z27.750 E0.66744 F360
G1 E0.1500 F120
G4 P300
G1 X110.000 Y125.600 Z32.550 E0.40390 F180
G4 P800
G0 X110.000 Y125.600 Z32.250 F180
G1 X118.400 Y126.800 Z27.750 E0.70565 F360
G1 E0.1500 F120
G4 P300
G1 X117.800 Y125.600 Z32.550 E0.40686 F180
G4 P800
G0 X117.800 Y125.600 Z32.250 F180
G1 X126.800 Y126.800 Z27.750 E0.74451 F360
G1 E0.1500 F120
G4 P300
G1 X125.600 Y125.600 Z32.550 E0.41561 F180
G4 P800
G0 X125.600 Y125.600 Z32.250 F180
G1 E-0.800 F2400
G0 X125.600 Y125.600 Z33.250 F1800
G0 X94.400 Y125.600 Z33.250 F7200
G0 X94.400 Y125.600 Z32.250 F1800
G1 E0.800 F1800
G1 E0.1500 F120
G4 P300
G1 X102.200 Y125.600 Z32.250 E0.63673 F360
G1 E0.0750 F120
G4 P300
G1 X110.000 Y125.600 Z32.250 E0.63673 F360
G1 E0.0750 F120
G4 P300
G1 X117.800 Y125.600 Z32.250 E0.63673 F360
G1 E0.0750 F120
G4 P300
G1 X125.600 Y125.600 Z32.250 E0.63673 F360
G1 E0.0750 F120
G4 P300
G1 E-0.800 F2400
G0 X125.600 Y125.600 Z33.250 F1800
G0 X125.600 Y117.800 Z33.250 F7200
G0 X125.600 Y117.800 Z32.250 F1800
G1 E0.800 F1800
G1 E0.1500 F120
G4 P300
G1 X117.800 Y117.800 Z32.250 E0.63673 F360
G1 E0.0750 F120
G4 P300
G1 X110.000 Y117.800 Z32.250 E0.63673 F360
G1 E0.0750 F120
G4 P300
G1 X102.200 Y117.800 Z32.250 E0.63673 F360
G1 E0.0750 F120
G4 P300
G1 X94.400 Y117.800 Z32.250 E0.63673 F360
G1 E0.0750 F120
G4 P300
G1 E-0.800 F2400
G0 X94.400 Y117.800 Z33.250 F1800
G0 X94.400 Y110.000 Z33.250 F7200
G0 X94.400 Y110.000 Z32.250 F1800
G1 E0.800 F1800
G1 E0.1500 F120
G4 P300
G1 X102.200 Y110.000 Z32.250 E0.63673 F360
G1 E0.0750 F120
G4 P300
G1 X110.000 Y110.000 Z32.250 E0.63673 F360
G1 E0.0750 F120
G4 P300
G1 X117.800 Y110.000 Z32.250 E0.63673 F360
G1 E0.0750 F120
G4 P300
G1 X125.600 Y110.000 Z32.250 E0.63673 F360
G1 E0.0750 F120
G4 P300
G1 E-0.800 F2400
G0 X125.600 Y110.000 Z33.250 F1800
G0 X125.600 Y102.200 Z33.250 F7200
G0 X125.600 Y102.200 Z32.250 F1800
G1 E0.800 F1800
G1 E0.1500 F120
G4 P300
G1 X117.800 Y102.200 Z32.250 E0.63673 F360
G1 E0.0750 F120
G4 P300
G1 X110.000 Y102.200 Z32.250 E0.63673 F360
G1 E0.0750 F120
G4 P300
G1 X102.200 Y102.200 Z32.250 E0.63673 F360
G1 E0.0750 F120
G4 P300
G1 X94.400 Y102.200 Z32.250 E0.63673 F360
G1 E0.0750 F120
G4 P300
G1 E-0.800 F2400
G0 X94.400 Y102.200 Z33.250 F1800
G0 X94.400 Y94.400 Z33.250 F7200
G0 X94.400 Y94.400 Z32.250 F1800
G1 E0.800 F1800
G1 E0.1500 F120
G4 P300
G1 X102.200 Y94.400 Z32.250 E0.63673 F360
G1 E0.0750 F120
G4 P300
G1 X110.000 Y94.400 Z32.250 E0.63673 F360
G1 E0.0750 F120
G4 P300
G1 X117.800 Y94.400 Z32.250 E0.63673 F360
G1 E0.0750 F120
G4 P300
G1 X125.600 Y94.400 Z32.250 E0.63673 F360
G1 E0.0750 F120
G4 P300
G1 E-0.800 F2400
G0 X125.600 Y94.400 Z33.250 F1800
G0 X94.400 Y94.400 Z33.250 F7200
G0 X94.400 Y94.400 Z32.250 F1800
G1 E0.800 F1800
G1 E0.1500 F120
G4 P300
G1 X94.400 Y102.200 Z32.250 E0.63673 F360
G1 E0.0750 F120
G4 P300
G1 X94.400 Y110.000 Z32.250 E0.63673 F360
G1 E0.0750 F120
G4 P300
G1 X94.400 Y117.800 Z32.250 E0.63673 F360
G1 E0.0750 F120
G4 P300
G1 X94.400 Y125.600 Z32.250 E0.63673 F360
G1 E0.0750 F120
G4 P300
G1 E-0.800 F2400
G0 X94.400 Y125.600 Z33.250 F1800
G0 X102.200 Y125.600 Z33.250 F7200
G0 X102.200 Y125.600 Z32.250 F1800
G1 E0.800 F1800
G1 E0.1500 F120
G4 P300
G1 X102.200 Y117.800 Z32.250 E0.63673 F360
G1 E0.0750 F120
G4 P300
G1 X102.200 Y110.000 Z32.250 E0.63673 F360
G1 E0.0750 F120
G4 P300
G1 X102.200 Y102.200 Z32.250 E0.63673 F360
G1 E0.0750 F120
G4 P300
G1 X102.200 Y94.400 Z32.250 E0.63673 F360
G1 E0.0750 F120
G4 P300
G1 E-0.800 F2400
G0 X102.200 Y94.400 Z33.250 F1800
G0 X110.000 Y94.400 Z33.250 F7200
G0 X110.000 Y94.400 Z32.250 F1800
G1 E0.800 F1800
G1 E0.1500 F120
G4 P300
G1 X110.000 Y102.200 Z32.250 E0.63673 F360
G1 E0.0750 F120
G4 P300
G1 X110.000 Y110.000 Z32.250 E0.63673 F360
G1 E0.0750 F120
G4 P300
G1 X110.000 Y117.800 Z32.250 E0.63673 F360
G1 E0.0750 F120
G4 P300
G1 X110.000 Y125.600 Z32.250 E0.63673 F360
G1 E0.0750 F120
G4 P300
G1 E-0.800 F2400
G0 X110.000 Y125.600 Z33.250 F1800
G0 X117.800 Y125.600 Z33.250 F7200
G0 X117.800 Y125.600 Z32.250 F1800
G1 E0.800 F1800
G1 E0.1500 F120
G4 P300
G1 X117.800 Y117.800 Z32.250 E0.63673 F360
G1 E0.0750 F120
G4 P300
G1 X117.800 Y110.000 Z32.250 E0.63673 F360
G1 E0.0750 F120
G4 P300
G1 X117.800 Y102.200 Z32.250 E0.63673 F360
G1 E0.0750 F120
G4 P300
G1 X117.800 Y94.400 Z32.250 E0.63673 F360
G1 E0.0750 F120
G4 P300
G1 E-0.800 F2400
G0 X117.800 Y94.400 Z33.250 F1800
G0 X125.600 Y94.400 Z33.250 F7200
G0 X125.600 Y94.400 Z32.250 F1800
G1 E0.800 F1800
G1 E0.1500 F120
G4 P300
G1 X125.600 Y102.200 Z32.250 E0.63673 F360
G1 E0.0750 F120
G4 P300
G1 X125.600 Y110.000 Z32.250 E0.63673 F360
G1 E0.0750 F120
G4 P300
G1 X125.600 Y117.800 Z32.250 E0.63673 F360
G1 E0.0750 F120
G4 P300
G1 X125.600 Y125.600 Z32.250 E0.63673 F360
G1 E0.0750 F120
G4 P300
G1 E-0.800 F2400
; LEVEL 8/12  z 32.25 -> 36.75
G0 X125.600 Y125.600 Z33.250 F1800
G0 X94.400 Y94.400 Z33.250 F7200
G0 X94.400 Y94.400 Z32.250 F1800
G1 E0.800 F1800
G1 E0.1500 F120
G4 P300
G1 X95.600 Y95.600 Z37.050 E0.41561 F180
G4 P800
G0 X95.600 Y95.600 Z36.750 F180
G1 X102.200 Y94.400 Z32.250 E0.59347 F360
G1 E0.1500 F120
G4 P300
G1 X102.800 Y95.600 Z37.050 E0.40686 F180
G4 P800
G0 X102.800 Y95.600 Z36.750 F180
G1 X110.000 Y94.400 Z32.250 E0.63000 F360
G1 E0.1500 F120
G4 P300
G1 X110.000 Y95.600 Z37.050 E0.40390 F180
G4 P800
G0 X110.000 Y95.600 Z36.750 F180
G1 X117.800 Y94.400 Z32.250 E0.66744 F360
G1 E0.1500 F120
G4 P300
G1 X117.200 Y95.600 Z37.050 E0.40686 F180
G4 P800
G0 X117.200 Y95.600 Z36.750 F180
G1 X125.600 Y94.400 Z32.250 E0.70565 F360
G1 E0.1500 F120
G4 P300
G1 X124.400 Y95.600 Z37.050 E0.41561 F180
G4 P800
G0 X124.400 Y95.600 Z36.750 F180
G1 X125.600 Y102.200 Z32.250 E0.59347 F360
G1 E0.1500 F120
G4 P300
G1 X124.400 Y102.800 Z37.050 E0.40686 F180
G4 P800
G0 X124.400 Y102.800 Z36.750 F180
G1 X117.800 Y102.200 Z32.250 E0.58854 F360
G1 E0.1500 F120
G4 P300
G1 X117.200 Y102.800 Z37.050 E0.39791 F180
G4 P800
G0 X117.200 Y102.800 Z36.750 F180
G1 X110.000 Y102.200 Z32.250 E0.62535 F360
G1 E0.1500 F120
G4 P300
G1 X110.000 Y102.800 Z37.050 E0.39489 F180
G4 P800
G0 X110.000 Y102.800 Z36.750 F180
G1 X102.200 Y102.200 Z32.250 E0.66306 F360
G1 E0.1500 F120
G4 P300
G1 X102.800 Y102.800 Z37.050 E0.39791 F180
G4 P800
G0 X102.800 Y102.800 Z36.750 F180
G1 X94.400 Y102.200 Z32.250 E0.70151 F360
G1 E0.1500 F120
G4 P300
G1 X95.600 Y102.800 Z37.050 E0.40686 F180
G4 P800
G0 X95.600 Y102.800 Z36.750 F180
G1 X94.400 Y110.000 Z32.250 E0.63000 F360
G1 E0.1500 F120
G4 P300
G1 X95.600 Y110.000 Z37.050 E0.40390 F180
G4 P800
G0 X95.600 Y110.000 Z36.750 F180
G1 X102.200 Y110.000 Z32.250 E0.58688 F360
G1 E0.1500 F120
G4 P300
G1 X102.800 Y110.000 Z37.050 E0.39489 F180
G4 P800
G0 X102.800 Y110.000 Z36.750 F180
G1 X110.000 Y110.000 Z32.250 E0.62380 F360
G1 E0.1500 F120
G4 P300
G1 X110.000 Y110.000 Z37.050 E0.39184 F180
G4 P800
G0 X110.000 Y110.000 Z36.750 F180
G1 X117.800 Y110.000 Z32.250 E0.66159 F360
G1 E0.1500 F120
G4 P300
G1 X117.200 Y110.000 Z37.050 E0.39489 F180
G4 P800
G0 X117.200 Y110.000 Z36.750 F180
G1 X125.600 Y110.000 Z32.250 E0.70012 F360
G1 E0.1500 F120
G4 P300
G1 X124.400 Y110.000 Z37.050 E0.40390 F180
G4 P800
G0 X124.400 Y110.000 Z36.750 F180
G1 X125.600 Y117.800 Z32.250 E0.66744 F360
G1 E0.1500 F120
G4 P300
G1 X124.400 Y117.200 Z37.050 E0.40686 F180
G4 P800
G0 X124.400 Y117.200 Z36.750 F180
G1 X117.800 Y117.800 Z32.250 E0.58854 F360
G1 E0.1500 F120
G4 P300
G1 X117.200 Y117.200 Z37.050 E0.39791 F180
G4 P800
G0 X117.200 Y117.200 Z36.750 F180
G1 X110.000 Y117.800 Z32.250 E0.62535 F360
G1 E0.1500 F120
G4 P300
G1 X110.000 Y117.200 Z37.050 E0.39489 F180
G4 P800
G0 X110.000 Y117.200 Z36.750 F180
G1 X102.200 Y117.800 Z32.250 E0.66306 F360
G1 E0.1500 F120
G4 P300
G1 X102.800 Y117.200 Z37.050 E0.39791 F180
G4 P800
G0 X102.800 Y117.200 Z36.750 F180
G1 X94.400 Y117.800 Z32.250 E0.70151 F360
G1 E0.1500 F120
G4 P300
G1 X95.600 Y117.200 Z37.050 E0.40686 F180
G4 P800
G0 X95.600 Y117.200 Z36.750 F180
G1 X94.400 Y125.600 Z32.250 E0.70565 F360
G1 E0.1500 F120
G4 P300
G1 X95.600 Y124.400 Z37.050 E0.41561 F180
G4 P800
G0 X95.600 Y124.400 Z36.750 F180
G1 X102.200 Y125.600 Z32.250 E0.59347 F360
G1 E0.1500 F120
G4 P300
G1 X102.800 Y124.400 Z37.050 E0.40686 F180
G4 P800
G0 X102.800 Y124.400 Z36.750 F180
G1 X110.000 Y125.600 Z32.250 E0.63000 F360
G1 E0.1500 F120
G4 P300
G1 X110.000 Y124.400 Z37.050 E0.40390 F180
G4 P800
G0 X110.000 Y124.400 Z36.750 F180
G1 X117.800 Y125.600 Z32.250 E0.66744 F360
G1 E0.1500 F120
G4 P300
G1 X117.200 Y124.400 Z37.050 E0.40686 F180
G4 P800
G0 X117.200 Y124.400 Z36.750 F180
G1 X125.600 Y125.600 Z32.250 E0.70565 F360
G1 E0.1500 F120
G4 P300
G1 X124.400 Y124.400 Z37.050 E0.41561 F180
G4 P800
G0 X124.400 Y124.400 Z36.750 F180
G1 E-0.800 F2400
G0 X124.400 Y124.400 Z37.750 F1800
G0 X95.600 Y124.400 Z37.750 F7200
G0 X95.600 Y124.400 Z36.750 F1800
G1 E0.800 F1800
G1 E0.1500 F120
G4 P300
G1 X102.800 Y124.400 Z36.750 E0.58776 F360
G1 E0.0750 F120
G4 P300
G1 X110.000 Y124.400 Z36.750 E0.58776 F360
G1 E0.0750 F120
G4 P300
G1 X117.200 Y124.400 Z36.750 E0.58776 F360
G1 E0.0750 F120
G4 P300
G1 X124.400 Y124.400 Z36.750 E0.58776 F360
G1 E0.0750 F120
G4 P300
G1 E-0.800 F2400
G0 X124.400 Y124.400 Z37.750 F1800
G0 X124.400 Y117.200 Z37.750 F7200
G0 X124.400 Y117.200 Z36.750 F1800
G1 E0.800 F1800
G1 E0.1500 F120
G4 P300
G1 X117.200 Y117.200 Z36.750 E0.58776 F360
G1 E0.0750 F120
G4 P300
G1 X110.000 Y117.200 Z36.750 E0.58776 F360
G1 E0.0750 F120
G4 P300
G1 X102.800 Y117.200 Z36.750 E0.58776 F360
G1 E0.0750 F120
G4 P300
G1 X95.600 Y117.200 Z36.750 E0.58776 F360
G1 E0.0750 F120
G4 P300
G1 E-0.800 F2400
G0 X95.600 Y117.200 Z37.750 F1800
G0 X95.600 Y110.000 Z37.750 F7200
G0 X95.600 Y110.000 Z36.750 F1800
G1 E0.800 F1800
G1 E0.1500 F120
G4 P300
G1 X102.800 Y110.000 Z36.750 E0.58776 F360
G1 E0.0750 F120
G4 P300
G1 X110.000 Y110.000 Z36.750 E0.58776 F360
G1 E0.0750 F120
G4 P300
G1 X117.200 Y110.000 Z36.750 E0.58776 F360
G1 E0.0750 F120
G4 P300
G1 X124.400 Y110.000 Z36.750 E0.58776 F360
G1 E0.0750 F120
G4 P300
G1 E-0.800 F2400
G0 X124.400 Y110.000 Z37.750 F1800
G0 X124.400 Y102.800 Z37.750 F7200
G0 X124.400 Y102.800 Z36.750 F1800
G1 E0.800 F1800
G1 E0.1500 F120
G4 P300
G1 X117.200 Y102.800 Z36.750 E0.58776 F360
G1 E0.0750 F120
G4 P300
G1 X110.000 Y102.800 Z36.750 E0.58776 F360
G1 E0.0750 F120
G4 P300
G1 X102.800 Y102.800 Z36.750 E0.58776 F360
G1 E0.0750 F120
G4 P300
G1 X95.600 Y102.800 Z36.750 E0.58776 F360
G1 E0.0750 F120
G4 P300
G1 E-0.800 F2400
G0 X95.600 Y102.800 Z37.750 F1800
G0 X95.600 Y95.600 Z37.750 F7200
G0 X95.600 Y95.600 Z36.750 F1800
G1 E0.800 F1800
G1 E0.1500 F120
G4 P300
G1 X102.800 Y95.600 Z36.750 E0.58776 F360
G1 E0.0750 F120
G4 P300
G1 X110.000 Y95.600 Z36.750 E0.58776 F360
G1 E0.0750 F120
G4 P300
G1 X117.200 Y95.600 Z36.750 E0.58776 F360
G1 E0.0750 F120
G4 P300
G1 X124.400 Y95.600 Z36.750 E0.58776 F360
G1 E0.0750 F120
G4 P300
G1 E-0.800 F2400
G0 X124.400 Y95.600 Z37.750 F1800
G0 X95.600 Y95.600 Z37.750 F7200
G0 X95.600 Y95.600 Z36.750 F1800
G1 E0.800 F1800
G1 E0.1500 F120
G4 P300
G1 X95.600 Y102.800 Z36.750 E0.58776 F360
G1 E0.0750 F120
G4 P300
G1 X95.600 Y110.000 Z36.750 E0.58776 F360
G1 E0.0750 F120
G4 P300
G1 X95.600 Y117.200 Z36.750 E0.58776 F360
G1 E0.0750 F120
G4 P300
G1 X95.600 Y124.400 Z36.750 E0.58776 F360
G1 E0.0750 F120
G4 P300
G1 E-0.800 F2400
G0 X95.600 Y124.400 Z37.750 F1800
G0 X102.800 Y124.400 Z37.750 F7200
G0 X102.800 Y124.400 Z36.750 F1800
G1 E0.800 F1800
G1 E0.1500 F120
G4 P300
G1 X102.800 Y117.200 Z36.750 E0.58776 F360
G1 E0.0750 F120
G4 P300
G1 X102.800 Y110.000 Z36.750 E0.58776 F360
G1 E0.0750 F120
G4 P300
G1 X102.800 Y102.800 Z36.750 E0.58776 F360
G1 E0.0750 F120
G4 P300
G1 X102.800 Y95.600 Z36.750 E0.58776 F360
G1 E0.0750 F120
G4 P300
G1 E-0.800 F2400
G0 X102.800 Y95.600 Z37.750 F1800
G0 X110.000 Y95.600 Z37.750 F7200
G0 X110.000 Y95.600 Z36.750 F1800
G1 E0.800 F1800
G1 E0.1500 F120
G4 P300
G1 X110.000 Y102.800 Z36.750 E0.58776 F360
G1 E0.0750 F120
G4 P300
G1 X110.000 Y110.000 Z36.750 E0.58776 F360
G1 E0.0750 F120
G4 P300
G1 X110.000 Y117.200 Z36.750 E0.58776 F360
G1 E0.0750 F120
G4 P300
G1 X110.000 Y124.400 Z36.750 E0.58776 F360
G1 E0.0750 F120
G4 P300
G1 E-0.800 F2400
G0 X110.000 Y124.400 Z37.750 F1800
G0 X117.200 Y124.400 Z37.750 F7200
G0 X117.200 Y124.400 Z36.750 F1800
G1 E0.800 F1800
G1 E0.1500 F120
G4 P300
G1 X117.200 Y117.200 Z36.750 E0.58776 F360
G1 E0.0750 F120
G4 P300
G1 X117.200 Y110.000 Z36.750 E0.58776 F360
G1 E0.0750 F120
G4 P300
G1 X117.200 Y102.800 Z36.750 E0.58776 F360
G1 E0.0750 F120
G4 P300
G1 X117.200 Y95.600 Z36.750 E0.58776 F360
G1 E0.0750 F120
G4 P300
G1 E-0.800 F2400
G0 X117.200 Y95.600 Z37.750 F1800
G0 X124.400 Y95.600 Z37.750 F7200
G0 X124.400 Y95.600 Z36.750 F1800
G1 E0.800 F1800
G1 E0.1500 F120
G4 P300
G1 X124.400 Y102.800 Z36.750 E0.58776 F360
G1 E0.0750 F120
G4 P300
G1 X124.400 Y110.000 Z36.750 E0.58776 F360
G1 E0.0750 F120
G4 P300
G1 X124.400 Y117.200 Z36.750 E0.58776 F360
G1 E0.0750 F120
G4 P300
G1 X124.400 Y124.400 Z36.750 E0.58776 F360
G1 E0.0750 F120
G4 P300
G1 E-0.800 F2400
; LEVEL 9/12  z 36.75 -> 41.25
G0 X124.400 Y124.400 Z37.750 F1800
G0 X95.600 Y95.600 Z37.750 F7200
G0 X95.600 Y95.600 Z36.750 F1800
G1 E0.800 F1800
G1 E0.1500 F120
G4 P300
G1 X96.800 Y96.800 Z41.550 E0.41561 F180
G4 P800
G0 X96.800 Y96.800 Z41.250 F180
G1 X102.800 Y95.600 Z36.750 E0.55803 F360
G1 E0.1500 F120
G4 P300
G1 X103.400 Y96.800 Z41.550 E0.40686 F180
G4 P800
G0 X103.400 Y96.800 Z41.250 F180
G1 X110.000 Y95.600 Z36.750 E0.59347 F360
G1 E0.1500 F120
G4 P300
G1 X110.000 Y96.800 Z41.550 E0.40390 F180
G4 P800
G0 X110.000 Y96.800 Z41.250 F180
G1 X117.200 Y95.600 Z36.750 E0.63000 F360
G1 E0.1500 F120
G4 P300
G1 X116.600 Y96.800 Z41.550 E0.40686 F180
G4 P800
G0 X116.600 Y96.800 Z41.250 F180
G1 X124.400 Y95.600 Z36.750 E0.66744 F360
G1 E0.1500 F120
G4 P300
G1 X123.200 Y96.800 Z41.550 E0.41561 F180
G4 P800
G0 X123.200 Y96.800 Z41.250 F180
G1 X124.400 Y102.800 Z36.750 E0.55803 F360
G1 E0.1500 F120
G4 P300
G1 X123.200 Y103.400 Z41.550 E0.40686 F180
G4 P800
G0 X123.200 Y103.400 Z41.250 F180
G1 X117.200 Y102.800 Z36.750 E0.55278 F360
G1 E0.1500 F120
G4 P300
G1 X116.600 Y103.400 Z41.550 E0.39791 F180
G4 P800
G0 X116.600 Y103.400 Z41.250 F180
G1 X110.000 Y102.800 Z36.750 E0.58854 F360
G1 E0.1500 F120
G4 P300
G1 X110.000 Y103.400 Z41.550 E0.39489 F180
G4 P800
G0 X110.000 Y103.400 Z41.250 F180
G1 X102.800 Y102.800 Z36.750 E0.62535 F360
G1 E0.1500 F120
G4 P300
G1 X103.400 Y103.400 Z41.550 E0.39791 F180
G4 P800
G0 X103.400 Y103.400 Z41.250 F180
G1 X95.600 Y102.800 Z36.750 E0.66306 F360
G1 E0.1500 F120
G4 P300
G1 X96.800 Y103.400 Z41.550 E0.40686 F180
G4 P800
G0 X96.800 Y103.400 Z41.250 F180
G1 X95.600 Y110.000 Z36.750 E0.59347 F360
G1 E0.1500 F120
G4 P300
G1 X96.800 Y110.000 Z41.550 E0.40390 F180
G4 P800
G0 X96.800 Y110.000 Z41.250 F180
G1 X102.800 Y110.000 Z36.750 E0.55102 F360
G1 E0.1500 F120
G4 P300
G1 X103.400 Y110.000 Z41.550 E0.39489 F180
G4 P800
G0 X103.400 Y110.000 Z41.250 F180
G1 X110.000 Y110.000 Z36.750 E0.58688 F360
G1 E0.1500 F120
G4 P300
G1 X110.000 Y110.000 Z41.550 E0.39184 F180
G4 P800
G0 X110.000 Y110.000 Z41.250 F180
G1 X117.200 Y110.000 Z36.750 E0.62380 F360
G1 E0.1500 F120
G4 P300
G1 X116.600 Y110.000 Z41.550 E0.39489 F180
G4 P800
G0 X116.600 Y110.000 Z41.250 F180
G1 X124.400 Y110.000 Z36.750 E0.66159 F360
G1 E0.1500 F120
G4 P300
G1 X123.200 Y110.000 Z41.550 E0.40390 F180
G4 P800
G0 X123.200 Y110.000 Z41.250 F180
G1 X124.400 Y117.200 Z36.750 E0.63000 F360
G1 E0.1500 F120
G4 P300
G1 X123.200 Y116.600 Z41.550 E0.40686 F180
G4 P800
G0 X123.200 Y116.600 Z41.250 F180
G1 X117.200 Y117.200 Z36.750 E0.55278 F360
G1 E0.1500 F120
G4 P300
G1 X116.600 Y116.600 Z41.550 E0.39791 F180
G4 P800
G0 X116.600 Y116.600 Z41.250 F180
G1 X110.000 Y117.200 Z36.750 E0.58854 F360
G1 E0.1500 F120
G4 P300
G1 X110.000 Y116.600 Z41.550 E0.39489 F180
G4 P800
G0 X110.000 Y116.600 Z41.250 F180
G1 X102.800 Y117.200 Z36.750 E0.62535 F360
G1 E0.1500 F120
G4 P300
G1 X103.400 Y116.600 Z41.550 E0.39791 F180
G4 P800
G0 X103.400 Y116.600 Z41.250 F180
G1 X95.600 Y117.200 Z36.750 E0.66306 F360
G1 E0.1500 F120
G4 P300
G1 X96.800 Y116.600 Z41.550 E0.40686 F180
G4 P800
G0 X96.800 Y116.600 Z41.250 F180
G1 X95.600 Y124.400 Z36.750 E0.66744 F360
G1 E0.1500 F120
G4 P300
G1 X96.800 Y123.200 Z41.550 E0.41561 F180
G4 P800
G0 X96.800 Y123.200 Z41.250 F180
G1 X102.800 Y124.400 Z36.750 E0.55803 F360
G1 E0.1500 F120
G4 P300
G1 X103.400 Y123.200 Z41.550 E0.40686 F180
G4 P800
G0 X103.400 Y123.200 Z41.250 F180
G1 X110.000 Y124.400 Z36.750 E0.59347 F360
G1 E0.1500 F120
G4 P300
G1 X110.000 Y123.200 Z41.550 E0.40390 F180
G4 P800
G0 X110.000 Y123.200 Z41.250 F180
G1 X117.200 Y124.400 Z36.750 E0.63000 F360
G1 E0.1500 F120
G4 P300
G1 X116.600 Y123.200 Z41.550 E0.40686 F180
G4 P800
G0 X116.600 Y123.200 Z41.250 F180
G1 X124.400 Y124.400 Z36.750 E0.66744 F360
G1 E0.1500 F120
G4 P300
G1 X123.200 Y123.200 Z41.550 E0.41561 F180
G4 P800
G0 X123.200 Y123.200 Z41.250 F180
G1 E-0.800 F2400
G0 X123.200 Y123.200 Z42.250 F1800
G0 X96.800 Y123.200 Z42.250 F7200
G0 X96.800 Y123.200 Z41.250 F1800
G1 E0.800 F1800
G1 E0.1500 F120
G4 P300
G1 X103.400 Y123.200 Z41.250 E0.53878 F360
G1 E0.0750 F120
G4 P300
G1 X110.000 Y123.200 Z41.250 E0.53878 F360
G1 E0.0750 F120
G4 P300
G1 X116.600 Y123.200 Z41.250 E0.53878 F360
G1 E0.0750 F120
G4 P300
G1 X123.200 Y123.200 Z41.250 E0.53878 F360
G1 E0.0750 F120
G4 P300
G1 E-0.800 F2400
G0 X123.200 Y123.200 Z42.250 F1800
G0 X123.200 Y116.600 Z42.250 F7200
G0 X123.200 Y116.600 Z41.250 F1800
G1 E0.800 F1800
G1 E0.1500 F120
G4 P300
G1 X116.600 Y116.600 Z41.250 E0.53878 F360
G1 E0.0750 F120
G4 P300
G1 X110.000 Y116.600 Z41.250 E0.53878 F360
G1 E0.0750 F120
G4 P300
G1 X103.400 Y116.600 Z41.250 E0.53878 F360
G1 E0.0750 F120
G4 P300
G1 X96.800 Y116.600 Z41.250 E0.53878 F360
G1 E0.0750 F120
G4 P300
G1 E-0.800 F2400
G0 X96.800 Y116.600 Z42.250 F1800
G0 X96.800 Y110.000 Z42.250 F7200
G0 X96.800 Y110.000 Z41.250 F1800
G1 E0.800 F1800
G1 E0.1500 F120
G4 P300
G1 X103.400 Y110.000 Z41.250 E0.53878 F360
G1 E0.0750 F120
G4 P300
G1 X110.000 Y110.000 Z41.250 E0.53878 F360
G1 E0.0750 F120
G4 P300
G1 X116.600 Y110.000 Z41.250 E0.53878 F360
G1 E0.0750 F120
G4 P300
G1 X123.200 Y110.000 Z41.250 E0.53878 F360
G1 E0.0750 F120
G4 P300
G1 E-0.800 F2400
G0 X123.200 Y110.000 Z42.250 F1800
G0 X123.200 Y103.400 Z42.250 F7200
G0 X123.200 Y103.400 Z41.250 F1800
G1 E0.800 F1800
G1 E0.1500 F120
G4 P300
G1 X116.600 Y103.400 Z41.250 E0.53878 F360
G1 E0.0750 F120
G4 P300
G1 X110.000 Y103.400 Z41.250 E0.53878 F360
G1 E0.0750 F120
G4 P300
G1 X103.400 Y103.400 Z41.250 E0.53878 F360
G1 E0.0750 F120
G4 P300
G1 X96.800 Y103.400 Z41.250 E0.53878 F360
G1 E0.0750 F120
G4 P300
G1 E-0.800 F2400
G0 X96.800 Y103.400 Z42.250 F1800
G0 X96.800 Y96.800 Z42.250 F7200
G0 X96.800 Y96.800 Z41.250 F1800
G1 E0.800 F1800
G1 E0.1500 F120
G4 P300
G1 X103.400 Y96.800 Z41.250 E0.53878 F360
G1 E0.0750 F120
G4 P300
G1 X110.000 Y96.800 Z41.250 E0.53878 F360
G1 E0.0750 F120
G4 P300
G1 X116.600 Y96.800 Z41.250 E0.53878 F360
G1 E0.0750 F120
G4 P300
G1 X123.200 Y96.800 Z41.250 E0.53878 F360
G1 E0.0750 F120
G4 P300
G1 E-0.800 F2400
G0 X123.200 Y96.800 Z42.250 F1800
G0 X96.800 Y96.800 Z42.250 F7200
G0 X96.800 Y96.800 Z41.250 F1800
G1 E0.800 F1800
G1 E0.1500 F120
G4 P300
G1 X96.800 Y103.400 Z41.250 E0.53878 F360
G1 E0.0750 F120
G4 P300
G1 X96.800 Y110.000 Z41.250 E0.53878 F360
G1 E0.0750 F120
G4 P300
G1 X96.800 Y116.600 Z41.250 E0.53878 F360
G1 E0.0750 F120
G4 P300
G1 X96.800 Y123.200 Z41.250 E0.53878 F360
G1 E0.0750 F120
G4 P300
G1 E-0.800 F2400
G0 X96.800 Y123.200 Z42.250 F1800
G0 X103.400 Y123.200 Z42.250 F7200
G0 X103.400 Y123.200 Z41.250 F1800
G1 E0.800 F1800
G1 E0.1500 F120
G4 P300
G1 X103.400 Y116.600 Z41.250 E0.53878 F360
G1 E0.0750 F120
G4 P300
G1 X103.400 Y110.000 Z41.250 E0.53878 F360
G1 E0.0750 F120
G4 P300
G1 X103.400 Y103.400 Z41.250 E0.53878 F360
G1 E0.0750 F120
G4 P300
G1 X103.400 Y96.800 Z41.250 E0.53878 F360
G1 E0.0750 F120
G4 P300
G1 E-0.800 F2400
G0 X103.400 Y96.800 Z42.250 F1800
G0 X110.000 Y96.800 Z42.250 F7200
G0 X110.000 Y96.800 Z41.250 F1800
G1 E0.800 F1800
G1 E0.1500 F120
G4 P300
G1 X110.000 Y103.400 Z41.250 E0.53878 F360
G1 E0.0750 F120
G4 P300
G1 X110.000 Y110.000 Z41.250 E0.53878 F360
G1 E0.0750 F120
G4 P300
G1 X110.000 Y116.600 Z41.250 E0.53878 F360
G1 E0.0750 F120
G4 P300
G1 X110.000 Y123.200 Z41.250 E0.53878 F360
G1 E0.0750 F120
G4 P300
G1 E-0.800 F2400
G0 X110.000 Y123.200 Z42.250 F1800
G0 X116.600 Y123.200 Z42.250 F7200
G0 X116.600 Y123.200 Z41.250 F1800
G1 E0.800 F1800
G1 E0.1500 F120
G4 P300
G1 X116.600 Y116.600 Z41.250 E0.53878 F360
G1 E0.0750 F120
G4 P300
G1 X116.600 Y110.000 Z41.250 E0.53878 F360
G1 E0.0750 F120
G4 P300
G1 X116.600 Y103.400 Z41.250 E0.53878 F360
G1 E0.0750 F120
G4 P300
G1 X116.600 Y96.800 Z41.250 E0.53878 F360
G1 E0.0750 F120
G4 P300
G1 E-0.800 F2400
G0 X116.600 Y96.800 Z42.250 F1800
G0 X123.200 Y96.800 Z42.250 F7200
G0 X123.200 Y96.800 Z41.250 F1800
G1 E0.800 F1800
G1 E0.1500 F120
G4 P300
G1 X123.200 Y103.400 Z41.250 E0.53878 F360
G1 E0.0750 F120
G4 P300
G1 X123.200 Y110.000 Z41.250 E0.53878 F360
G1 E0.0750 F120
G4 P300
G1 X123.200 Y116.600 Z41.250 E0.53878 F360
G1 E0.0750 F120
G4 P300
G1 X123.200 Y123.200 Z41.250 E0.53878 F360
G1 E0.0750 F120
G4 P300
G1 E-0.800 F2400
; LEVEL 10/12  z 41.25 -> 45.75
G0 X123.200 Y123.200 Z42.250 F1800
G0 X96.800 Y96.800 Z42.250 F7200
G0 X96.800 Y96.800 Z41.250 F1800
G1 E0.800 F1800
G1 E0.1500 F120
G4 P300
G1 X98.000 Y98.000 Z46.050 E0.41561 F180
G4 P800
G0 X98.000 Y98.000 Z45.750 F180
G1 X103.400 Y96.800 Z41.250 E0.52390 F360
G1 E0.1500 F120
G4 P300
G1 X104.000 Y98.000 Z46.050 E0.40686 F180
G4 P800
G0 X104.000 Y98.000 Z45.750 F180
G1 X110.000 Y96.800 Z41.250 E0.55803 F360
G1 E0.1500 F120
G4 P300
G1 X110.000 Y98.000 Z46.050 E0.40390 F180
G4 P800
G0 X110.000 Y98.000 Z45.750 F180
G1 X116.600 Y96.800 Z41.250 E0.59347 F360
G1 E0.1500 F120
G4 P300
G1 X116.000 Y98.000 Z46.050 E0.40686 F180
G4 P800
G0 X116.000 Y98.000 Z45.750 F180
G1 X123.200 Y96.800 Z41.250 E0.63000 F360
G1 E0.1500 F120
G4 P300
G1 X122.000 Y98.000 Z46.050 E0.41561 F180
G4 P800
G0 X122.000 Y98.000 Z45.750 F180
G1 X123.200 Y103.400 Z41.250 E0.52390 F360
G1 E0.1500 F120
G4 P300
G1 X122.000 Y104.000 Z46.050 E0.40686 F180
G4 P800
G0 X122.000 Y104.000 Z45.750 F180
G1 X116.600 Y103.400 Z41.250 E0.51831 F360
G1 E0.1500 F120
G4 P300
G1 X116.000 Y104.000 Z46.050 E0.39791 F180
G4 P800
G0 X116.000 Y104.000 Z45.750 F180
G1 X110.000 Y103.400 Z41.250 E0.55278 F360
G1 E0.1500 F120
G4 P300
G1 X110.000 Y104.000 Z46.050 E0.39489 F180
G4 P800
G0 X110.000 Y104.000 Z45.750 F180
G1 X103.400 Y103.400 Z41.250 E0.58854 F360
G1 E0.1500 F120
G4 P300
G1 X104.000 Y104.000 Z46.050 E0.39791 F180
G4 P800
G0 X104.000 Y104.000 Z45.750 F180
G1 X96.800 Y103.400 Z41.250 E0.62535 F360
G1 E0.1500 F120
G4 P300
G1 X98.000 Y104.000 Z46.050 E0.40686 F180
G4 P800
G0 X98.000 Y104.000 Z45.750 F180
G1 X96.800 Y110.000 Z41.250 E0.55803 F360
G1 E0.1500 F120
G4 P300
G1 X98.000 Y110.000 Z46.050 E0.40390 F180
G4 P800
G0 X98.000 Y110.000 Z45.750 F180
G1 X103.400 Y110.000 Z41.250 E0.51643 F360
G1 E0.1500 F120
G4 P300
G1 X104.000 Y110.000 Z46.050 E0.39489 F180
G4 P800
G0 X104.000 Y110.000 Z45.750 F180
G1 X110.000 Y110.000 Z41.250 E0.55102 F360
G1 E0.1500 F120
G4 P300
G1 X110.000 Y110.000 Z46.050 E0.39184 F180
G4 P800
G0 X110.000 Y110.000 Z45.750 F180
G1 X116.600 Y110.000 Z41.250 E0.58688 F360
G1 E0.1500 F120
G4 P300
G1 X116.000 Y110.000 Z46.050 E0.39489 F180
G4 P800
G0 X116.000 Y110.000 Z45.750 F180
G1 X123.200 Y110.000 Z41.250 E0.62380 F360
G1 E0.1500 F120
G4 P300
G1 X122.000 Y110.000 Z46.050 E0.40390 F180
G4 P800
G0 X122.000 Y110.000 Z45.750 F180
G1 X123.200 Y116.600 Z41.250 E0.59347 F360
G1 E0.1500 F120
G4 P300
G1 X122.000 Y116.000 Z46.050 E0.40686 F180
G4 P800
G0 X122.000 Y116.000 Z45.750 F180
G1 X116.600 Y116.600 Z41.250 E0.51831 F360
G1 E0.1500 F120
G4 P300
G1 X116.000 Y116.000 Z46.050 E0.39791 F180
G4 P800
G0 X116.000 Y116.000 Z45.750 F180
G1 X110.000 Y116.600 Z41.250 E0.55278 F360
G1 E0.1500 F120
G4 P300
G1 X110.000 Y116.000 Z46.050 E0.39489 F180
G4 P800
G0 X110.000 Y116.000 Z45.750 F180
G1 X103.400 Y116.600 Z41.250 E0.58854 F360
G1 E0.1500 F120
G4 P300
G1 X104.000 Y116.000 Z46.050 E0.39791 F180
G4 P800
G0 X104.000 Y116.000 Z45.750 F180
G1 X96.800 Y116.600 Z41.250 E0.62535 F360
G1 E0.1500 F120
G4 P300
G1 X98.000 Y116.000 Z46.050 E0.40686 F180
G4 P800
G0 X98.000 Y116.000 Z45.750 F180
G1 X96.800 Y123.200 Z41.250 E0.63000 F360
G1 E0.1500 F120
G4 P300
G1 X98.000 Y122.000 Z46.050 E0.41561 F180
G4 P800
G0 X98.000 Y122.000 Z45.750 F180
G1 X103.400 Y123.200 Z41.250 E0.52390 F360
G1 E0.1500 F120
G4 P300
G1 X104.000 Y122.000 Z46.050 E0.40686 F180
G4 P800
G0 X104.000 Y122.000 Z45.750 F180
G1 X110.000 Y123.200 Z41.250 E0.55803 F360
G1 E0.1500 F120
G4 P300
G1 X110.000 Y122.000 Z46.050 E0.40390 F180
G4 P800
G0 X110.000 Y122.000 Z45.750 F180
G1 X116.600 Y123.200 Z41.250 E0.59347 F360
G1 E0.1500 F120
G4 P300
G1 X116.000 Y122.000 Z46.050 E0.40686 F180
G4 P800
G0 X116.000 Y122.000 Z45.750 F180
G1 X123.200 Y123.200 Z41.250 E0.63000 F360
G1 E0.1500 F120
G4 P300
G1 X122.000 Y122.000 Z46.050 E0.41561 F180
G4 P800
G0 X122.000 Y122.000 Z45.750 F180
G1 E-0.800 F2400
G0 X122.000 Y122.000 Z46.750 F1800
G0 X98.000 Y122.000 Z46.750 F7200
G0 X98.000 Y122.000 Z45.750 F1800
G1 E0.800 F1800
G1 E0.1500 F120
G4 P300
G1 X104.000 Y122.000 Z45.750 E0.48980 F360
G1 E0.0750 F120
G4 P300
G1 X110.000 Y122.000 Z45.750 E0.48980 F360
G1 E0.0750 F120
G4 P300
G1 X116.000 Y122.000 Z45.750 E0.48980 F360
G1 E0.0750 F120
G4 P300
G1 X122.000 Y122.000 Z45.750 E0.48980 F360
G1 E0.0750 F120
G4 P300
G1 E-0.800 F2400
G0 X122.000 Y122.000 Z46.750 F1800
G0 X122.000 Y116.000 Z46.750 F7200
G0 X122.000 Y116.000 Z45.750 F1800
G1 E0.800 F1800
G1 E0.1500 F120
G4 P300
G1 X116.000 Y116.000 Z45.750 E0.48980 F360
G1 E0.0750 F120
G4 P300
G1 X110.000 Y116.000 Z45.750 E0.48980 F360
G1 E0.0750 F120
G4 P300
G1 X104.000 Y116.000 Z45.750 E0.48980 F360
G1 E0.0750 F120
G4 P300
G1 X98.000 Y116.000 Z45.750 E0.48980 F360
G1 E0.0750 F120
G4 P300
G1 E-0.800 F2400
G0 X98.000 Y116.000 Z46.750 F1800
G0 X98.000 Y110.000 Z46.750 F7200
G0 X98.000 Y110.000 Z45.750 F1800
G1 E0.800 F1800
G1 E0.1500 F120
G4 P300
G1 X104.000 Y110.000 Z45.750 E0.48980 F360
G1 E0.0750 F120
G4 P300
G1 X110.000 Y110.000 Z45.750 E0.48980 F360
G1 E0.0750 F120
G4 P300
G1 X116.000 Y110.000 Z45.750 E0.48980 F360
G1 E0.0750 F120
G4 P300
G1 X122.000 Y110.000 Z45.750 E0.48980 F360
G1 E0.0750 F120
G4 P300
G1 E-0.800 F2400
G0 X122.000 Y110.000 Z46.750 F1800
G0 X122.000 Y104.000 Z46.750 F7200
G0 X122.000 Y104.000 Z45.750 F1800
G1 E0.800 F1800
G1 E0.1500 F120
G4 P300
G1 X116.000 Y104.000 Z45.750 E0.48980 F360
G1 E0.0750 F120
G4 P300
G1 X110.000 Y104.000 Z45.750 E0.48980 F360
G1 E0.0750 F120
G4 P300
G1 X104.000 Y104.000 Z45.750 E0.48980 F360
G1 E0.0750 F120
G4 P300
G1 X98.000 Y104.000 Z45.750 E0.48980 F360
G1 E0.0750 F120
G4 P300
G1 E-0.800 F2400
G0 X98.000 Y104.000 Z46.750 F1800
G0 X98.000 Y98.000 Z46.750 F7200
G0 X98.000 Y98.000 Z45.750 F1800
G1 E0.800 F1800
G1 E0.1500 F120
G4 P300
G1 X104.000 Y98.000 Z45.750 E0.48980 F360
G1 E0.0750 F120
G4 P300
G1 X110.000 Y98.000 Z45.750 E0.48980 F360
G1 E0.0750 F120
G4 P300
G1 X116.000 Y98.000 Z45.750 E0.48980 F360
G1 E0.0750 F120
G4 P300
G1 X122.000 Y98.000 Z45.750 E0.48980 F360
G1 E0.0750 F120
G4 P300
G1 E-0.800 F2400
G0 X122.000 Y98.000 Z46.750 F1800
G0 X98.000 Y98.000 Z46.750 F7200
G0 X98.000 Y98.000 Z45.750 F1800
G1 E0.800 F1800
G1 E0.1500 F120
G4 P300
G1 X98.000 Y104.000 Z45.750 E0.48980 F360
G1 E0.0750 F120
G4 P300
G1 X98.000 Y110.000 Z45.750 E0.48980 F360
G1 E0.0750 F120
G4 P300
G1 X98.000 Y116.000 Z45.750 E0.48980 F360
G1 E0.0750 F120
G4 P300
G1 X98.000 Y122.000 Z45.750 E0.48980 F360
G1 E0.0750 F120
G4 P300
G1 E-0.800 F2400
G0 X98.000 Y122.000 Z46.750 F1800
G0 X104.000 Y122.000 Z46.750 F7200
G0 X104.000 Y122.000 Z45.750 F1800
G1 E0.800 F1800
G1 E0.1500 F120
G4 P300
G1 X104.000 Y116.000 Z45.750 E0.48980 F360
G1 E0.0750 F120
G4 P300
G1 X104.000 Y110.000 Z45.750 E0.48980 F360
G1 E0.0750 F120
G4 P300
G1 X104.000 Y104.000 Z45.750 E0.48980 F360
G1 E0.0750 F120
G4 P300
G1 X104.000 Y98.000 Z45.750 E0.48980 F360
G1 E0.0750 F120
G4 P300
G1 E-0.800 F2400
G0 X104.000 Y98.000 Z46.750 F1800
G0 X110.000 Y98.000 Z46.750 F7200
G0 X110.000 Y98.000 Z45.750 F1800
G1 E0.800 F1800
G1 E0.1500 F120
G4 P300
G1 X110.000 Y104.000 Z45.750 E0.48980 F360
G1 E0.0750 F120
G4 P300
G1 X110.000 Y110.000 Z45.750 E0.48980 F360
G1 E0.0750 F120
G4 P300
G1 X110.000 Y116.000 Z45.750 E0.48980 F360
G1 E0.0750 F120
G4 P300
G1 X110.000 Y122.000 Z45.750 E0.48980 F360
G1 E0.0750 F120
G4 P300
G1 E-0.800 F2400
G0 X110.000 Y122.000 Z46.750 F1800
G0 X116.000 Y122.000 Z46.750 F7200
G0 X116.000 Y122.000 Z45.750 F1800
G1 E0.800 F1800
G1 E0.1500 F120
G4 P300
G1 X116.000 Y116.000 Z45.750 E0.48980 F360
G1 E0.0750 F120
G4 P300
G1 X116.000 Y110.000 Z45.750 E0.48980 F360
G1 E0.0750 F120
G4 P300
G1 X116.000 Y104.000 Z45.750 E0.48980 F360
G1 E0.0750 F120
G4 P300
G1 X116.000 Y98.000 Z45.750 E0.48980 F360
G1 E0.0750 F120
G4 P300
G1 E-0.800 F2400
G0 X116.000 Y98.000 Z46.750 F1800
G0 X122.000 Y98.000 Z46.750 F7200
G0 X122.000 Y98.000 Z45.750 F1800
G1 E0.800 F1800
G1 E0.1500 F120
G4 P300
G1 X122.000 Y104.000 Z45.750 E0.48980 F360
G1 E0.0750 F120
G4 P300
G1 X122.000 Y110.000 Z45.750 E0.48980 F360
G1 E0.0750 F120
G4 P300
G1 X122.000 Y116.000 Z45.750 E0.48980 F360
G1 E0.0750 F120
G4 P300
G1 X122.000 Y122.000 Z45.750 E0.48980 F360
G1 E0.0750 F120
G4 P300
G1 E-0.800 F2400
; LEVEL 11/12  z 45.75 -> 50.25
G0 X122.000 Y122.000 Z46.750 F1800
G0 X98.000 Y98.000 Z46.750 F7200
G0 X98.000 Y98.000 Z45.750 F1800
G1 E0.800 F1800
G1 E0.1500 F120
G4 P300
G1 X99.200 Y99.200 Z50.550 E0.41561 F180
G4 P800
G0 X99.200 Y99.200 Z50.250 F180
G1 X104.000 Y98.000 Z45.750 E0.49137 F360
G1 E0.1500 F120
G4 P300
G1 X104.600 Y99.200 Z50.550 E0.40686 F180
G4 P800
G0 X104.600 Y99.200 Z50.250 F180
G1 X110.000 Y98.000 Z45.750 E0.52390 F360
G1 E0.1500 F120
G4 P300
G1 X110.000 Y99.200 Z50.550 E0.40390 F180
G4 P800
G0 X110.000 Y99.200 Z50.250 F180
G1 X116.000 Y98.000 Z45.750 E0.55803 F360
G1 E0.1500 F120
G4 P300
G1 X115.400 Y99.200 Z50.550 E0.40686 F180
G4 P800
G0 X115.400 Y99.200 Z50.250 F180
G1 X122.000 Y98.000 Z45.750 E0.59347 F360
G1 E0.1500 F120
G4 P300
G1 X120.800 Y99.200 Z50.550 E0.41561 F180
G4 P800
G0 X120.800 Y99.200 Z50.250 F180
G1 X122.000 Y104.000 Z45.750 E0.49137 F360
G1 E0.1500 F120
G4 P300
G1 X120.800 Y104.600 Z50.550 E0.40686 F180
G4 P800
G0 X120.800 Y104.600 Z50.250 F180
G1 X116.000 Y104.000 Z45.750 E0.48540 F360
G1 E0.1500 F120
G4 P300
G1 X115.400 Y104.600 Z50.550 E0.39791 F180
G4 P800
G0 X115.400 Y104.600 Z50.250 F180
G1 X110.000 Y104.000 Z45.750 E0.51831 F360
G1 E0.1500 F120
G4 P300
G1 X110.000 Y104.600 Z50.550 E0.39489 F180
G4 P800
G0 X110.000 Y104.600 Z50.250 F180
G1 X104.000 Y104.000 Z45.750 E0.55278 F360
G1 E0.1500 F120
G4 P300
G1 X104.600 Y104.600 Z50.550 E0.39791 F180
G4 P800
G0 X104.600 Y104.600 Z50.250 F180
G1 X98.000 Y104.000 Z45.750 E0.58854 F360
G1 E0.1500 F120
G4 P300
G1 X99.200 Y104.600 Z50.550 E0.40686 F180
G4 P800
G0 X99.200 Y104.600 Z50.250 F180
G1 X98.000 Y110.000 Z45.750 E0.52390 F360
G1 E0.1500 F120
G4 P300
G1 X99.200 Y110.000 Z50.550 E0.40390 F180
G4 P800
G0 X99.200 Y110.000 Z50.250 F180
G1 X104.000 Y110.000 Z45.750 E0.48339 F360
G1 E0.1500 F120
G4 P300
G1 X104.600 Y110.000 Z50.550 E0.39489 F180
G4 P800
G0 X104.600 Y110.000 Z50.250 F180
G1 X110.000 Y110.000 Z45.750 E0.51643 F360
G1 E0.1500 F120
G4 P300
G1 X110.000 Y110.000 Z50.550 E0.39184 F180
G4 P800
G0 X110.000 Y110.000 Z50.250 F180
G1 X116.000 Y110.000 Z45.750 E0.55102 F360
G1 E0.1500 F120
G4 P300
G1 X115.400 Y110.000 Z50.550 E0.39489 F180
G4 P800
G0 X115.400 Y110.000 Z50.250 F180
G1 X122.000 Y110.000 Z45.750 E0.58688 F360
G1 E0.1500 F120
G4 P300
G1 X120.800 Y110.000 Z50.550 E0.40390 F180
G4 P800
G0 X120.800 Y110.000 Z50.250 F180
G1 X122.000 Y116.000 Z45.750 E0.55803 F360
G1 E0.1500 F120
G4 P300
G1 X120.800 Y115.400 Z50.550 E0.40686 F180
G4 P800
G0 X120.800 Y115.400 Z50.250 F180
G1 X116.000 Y116.000 Z45.750 E0.48540 F360
G1 E0.1500 F120
G4 P300
G1 X115.400 Y115.400 Z50.550 E0.39791 F180
G4 P800
G0 X115.400 Y115.400 Z50.250 F180
G1 X110.000 Y116.000 Z45.750 E0.51831 F360
G1 E0.1500 F120
G4 P300
G1 X110.000 Y115.400 Z50.550 E0.39489 F180
G4 P800
G0 X110.000 Y115.400 Z50.250 F180
G1 X104.000 Y116.000 Z45.750 E0.55278 F360
G1 E0.1500 F120
G4 P300
G1 X104.600 Y115.400 Z50.550 E0.39791 F180
G4 P800
G0 X104.600 Y115.400 Z50.250 F180
G1 X98.000 Y116.000 Z45.750 E0.58854 F360
G1 E0.1500 F120
G4 P300
G1 X99.200 Y115.400 Z50.550 E0.40686 F180
G4 P800
G0 X99.200 Y115.400 Z50.250 F180
G1 X98.000 Y122.000 Z45.750 E0.59347 F360
G1 E0.1500 F120
G4 P300
G1 X99.200 Y120.800 Z50.550 E0.41561 F180
G4 P800
G0 X99.200 Y120.800 Z50.250 F180
G1 X104.000 Y122.000 Z45.750 E0.49137 F360
G1 E0.1500 F120
G4 P300
G1 X104.600 Y120.800 Z50.550 E0.40686 F180
G4 P800
G0 X104.600 Y120.800 Z50.250 F180
G1 X110.000 Y122.000 Z45.750 E0.52390 F360
G1 E0.1500 F120
G4 P300
G1 X110.000 Y120.800 Z50.550 E0.40390 F180
G4 P800
G0 X110.000 Y120.800 Z50.250 F180
G1 X116.000 Y122.000 Z45.750 E0.55803 F360
G1 E0.1500 F120
G4 P300
G1 X115.400 Y120.800 Z50.550 E0.40686 F180
G4 P800
G0 X115.400 Y120.800 Z50.250 F180
G1 X122.000 Y122.000 Z45.750 E0.59347 F360
G1 E0.1500 F120
G4 P300
G1 X120.800 Y120.800 Z50.550 E0.41561 F180
G4 P800
G0 X120.800 Y120.800 Z50.250 F180
G1 E-0.800 F2400
G0 X120.800 Y120.800 Z51.250 F1800
G0 X99.200 Y120.800 Z51.250 F7200
G0 X99.200 Y120.800 Z50.250 F1800
G1 E0.800 F1800
G1 E0.1500 F120
G4 P300
G1 X104.600 Y120.800 Z50.250 E0.44082 F360
G1 E0.0750 F120
G4 P300
G1 X110.000 Y120.800 Z50.250 E0.44082 F360
G1 E0.0750 F120
G4 P300
G1 X115.400 Y120.800 Z50.250 E0.44082 F360
G1 E0.0750 F120
G4 P300
G1 X120.800 Y120.800 Z50.250 E0.44082 F360
G1 E0.0750 F120
G4 P300
G1 E-0.800 F2400
G0 X120.800 Y120.800 Z51.250 F1800
G0 X120.800 Y115.400 Z51.250 F7200
G0 X120.800 Y115.400 Z50.250 F1800
G1 E0.800 F1800
G1 E0.1500 F120
G4 P300
G1 X115.400 Y115.400 Z50.250 E0.44082 F360
G1 E0.0750 F120
G4 P300
G1 X110.000 Y115.400 Z50.250 E0.44082 F360
G1 E0.0750 F120
G4 P300
G1 X104.600 Y115.400 Z50.250 E0.44082 F360
G1 E0.0750 F120
G4 P300
G1 X99.200 Y115.400 Z50.250 E0.44082 F360
G1 E0.0750 F120
G4 P300
G1 E-0.800 F2400
G0 X99.200 Y115.400 Z51.250 F1800
G0 X99.200 Y110.000 Z51.250 F7200
G0 X99.200 Y110.000 Z50.250 F1800
G1 E0.800 F1800
G1 E0.1500 F120
G4 P300
G1 X104.600 Y110.000 Z50.250 E0.44082 F360
G1 E0.0750 F120
G4 P300
G1 X110.000 Y110.000 Z50.250 E0.44082 F360
G1 E0.0750 F120
G4 P300
G1 X115.400 Y110.000 Z50.250 E0.44082 F360
G1 E0.0750 F120
G4 P300
G1 X120.800 Y110.000 Z50.250 E0.44082 F360
G1 E0.0750 F120
G4 P300
G1 E-0.800 F2400
G0 X120.800 Y110.000 Z51.250 F1800
G0 X120.800 Y104.600 Z51.250 F7200
G0 X120.800 Y104.600 Z50.250 F1800
G1 E0.800 F1800
G1 E0.1500 F120
G4 P300
G1 X115.400 Y104.600 Z50.250 E0.44082 F360
G1 E0.0750 F120
G4 P300
G1 X110.000 Y104.600 Z50.250 E0.44082 F360
G1 E0.0750 F120
G4 P300
G1 X104.600 Y104.600 Z50.250 E0.44082 F360
G1 E0.0750 F120
G4 P300
G1 X99.200 Y104.600 Z50.250 E0.44082 F360
G1 E0.0750 F120
G4 P300
G1 E-0.800 F2400
G0 X99.200 Y104.600 Z51.250 F1800
G0 X99.200 Y99.200 Z51.250 F7200
G0 X99.200 Y99.200 Z50.250 F1800
G1 E0.800 F1800
G1 E0.1500 F120
G4 P300
G1 X104.600 Y99.200 Z50.250 E0.44082 F360
G1 E0.0750 F120
G4 P300
G1 X110.000 Y99.200 Z50.250 E0.44082 F360
G1 E0.0750 F120
G4 P300
G1 X115.400 Y99.200 Z50.250 E0.44082 F360
G1 E0.0750 F120
G4 P300
G1 X120.800 Y99.200 Z50.250 E0.44082 F360
G1 E0.0750 F120
G4 P300
G1 E-0.800 F2400
G0 X120.800 Y99.200 Z51.250 F1800
G0 X99.200 Y99.200 Z51.250 F7200
G0 X99.200 Y99.200 Z50.250 F1800
G1 E0.800 F1800
G1 E0.1500 F120
G4 P300
G1 X99.200 Y104.600 Z50.250 E0.44082 F360
G1 E0.0750 F120
G4 P300
G1 X99.200 Y110.000 Z50.250 E0.44082 F360
G1 E0.0750 F120
G4 P300
G1 X99.200 Y115.400 Z50.250 E0.44082 F360
G1 E0.0750 F120
G4 P300
G1 X99.200 Y120.800 Z50.250 E0.44082 F360
G1 E0.0750 F120
G4 P300
G1 E-0.800 F2400
G0 X99.200 Y120.800 Z51.250 F1800
G0 X104.600 Y120.800 Z51.250 F7200
G0 X104.600 Y120.800 Z50.250 F1800
G1 E0.800 F1800
G1 E0.1500 F120
G4 P300
G1 X104.600 Y115.400 Z50.250 E0.44082 F360
G1 E0.0750 F120
G4 P300
G1 X104.600 Y110.000 Z50.250 E0.44082 F360
G1 E0.0750 F120
G4 P300
G1 X104.600 Y104.600 Z50.250 E0.44082 F360
G1 E0.0750 F120
G4 P300
G1 X104.600 Y99.200 Z50.250 E0.44082 F360
G1 E0.0750 F120
G4 P300
G1 E-0.800 F2400
G0 X104.600 Y99.200 Z51.250 F1800
G0 X110.000 Y99.200 Z51.250 F7200
G0 X110.000 Y99.200 Z50.250 F1800
G1 E0.800 F1800
G1 E0.1500 F120
G4 P300
G1 X110.000 Y104.600 Z50.250 E0.44082 F360
G1 E0.0750 F120
G4 P300
G1 X110.000 Y110.000 Z50.250 E0.44082 F360
G1 E0.0750 F120
G4 P300
G1 X110.000 Y115.400 Z50.250 E0.44082 F360
G1 E0.0750 F120
G4 P300
G1 X110.000 Y120.800 Z50.250 E0.44082 F360
G1 E0.0750 F120
G4 P300
G1 E-0.800 F2400
G0 X110.000 Y120.800 Z51.250 F1800
G0 X115.400 Y120.800 Z51.250 F7200
G0 X115.400 Y120.800 Z50.250 F1800
G1 E0.800 F1800
G1 E0.1500 F120
G4 P300
G1 X115.400 Y115.400 Z50.250 E0.44082 F360
G1 E0.0750 F120
G4 P300
G1 X115.400 Y110.000 Z50.250 E0.44082 F360
G1 E0.0750 F120
G4 P300
G1 X115.400 Y104.600 Z50.250 E0.44082 F360
G1 E0.0750 F120
G4 P300
G1 X115.400 Y99.200 Z50.250 E0.44082 F360
G1 E0.0750 F120
G4 P300
G1 E-0.800 F2400
G0 X115.400 Y99.200 Z51.250 F1800
G0 X120.800 Y99.200 Z51.250 F7200
G0 X120.800 Y99.200 Z50.250 F1800
G1 E0.800 F1800
G1 E0.1500 F120
G4 P300
G1 X120.800 Y104.600 Z50.250 E0.44082 F360
G1 E0.0750 F120
G4 P300
G1 X120.800 Y110.000 Z50.250 E0.44082 F360
G1 E0.0750 F120
G4 P300
G1 X120.800 Y115.400 Z50.250 E0.44082 F360
G1 E0.0750 F120
G4 P300
G1 X120.800 Y120.800 Z50.250 E0.44082 F360
G1 E0.0750 F120
G4 P300
G1 E-0.800 F2400
; LEVEL 12/12  z 50.25 -> 54.75
G0 X120.800 Y120.800 Z51.250 F1800
G0 X99.200 Y99.200 Z51.250 F7200
G0 X99.200 Y99.200 Z50.250 F1800
G1 E0.800 F1800
G1 E0.1500 F120
G4 P300
G1 X100.400 Y100.400 Z55.050 E0.41561 F180
G4 P800
G0 X100.400 Y100.400 Z54.750 F180
G1 X104.600 Y99.200 Z50.250 E0.46075 F360
G1 E0.1500 F120
G4 P300
G1 X105.200 Y100.400 Z55.050 E0.40686 F180
G4 P800
G0 X105.200 Y100.400 Z54.750 F180
G1 X110.000 Y99.200 Z50.250 E0.49137 F360
G1 E0.1500 F120
G4 P300
G1 X110.000 Y100.400 Z55.050 E0.40390 F180
G4 P800
G0 X110.000 Y100.400 Z54.750 F180
G1 X115.400 Y99.200 Z50.250 E0.52390 F360
G1 E0.1500 F120
G4 P300
G1 X114.800 Y100.400 Z55.050 E0.40686 F180
G4 P800
G0 X114.800 Y100.400 Z54.750 F180
G1 X120.800 Y99.200 Z50.250 E0.55803 F360
G1 E0.1500 F120
G4 P300
G1 X119.600 Y100.400 Z55.050 E0.41561 F180
G4 P800
G0 X119.600 Y100.400 Z54.750 F180
G1 X120.800 Y104.600 Z50.250 E0.46075 F360
G1 E0.1500 F120
G4 P300
G1 X119.600 Y105.200 Z55.050 E0.40686 F180
G4 P800
G0 X119.600 Y105.200 Z54.750 F180
G1 X115.400 Y104.600 Z50.250 E0.45438 F360
G1 E0.1500 F120
G4 P300
G1 X114.800 Y105.200 Z55.050 E0.39791 F180
G4 P800
G0 X114.800 Y105.200 Z54.750 F180
G1 X110.000 Y104.600 Z50.250 E0.48540 F360
G1 E0.1500 F120
G4 P300
G1 X110.000 Y105.200 Z55.050 E0.39489 F180
G4 P800
G0 X110.000 Y105.200 Z54.750 F180
G1 X104.600 Y104.600 Z50.250 E0.51831 F360
G1 E0.1500 F120
G4 P300
G1 X105.200 Y105.200 Z55.050 E0.39791 F180
G4 P800
G0 X105.200 Y105.200 Z54.750 F180
G1 X99.200 Y104.600 Z50.250 E0.55278 F360
G1 E0.1500 F120
G4 P300
G1 X100.400 Y105.200 Z55.050 E0.40686 F180
G4 P800
G0 X100.400 Y105.200 Z54.750 F180
G1 X99.200 Y110.000 Z50.250 E0.49137 F360
G1 E0.1500 F120
G4 P300
G1 X100.400 Y110.000 Z55.050 E0.40390 F180
G4 P800
G0 X100.400 Y110.000 Z54.750 F180
G1 X104.600 Y110.000 Z50.250 E0.45224 F360
G1 E0.1500 F120
G4 P300
G1 X105.200 Y110.000 Z55.050 E0.39489 F180
G4 P800
G0 X105.200 Y110.000 Z54.750 F180
G1 X110.000 Y110.000 Z50.250 E0.48339 F360
G1 E0.1500 F120
G4 P300
G1 X110.000 Y110.000 Z55.050 E0.39184 F180
G4 P800
G0 X110.000 Y110.000 Z54.750 F180
G1 X115.400 Y110.000 Z50.250 E0.51643 F360
G1 E0.1500 F120
G4 P300
G1 X114.800 Y110.000 Z55.050 E0.39489 F180
G4 P800
G0 X114.800 Y110.000 Z54.750 F180
G1 X120.800 Y110.000 Z50.250 E0.55102 F360
G1 E0.1500 F120
G4 P300
G1 X119.600 Y110.000 Z55.050 E0.40390 F180
G4 P800
G0 X119.600 Y110.000 Z54.750 F180
G1 X120.800 Y115.400 Z50.250 E0.52390 F360
G1 E0.1500 F120
G4 P300
G1 X119.600 Y114.800 Z55.050 E0.40686 F180
G4 P800
G0 X119.600 Y114.800 Z54.750 F180
G1 X115.400 Y115.400 Z50.250 E0.45438 F360
G1 E0.1500 F120
G4 P300
G1 X114.800 Y114.800 Z55.050 E0.39791 F180
G4 P800
G0 X114.800 Y114.800 Z54.750 F180
G1 X110.000 Y115.400 Z50.250 E0.48540 F360
G1 E0.1500 F120
G4 P300
G1 X110.000 Y114.800 Z55.050 E0.39489 F180
G4 P800
G0 X110.000 Y114.800 Z54.750 F180
G1 X104.600 Y115.400 Z50.250 E0.51831 F360
G1 E0.1500 F120
G4 P300
G1 X105.200 Y114.800 Z55.050 E0.39791 F180
G4 P800
G0 X105.200 Y114.800 Z54.750 F180
G1 X99.200 Y115.400 Z50.250 E0.55278 F360
G1 E0.1500 F120
G4 P300
G1 X100.400 Y114.800 Z55.050 E0.40686 F180
G4 P800
G0 X100.400 Y114.800 Z54.750 F180
G1 X99.200 Y120.800 Z50.250 E0.55803 F360
G1 E0.1500 F120
G4 P300
G1 X100.400 Y119.600 Z55.050 E0.41561 F180
G4 P800
G0 X100.400 Y119.600 Z54.750 F180
G1 X104.600 Y120.800 Z50.250 E0.46075 F360
G1 E0.1500 F120
G4 P300
G1 X105.200 Y119.600 Z55.050 E0.40686 F180
G4 P800
G0 X105.200 Y119.600 Z54.750 F180
G1 X110.000 Y120.800 Z50.250 E0.49137 F360
G1 E0.1500 F120
G4 P300
G1 X110.000 Y119.600 Z55.050 E0.40390 F180
G4 P800
G0 X110.000 Y119.600 Z54.750 F180
G1 X115.400 Y120.800 Z50.250 E0.52390 F360
G1 E0.1500 F120
G4 P300
G1 X114.800 Y119.600 Z55.050 E0.40686 F180
G4 P800
G0 X114.800 Y119.600 Z54.750 F180
G1 X120.800 Y120.800 Z50.250 E0.55803 F360
G1 E0.1500 F120
G4 P300
G1 X119.600 Y119.600 Z55.050 E0.41561 F180
G4 P800
G0 X119.600 Y119.600 Z54.750 F180
G1 E-0.800 F2400
G0 X119.600 Y119.600 Z55.750 F1800
G0 X100.400 Y119.600 Z55.750 F7200
G0 X100.400 Y119.600 Z54.750 F1800
G1 E0.800 F1800
G1 E0.1500 F120
G4 P300
G1 X105.200 Y119.600 Z54.750 E0.39184 F360
G1 E0.0750 F120
G4 P300
G1 X110.000 Y119.600 Z54.750 E0.39184 F360
G1 E0.0750 F120
G4 P300
G1 X114.800 Y119.600 Z54.750 E0.39184 F360
G1 E0.0750 F120
G4 P300
G1 X119.600 Y119.600 Z54.750 E0.39184 F360
G1 E0.0750 F120
G4 P300
G1 E-0.800 F2400
G0 X119.600 Y119.600 Z55.750 F1800
G0 X119.600 Y114.800 Z55.750 F7200
G0 X119.600 Y114.800 Z54.750 F1800
G1 E0.800 F1800
G1 E0.1500 F120
G4 P300
G1 X114.800 Y114.800 Z54.750 E0.39184 F360
G1 E0.0750 F120
G4 P300
G1 X110.000 Y114.800 Z54.750 E0.39184 F360
G1 E0.0750 F120
G4 P300
G1 X105.200 Y114.800 Z54.750 E0.39184 F360
G1 E0.0750 F120
G4 P300
G1 X100.400 Y114.800 Z54.750 E0.39184 F360
G1 E0.0750 F120
G4 P300
G1 E-0.800 F2400
G0 X100.400 Y114.800 Z55.750 F1800
G0 X100.400 Y110.000 Z55.750 F7200
G0 X100.400 Y110.000 Z54.750 F1800
G1 E0.800 F1800
G1 E0.1500 F120
G4 P300
G1 X105.200 Y110.000 Z54.750 E0.39184 F360
G1 E0.0750 F120
G4 P300
G1 X110.000 Y110.000 Z54.750 E0.39184 F360
G1 E0.0750 F120
G4 P300
G1 X114.800 Y110.000 Z54.750 E0.39184 F360
G1 E0.0750 F120
G4 P300
G1 X119.600 Y110.000 Z54.750 E0.39184 F360
G1 E0.0750 F120
G4 P300
G1 E-0.800 F2400
G0 X119.600 Y110.000 Z55.750 F1800
G0 X119.600 Y105.200 Z55.750 F7200
G0 X119.600 Y105.200 Z54.750 F1800
G1 E0.800 F1800
G1 E0.1500 F120
G4 P300
G1 X114.800 Y105.200 Z54.750 E0.39184 F360
G1 E0.0750 F120
G4 P300
G1 X110.000 Y105.200 Z54.750 E0.39184 F360
G1 E0.0750 F120
G4 P300
G1 X105.200 Y105.200 Z54.750 E0.39184 F360
G1 E0.0750 F120
G4 P300
G1 X100.400 Y105.200 Z54.750 E0.39184 F360
G1 E0.0750 F120
G4 P300
G1 E-0.800 F2400
G0 X100.400 Y105.200 Z55.750 F1800
G0 X100.400 Y100.400 Z55.750 F7200
G0 X100.400 Y100.400 Z54.750 F1800
G1 E0.800 F1800
G1 E0.1500 F120
G4 P300
G1 X105.200 Y100.400 Z54.750 E0.39184 F360
G1 E0.0750 F120
G4 P300
G1 X110.000 Y100.400 Z54.750 E0.39184 F360
G1 E0.0750 F120
G4 P300
G1 X114.800 Y100.400 Z54.750 E0.39184 F360
G1 E0.0750 F120
G4 P300
G1 X119.600 Y100.400 Z54.750 E0.39184 F360
G1 E0.0750 F120
G4 P300
G1 E-0.800 F2400
G0 X119.600 Y100.400 Z55.750 F1800
G0 X100.400 Y100.400 Z55.750 F7200
G0 X100.400 Y100.400 Z54.750 F1800
G1 E0.800 F1800
G1 E0.1500 F120
G4 P300
G1 X100.400 Y105.200 Z54.750 E0.39184 F360
G1 E0.0750 F120
G4 P300
G1 X100.400 Y110.000 Z54.750 E0.39184 F360
G1 E0.0750 F120
G4 P300
G1 X100.400 Y114.800 Z54.750 E0.39184 F360
G1 E0.0750 F120
G4 P300
G1 X100.400 Y119.600 Z54.750 E0.39184 F360
G1 E0.0750 F120
G4 P300
G1 E-0.800 F2400
G0 X100.400 Y119.600 Z55.750 F1800
G0 X105.200 Y119.600 Z55.750 F7200
G0 X105.200 Y119.600 Z54.750 F1800
G1 E0.800 F1800
G1 E0.1500 F120
G4 P300
G1 X105.200 Y114.800 Z54.750 E0.39184 F360
G1 E0.0750 F120
G4 P300
G1 X105.200 Y110.000 Z54.750 E0.39184 F360
G1 E0.0750 F120
G4 P300
G1 X105.200 Y105.200 Z54.750 E0.39184 F360
G1 E0.0750 F120
G4 P300
G1 X105.200 Y100.400 Z54.750 E0.39184 F360
G1 E0.0750 F120
G4 P300
G1 E-0.800 F2400
G0 X105.200 Y100.400 Z55.750 F1800
G0 X110.000 Y100.400 Z55.750 F7200
G0 X110.000 Y100.400 Z54.750 F1800
G1 E0.800 F1800
G1 E0.1500 F120
G4 P300
G1 X110.000 Y105.200 Z54.750 E0.39184 F360
G1 E0.0750 F120
G4 P300
G1 X110.000 Y110.000 Z54.750 E0.39184 F360
G1 E0.0750 F120
G4 P300
G1 X110.000 Y114.800 Z54.750 E0.39184 F360
G1 E0.0750 F120
G4 P300
G1 X110.000 Y119.600 Z54.750 E0.39184 F360
G1 E0.0750 F120
G4 P300
G1 E-0.800 F2400
G0 X110.000 Y119.600 Z55.750 F1800
G0 X114.800 Y119.600 Z55.750 F7200
G0 X114.800 Y119.600 Z54.750 F1800
G1 E0.800 F1800
G1 E0.1500 F120
G4 P300
G1 X114.800 Y114.800 Z54.750 E0.39184 F360
G1 E0.0750 F120
G4 P300
G1 X114.800 Y110.000 Z54.750 E0.39184 F360
G1 E0.0750 F120
G4 P300
G1 X114.800 Y105.200 Z54.750 E0.39184 F360
G1 E0.0750 F120
G4 P300
G1 X114.800 Y100.400 Z54.750 E0.39184 F360
G1 E0.0750 F120
G4 P300
G1 E-0.800 F2400
G0 X114.800 Y100.400 Z55.750 F1800
G0 X119.600 Y100.400 Z55.750 F7200
G0 X119.600 Y100.400 Z54.750 F1800
G1 E0.800 F1800
G1 E0.1500 F120
G4 P300
G1 X119.600 Y105.200 Z54.750 E0.39184 F360
G1 E0.0750 F120
G4 P300
G1 X119.600 Y110.000 Z54.750 E0.39184 F360
G1 E0.0750 F120
G4 P300
G1 X119.600 Y114.800 Z54.750 E0.39184 F360
G1 E0.0750 F120
G4 P300
G1 X119.600 Y119.600 Z54.750 E0.39184 F360
G1 E0.0750 F120
G4 P300
G1 E-0.800 F2400
; ---- end ----
G1 E-2 F2400
G0 Z74.75 F600
G0 X110.0 Y210.0 F6000
M104 S0
M140 S0
M107
M84
