; wireprint.py  shape=tower  levels=14  level_h=4.5
; height 63.8 mm, filament 0.72 m, est. time 29 min
; ---- start (generic Marlin / Klipper) ----
G90 ; absolute XYZ
M83 ; relative E
M140 S60
M104 S210
G28 ; home
M190 S60
M109 S210
M107
G92 E0
G0 Z2 F600
G0 X5 Y20 F6000
G1 Z0.3 F600
G1 X5 Y120 E10 F1200 ; prime line
G1 X5.5 Y120 F1200
G1 X5.5 Y20 E8 F1200
G1 E-0.8 F2400
G0 Z2 F600
; BASE layer 1
G0 X5.500 Y20.000 Z3.000 F1800
G0 X129.500 Y110.000 Z3.000 F7200
G0 X129.500 Y110.000 Z0.250 F1800
G1 E0.800 F1800
G1 X129.473 Y111.021 Z0.250 E0.04775 F900
G1 X129.393 Y112.038 Z0.250 E0.04775 F900
G1 X129.260 Y113.050 Z0.250 E0.04775 F900
G1 X129.074 Y114.054 Z0.250 E0.04775 F900
G1 X128.836 Y115.047 Z0.250 E0.04775 F900
G1 X128.546 Y116.026 Z0.250 E0.04775 F900
G1 X128.205 Y116.988 Z0.250 E0.04775 F900
G1 X127.814 Y117.931 Z0.250 E0.04775 F900
G1 X127.375 Y118.853 Z0.250 E0.04775 F900
G1 X126.887 Y119.750 Z0.250 E0.04775 F900
G1 X126.354 Y120.620 Z0.250 E0.04775 F900
G1 X125.776 Y121.462 Z0.250 E0.04775 F900
G1 X125.154 Y122.272 Z0.250 E0.04775 F900
G1 X124.491 Y123.048 Z0.250 E0.04775 F900
G1 X123.789 Y123.789 Z0.250 E0.04775 F900
G1 X123.048 Y124.491 Z0.250 E0.04775 F900
G1 X122.272 Y125.154 Z0.250 E0.04775 F900
G1 X121.462 Y125.776 Z0.250 E0.04775 F900
G1 X120.620 Y126.354 Z0.250 E0.04775 F900
G1 X119.750 Y126.887 Z0.250 E0.04775 F900
G1 X118.853 Y127.375 Z0.250 E0.04775 F900
G1 X117.931 Y127.814 Z0.250 E0.04775 F900
G1 X116.988 Y128.205 Z0.250 E0.04775 F900
G1 X116.026 Y128.546 Z0.250 E0.04775 F900
G1 X115.047 Y128.836 Z0.250 E0.04775 F900
G1 X114.054 Y129.074 Z0.250 E0.04775 F900
G1 X113.050 Y129.260 Z0.250 E0.04775 F900
G1 X112.038 Y129.393 Z0.250 E0.04775 F900
G1 X111.021 Y129.473 Z0.250 E0.04775 F900
G1 X110.000 Y129.500 Z0.250 E0.04775 F900
G1 X108.979 Y129.473 Z0.250 E0.04775 F900
G1 X107.962 Y129.393 Z0.250 E0.04775 F900
G1 X106.950 Y129.260 Z0.250 E0.04775 F900
G1 X105.946 Y129.074 Z0.250 E0.04775 F900
G1 X104.953 Y128.836 Z0.250 E0.04775 F900
G1 X103.974 Y128.546 Z0.250 E0.04775 F900
G1 X103.012 Y128.205 Z0.250 E0.04775 F900
G1 X102.069 Y127.814 Z0.250 E0.04775 F900
G1 X101.147 Y127.375 Z0.250 E0.04775 F900
G1 X100.250 Y126.887 Z0.250 E0.04775 F900
G1 X99.380 Y126.354 Z0.250 E0.04775 F900
G1 X98.538 Y125.776 Z0.250 E0.04775 F900
G1 X97.728 Y125.154 Z0.250 E0.04775 F900
G1 X96.952 Y124.491 Z0.250 E0.04775 F900
G1 X96.211 Y123.789 Z0.250 E0.04775 F900
G1 X95.509 Y123.048 Z0.250 E0.04775 F900
G1 X94.846 Y122.272 Z0.250 E0.04775 F900
G1 X94.224 Y121.462 Z0.250 E0.04775 F900
G1 X93.646 Y120.620 Z0.250 E0.04775 F900
G1 X93.113 Y119.750 Z0.250 E0.04775 F900
G1 X92.625 Y118.853 Z0.250 E0.04775 F900
G1 X92.186 Y117.931 Z0.250 E0.04775 F900
G1 X91.795 Y116.988 Z0.250 E0.04775 F900
G1 X91.454 Y116.026 Z0.250 E0.04775 F900
G1 X91.164 Y115.047 Z0.250 E0.04775 F900
G1 X90.926 Y114.054 Z0.250 E0.04775 F900
G1 X90.740 Y113.050 Z0.250 E0.04775 F900
G1 X90.607 Y112.038 Z0.250 E0.04775 F900
G1 X90.527 Y111.021 Z0.250 E0.04775 F900
G1 X90.500 Y110.000 Z0.250 E0.04775 F900
G1 X90.527 Y108.979 Z0.250 E0.04775 F900
G1 X90.607 Y107.962 Z0.250 E0.04775 F900
G1 X90.740 Y106.950 Z0.250 E0.04775 F900
G1 X90.926 Y105.946 Z0.250 E0.04775 F900
G1 X91.164 Y104.953 Z0.250 E0.04775 F900
G1 X91.454 Y103.974 Z0.250 E0.04775 F900
G1 X91.795 Y103.012 Z0.250 E0.04775 F900
G1 X92.186 Y102.069 Z0.250 E0.04775 F900
G1 X92.625 Y101.147 Z0.250 E0.04775 F900
G1 X93.113 Y100.250 Z0.250 E0.04775 F900
G1 X93.646 Y99.380 Z0.250 E0.04775 F900
G1 X94.224 Y98.538 Z0.250 E0.04775 F900
G1 X94.846 Y97.728 Z0.250 E0.04775 F900
G1 X95.509 Y96.952 Z0.250 E0.04775 F900
G1 X96.211 Y96.211 Z0.250 E0.04775 F900
G1 X96.952 Y95.509 Z0.250 E0.04775 F900
G1 X97.728 Y94.846 Z0.250 E0.04775 F900
G1 X98.538 Y94.224 Z0.250 E0.04775 F900
G1 X99.380 Y93.646 Z0.250 E0.04775 F900
G1 X100.250 Y93.113 Z0.250 E0.04775 F900
G1 X101.147 Y92.625 Z0.250 E0.04775 F900
G1 X102.069 Y92.186 Z0.250 E0.04775 F900
G1 X103.012 Y91.795 Z0.250 E0.04775 F900
G1 X103.974 Y91.454 Z0.250 E0.04775 F900
G1 X104.953 Y91.164 Z0.250 E0.04775 F900
G1 X105.946 Y90.926 Z0.250 E0.04775 F900
G1 X106.950 Y90.740 Z0.250 E0.04775 F900
G1 X107.962 Y90.607 Z0.250 E0.04775 F900
G1 X108.979 Y90.527 Z0.250 E0.04775 F900
G1 X110.000 Y90.500 Z0.250 E0.04775 F900
G1 X111.021 Y90.527 Z0.250 E0.04775 F900
G1 X112.038 Y90.607 Z0.250 E0.04775 F900
G1 X113.050 Y90.740 Z0.250 E0.04775 F900
G1 X114.054 Y90.926 Z0.250 E0.04775 F900
G1 X115.047 Y91.164 Z0.250 E0.04775 F900
G1 X116.026 Y91.454 Z0.250 E0.04775 F900
G1 X116.988 Y91.795 Z0.250 E0.04775 F900
G1 X117.931 Y92.186 Z0.250 E0.04775 F900
G1 X118.853 Y92.625 Z0.250 E0.04775 F900
G1 X119.750 Y93.113 Z0.250 E0.04775 F900
G1 X120.620 Y93.646 Z0.250 E0.04775 F900
G1 X121.462 Y94.224 Z0.250 E0.04775 F900
G1 X122.272 Y94.846 Z0.250 E0.04775 F900
G1 X123.048 Y95.509 Z0.250 E0.04775 F900
G1 X123.789 Y96.211 Z0.250 E0.04775 F900
G1 X124.491 Y96.952 Z0.250 E0.04775 F900
G1 X125.154 Y97.728 Z0.250 E0.04775 F900
G1 X125.776 Y98.538 Z0.250 E0.04775 F900
G1 X126.354 Y99.380 Z0.250 E0.04775 F900
G1 X126.887 Y100.250 Z0.250 E0.04775 F900
G1 X127.375 Y101.147 Z0.250 E0.04775 F900
G1 X127.814 Y102.069 Z0.250 E0.04775 F900
G1 X128.205 Y103.012 Z0.250 E0.04775 F900
G1 X128.546 Y103.974 Z0.250 E0.04775 F900
G1 X128.836 Y104.953 Z0.250 E0.04775 F900
G1 X129.074 Y105.946 Z0.250 E0.04775 F900
G1 X129.260 Y106.950 Z0.250 E0.04775 F900
G1 X129.393 Y107.962 Z0.250 E0.04775 F900
G1 X129.473 Y108.979 Z0.250 E0.04775 F900
G1 X129.500 Y110.000 Z0.250 E0.04775 F900
G1 E-0.800 F2400
G0 X129.500 Y110.000 Z1.250 F1800
G0 X129.950 Y110.000 Z1.250 F7200
G0 X129.950 Y110.000 Z0.250 F1800
G1 E0.800 F1800
G1 X129.923 Y111.044 Z0.250 E0.04885 F900
G1 X129.841 Y112.085 Z0.250 E0.04885 F900
G1 X129.704 Y113.121 Z0.250 E0.04885 F900
G1 X129.514 Y114.148 Z0.250 E0.04885 F900
G1 X129.270 Y115.163 Z0.250 E0.04885 F900
G1 X128.974 Y116.165 Z0.250 E0.04885 F900
G1 X128.625 Y117.149 Z0.250 E0.04885 F900
G1 X128.225 Y118.114 Z0.250 E0.04885 F900
G1 X127.776 Y119.057 Z0.250 E0.04885 F900
G1 X127.277 Y119.975 Z0.250 E0.04885 F900
G1 X126.731 Y120.866 Z0.250 E0.04885 F900
G1 X126.140 Y121.726 Z0.250 E0.04885 F900
G1 X125.504 Y122.555 Z0.250 E0.04885 F900
G1 X124.826 Y123.349 Z0.250 E0.04885 F900
G1 X124.107 Y124.107 Z0.250 E0.04885 F900
G1 X123.349 Y124.826 Z0.250 E0.04885 F900
G1 X122.555 Y125.504 Z0.250 E0.04885 F900
G1 X121.726 Y126.140 Z0.250 E0.04885 F900
G1 X120.866 Y126.731 Z0.250 E0.04885 F900
G1 X119.975 Y127.277 Z0.250 E0.04885 F900
G1 X119.057 Y127.776 Z0.250 E0.04885 F900
G1 X118.114 Y128.225 Z0.250 E0.04885 F900
G1 X117.149 Y128.625 Z0.250 E0.04885 F900
G1 X116.165 Y128.974 Z0.250 E0.04885 F900
G1 X115.163 Y129.270 Z0.250 E0.04885 F900
G1 X114.148 Y129.514 Z0.250 E0.04885 F900
G1 X113.121 Y129.704 Z0.250 E0.04885 F900
G1 X112.085 Y129.841 Z0.250 E0.04885 F900
G1 X111.044 Y129.923 Z0.250 E0.04885 F900
G1 X110.000 Y129.950 Z0.250 E0.04885 F900
G1 X108.956 Y129.923 Z0.250 E0.04885 F900
G1 X107.915 Y129.841 Z0.250 E0.04885 F900
G1 X106.879 Y129.704 Z0.250 E0.04885 F900
G1 X105.852 Y129.514 Z0.250 E0.04885 F900
G1 X104.837 Y129.270 Z0.250 E0.04885 F900
G1 X103.835 Y128.974 Z0.250 E0.04885 F900
G1 X102.851 Y128.625 Z0.250 E0.04885 F900
G1 X101.886 Y128.225 Z0.250 E0.04885 F900
G1 X100.943 Y127.776 Z0.250 E0.04885 F900
G1 X100.025 Y127.277 Z0.250 E0.04885 F900
G1 X99.134 Y126.731 Z0.250 E0.04885 F900
G1 X98.274 Y126.140 Z0.250 E0.04885 F900
G1 X97.445 Y125.504 Z0.250 E0.04885 F900
G1 X96.651 Y124.826 Z0.250 E0.04885 F900
G1 X95.893 Y124.107 Z0.250 E0.04885 F900
G1 X95.174 Y123.349 Z0.250 E0.04885 F900
G1 X94.496 Y122.555 Z0.250 E0.04885 F900
G1 X93.860 Y121.726 Z0.250 E0.04885 F900
G1 X93.269 Y120.866 Z0.250 E0.04885 F900
G1 X92.723 Y119.975 Z0.250 E0.04885 F900
G1 X92.224 Y119.057 Z0.250 E0.04885 F900
G1 X91.775 Y118.114 Z0.250 E0.04885 F900
G1 X91.375 Y117.149 Z0.250 E0.04885 F900
G1 X91.026 Y116.165 Z0.250 E0.04885 F900
G1 X90.730 Y115.163 Z0.250 E0.04885 F900
G1 X90.486 Y114.148 Z0.250 E0.04885 F900
G1 X90.296 Y113.121 Z0.250 E0.04885 F900
G1 X90.159 Y112.085 Z0.250 E0.04885 F900
G1 X90.077 Y111.044 Z0.250 E0.04885 F900
G1 X90.050 Y110.000 Z0.250 E0.04885 F900
G1 X90.077 Y108.956 Z0.250 E0.04885 F900
G1 X90.159 Y107.915 Z0.250 E0.04885 F900
G1 X90.296 Y106.879 Z0.250 E0.04885 F900
G1 X90.486 Y105.852 Z0.250 E0.04885 F900
G1 X90.730 Y104.837 Z0.250 E0.04885 F900
G1 X91.026 Y103.835 Z0.250 E0.04885 F900
G1 X91.375 Y102.851 Z0.250 E0.04885 F900
G1 X91.775 Y101.886 Z0.250 E0.04885 F900
G1 X92.224 Y100.943 Z0.250 E0.04885 F900
G1 X92.723 Y100.025 Z0.250 E0.04885 F900
G1 X93.269 Y99.134 Z0.250 E0.04885 F900
G1 X93.860 Y98.274 Z0.250 E0.04885 F900
G1 X94.496 Y97.445 Z0.250 E0.04885 F900
G1 X95.174 Y96.651 Z0.250 E0.04885 F900
G1 X95.893 Y95.893 Z0.250 E0.04885 F900
G1 X96.651 Y95.174 Z0.250 E0.04885 F900
G1 X97.445 Y94.496 Z0.250 E0.04885 F900
G1 X98.274 Y93.860 Z0.250 E0.04885 F900
G1 X99.134 Y93.269 Z0.250 E0.04885 F900
G1 X100.025 Y92.723 Z0.250 E0.04885 F900
G1 X100.943 Y92.224 Z0.250 E0.04885 F900
G1 X101.886 Y91.775 Z0.250 E0.04885 F900
G1 X102.851 Y91.375 Z0.250 E0.04885 F900
G1 X103.835 Y91.026 Z0.250 E0.04885 F900
G1 X104.837 Y90.730 Z0.250 E0.04885 F900
G1 X105.852 Y90.486 Z0.250 E0.04885 F900
G1 X106.879 Y90.296 Z0.250 E0.04885 F900
G1 X107.915 Y90.159 Z0.250 E0.04885 F900
G1 X108.956 Y90.077 Z0.250 E0.04885 F900
G1 X110.000 Y90.050 Z0.250 E0.04885 F900
G1 X111.044 Y90.077 Z0.250 E0.04885 F900
G1 X112.085 Y90.159 Z0.250 E0.04885 F900
G1 X113.121 Y90.296 Z0.250 E0.04885 F900
G1 X114.148 Y90.486 Z0.250 E0.04885 F900
G1 X115.163 Y90.730 Z0.250 E0.04885 F900
G1 X116.165 Y91.026 Z0.250 E0.04885 F900
G1 X117.149 Y91.375 Z0.250 E0.04885 F900
G1 X118.114 Y91.775 Z0.250 E0.04885 F900
G1 X119.057 Y92.224 Z0.250 E0.04885 F900
G1 X119.975 Y92.723 Z0.250 E0.04885 F900
G1 X120.866 Y93.269 Z0.250 E0.04885 F900
G1 X121.726 Y93.860 Z0.250 E0.04885 F900
G1 X122.555 Y94.496 Z0.250 E0.04885 F900
G1 X123.349 Y95.174 Z0.250 E0.04885 F900
G1 X124.107 Y95.893 Z0.250 E0.04885 F900
G1 X124.826 Y96.651 Z0.250 E0.04885 F900
G1 X125.504 Y97.445 Z0.250 E0.04885 F900
G1 X126.140 Y98.274 Z0.250 E0.04885 F900
G1 X126.731 Y99.134 Z0.250 E0.04885 F900
G1 X127.277 Y100.025 Z0.250 E0.04885 F900
G1 X127.776 Y100.943 Z0.250 E0.04885 F900
G1 X128.225 Y101.886 Z0.250 E0.04885 F900
G1 X128.625 Y102.851 Z0.250 E0.04885 F900
G1 X128.974 Y103.835 Z0.250 E0.04885 F900
G1 X129.270 Y104.837 Z0.250 E0.04885 F900
G1 X129.514 Y105.852 Z0.250 E0.04885 F900
G1 X129.704 Y106.879 Z0.250 E0.04885 F900
G1 X129.841 Y107.915 Z0.250 E0.04885 F900
G1 X129.923 Y108.956 Z0.250 E0.04885 F900
G1 X129.950 Y110.000 Z0.250 E0.04885 F900
G1 E-0.800 F2400
G0 X129.950 Y110.000 Z1.250 F1800
G0 X130.400 Y110.000 Z1.250 F7200
G0 X130.400 Y110.000 Z0.250 F1800
G1 E0.800 F1800
G1 X130.372 Y111.068 Z0.250 E0.04995 F900
G1 X130.288 Y112.132 Z0.250 E0.04995 F900
G1 X130.149 Y113.191 Z0.250 E0.04995 F900
G1 X129.954 Y114.241 Z0.250 E0.04995 F900
G1 X129.705 Y115.280 Z0.250 E0.04995 F900
G1 X129.402 Y116.304 Z0.250 E0.04995 F900
G1 X129.045 Y117.311 Z0.250 E0.04995 F900
G1 X128.636 Y118.297 Z0.250 E0.04995 F900
G1 X128.177 Y119.261 Z0.250 E0.04995 F900
G1 X127.667 Y120.200 Z0.250 E0.04995 F900
G1 X127.109 Y121.111 Z0.250 E0.04995 F900
G1 X126.504 Y121.991 Z0.250 E0.04995 F900
G1 X125.854 Y122.838 Z0.250 E0.04995 F900
G1 X125.160 Y123.650 Z0.250 E0.04995 F900
G1 X124.425 Y124.425 Z0.250 E0.04995 F900
G1 X123.650 Y125.160 Z0.250 E0.04995 F900
G1 X122.838 Y125.854 Z0.250 E0.04995 F900
G1 X121.991 Y126.504 Z0.250 E0.04995 F900
G1 X121.111 Y127.109 Z0.250 E0.04995 F900
G1 X120.200 Y127.667 Z0.250 E0.04995 F900
G1 X119.261 Y128.177 Z0.250 E0.04995 F900
G1 X118.297 Y128.636 Z0.250 E0.04995 F900
G1 X117.311 Y129.045 Z0.250 E0.04995 F900
G1 X116.304 Y129.402 Z0.250 E0.04995 F900
G1 X115.280 Y129.705 Z0.250 E0.04995 F900
G1 X114.241 Y129.954 Z0.250 E0.04995 F900
G1 X113.191 Y130.149 Z0.250 E0.04995 F900
G1 X112.132 Y130.288 Z0.250 E0.04995 F900
G1 X111.068 Y130.372 Z0.250 E0.04995 F900
G1 X110.000 Y130.400 Z0.250 E0.04995 F900
G1 X108.932 Y130.372 Z0.250 E0.04995 F900
G1 X107.868 Y130.288 Z0.250 E0.04995 F900
G1 X106.809 Y130.149 Z0.250 E0.04995 F900
G1 X105.759 Y129.954 Z0.250 E0.04995 F900
G1 X104.720 Y129.705 Z0.250 E0.04995 F900
G1 X103.696 Y129.402 Z0.250 E0.04995 F900
G1 X102.689 Y129.045 Z0.250 E0.04995 F900
G1 X101.703 Y128.636 Z0.250 E0.04995 F900
G1 X100.739 Y128.177 Z0.250 E0.04995 F900
G1 X99.800 Y127.667 Z0.250 E0.04995 F900
G1 X98.889 Y127.109 Z0.250 E0.04995 F900
G1 X98.009 Y126.504 Z0.250 E0.04995 F900
G1 X97.162 Y125.854 Z0.250 E0.04995 F900
G1 X96.350 Y125.160 Z0.250 E0.04995 F900
G1 X95.575 Y124.425 Z0.250 E0.04995 F900
G1 X94.840 Y123.650 Z0.250 E0.04995 F900
G1 X94.146 Y122.838 Z0.250 E0.04995 F900
G1 X93.496 Y121.991 Z0.250 E0.04995 F900
G1 X92.891 Y121.111 Z0.250 E0.04995 F900
G1 X92.333 Y120.200 Z0.250 E0.04995 F900
G1 X91.823 Y119.261 Z0.250 E0.04995 F900
G1 X91.364 Y118.297 Z0.250 E0.04995 F900
G1 X90.955 Y117.311 Z0.250 E0.04995 F900
G1 X90.598 Y116.304 Z0.250 E0.04995 F900
G1 X90.295 Y115.280 Z0.250 E0.04995 F900
G1 X90.046 Y114.241 Z0.250 E0.04995 F900
G1 X89.851 Y113.191 Z0.250 E0.04995 F900
G1 X89.712 Y112.132 Z0.250 E0.04995 F900
G1 X89.628 Y111.068 Z0.250 E0.04995 F900
G1 X89.600 Y110.000 Z0.250 E0.04995 F900
G1 X89.628 Y108.932 Z0.250 E0.04995 F900
G1 X89.712 Y107.868 Z0.250 E0.04995 F900
G1 X89.851 Y106.809 Z0.250 E0.04995 F900
G1 X90.046 Y105.759 Z0.250 E0.04995 F900
G1 X90.295 Y104.720 Z0.250 E0.04995 F900
G1 X90.598 Y103.696 Z0.250 E0.04995 F900
G1 X90.955 Y102.689 Z0.250 E0.04995 F900
G1 X91.364 Y101.703 Z0.250 E0.04995 F900
G1 X91.823 Y100.739 Z0.250 E0.04995 F900
G1 X92.333 Y99.800 Z0.250 E0.04995 F900
G1 X92.891 Y98.889 Z0.250 E0.04995 F900
G1 X93.496 Y98.009 Z0.250 E0.04995 F900
G1 X94.146 Y97.162 Z0.250 E0.04995 F900
G1 X94.840 Y96.350 Z0.250 E0.04995 F900
G1 X95.575 Y95.575 Z0.250 E0.04995 F900
G1 X96.350 Y94.840 Z0.250 E0.04995 F900
G1 X97.162 Y94.146 Z0.250 E0.04995 F900
G1 X98.009 Y93.496 Z0.250 E0.04995 F900
G1 X98.889 Y92.891 Z0.250 E0.04995 F900
G1 X99.800 Y92.333 Z0.250 E0.04995 F900
G1 X100.739 Y91.823 Z0.250 E0.04995 F900
G1 X101.703 Y91.364 Z0.250 E0.04995 F900
G1 X102.689 Y90.955 Z0.250 E0.04995 F900
G1 X103.696 Y90.598 Z0.250 E0.04995 F900
G1 X104.720 Y90.295 Z0.250 E0.04995 F900
G1 X105.759 Y90.046 Z0.250 E0.04995 F900
G1 X106.809 Y89.851 Z0.250 E0.04995 F900
G1 X107.868 Y89.712 Z0.250 E0.04995 F900
G1 X108.932 Y89.628 Z0.250 E0.04995 F900
G1 X110.000 Y89.600 Z0.250 E0.04995 F900
G1 X111.068 Y89.628 Z0.250 E0.04995 F900
G1 X112.132 Y89.712 Z0.250 E0.04995 F900
G1 X113.191 Y89.851 Z0.250 E0.04995 F900
G1 X114.241 Y90.046 Z0.250 E0.04995 F900
G1 X115.280 Y90.295 Z0.250 E0.04995 F900
G1 X116.304 Y90.598 Z0.250 E0.04995 F900
G1 X117.311 Y90.955 Z0.250 E0.04995 F900
G1 X118.297 Y91.364 Z0.250 E0.04995 F900
G1 X119.261 Y91.823 Z0.250 E0.04995 F900
G1 X120.200 Y92.333 Z0.250 E0.04995 F900
G1 X121.111 Y92.891 Z0.250 E0.04995 F900
G1 X121.991 Y93.496 Z0.250 E0.04995 F900
G1 X122.838 Y94.146 Z0.250 E0.04995 F900
G1 X123.650 Y94.840 Z0.250 E0.04995 F900
G1 X124.425 Y95.575 Z0.250 E0.04995 F900
G1 X125.160 Y96.350 Z0.250 E0.04995 F900
G1 X125.854 Y97.162 Z0.250 E0.04995 F900
G1 X126.504 Y98.009 Z0.250 E0.04995 F900
G1 X127.109 Y98.889 Z0.250 E0.04995 F900
G1 X127.667 Y99.800 Z0.250 E0.04995 F900
G1 X128.177 Y100.739 Z0.250 E0.04995 F900
G1 X128.636 Y101.703 Z0.250 E0.04995 F900
G1 X129.045 Y102.689 Z0.250 E0.04995 F900
G1 X129.402 Y103.696 Z0.250 E0.04995 F900
G1 X129.705 Y104.720 Z0.250 E0.04995 F900
G1 X129.954 Y105.759 Z0.250 E0.04995 F900
G1 X130.149 Y106.809 Z0.250 E0.04995 F900
G1 X130.288 Y107.868 Z0.250 E0.04995 F900
G1 X130.372 Y108.932 Z0.250 E0.04995 F900
G1 X130.400 Y110.000 Z0.250 E0.04995 F900
G1 E-0.800 F2400
G0 X130.400 Y110.000 Z1.250 F1800
G0 X130.850 Y110.000 Z1.250 F7200
G0 X130.850 Y110.000 Z0.250 F1800
G1 E0.800 F1800
G1 X130.821 Y111.091 Z0.250 E0.05106 F900
G1 X130.736 Y112.179 Z0.250 E0.05106 F900
G1 X130.593 Y113.262 Z0.250 E0.05106 F900
G1 X130.394 Y114.335 Z0.250 E0.05106 F900
G1 X130.140 Y115.396 Z0.250 E0.05106 F900
G1 X129.830 Y116.443 Z0.250 E0.05106 F900
G1 X129.465 Y117.472 Z0.250 E0.05106 F900
G1 X129.047 Y118.480 Z0.250 E0.05106 F900
G1 X128.577 Y119.466 Z0.250 E0.05106 F900
G1 X128.057 Y120.425 Z0.250 E0.05106 F900
G1 X127.486 Y121.356 Z0.250 E0.05106 F900
G1 X126.868 Y122.255 Z0.250 E0.05106 F900
G1 X126.203 Y123.121 Z0.250 E0.05106 F900
G1 X125.495 Y123.951 Z0.250 E0.05106 F900
G1 X124.743 Y124.743 Z0.250 E0.05106 F900
G1 X123.951 Y125.495 Z0.250 E0.05106 F900
G1 X123.121 Y126.203 Z0.250 E0.05106 F900
G1 X122.255 Y126.868 Z0.250 E0.05106 F900
G1 X121.356 Y127.486 Z0.250 E0.05106 F900
G1 X120.425 Y128.057 Z0.250 E0.05106 F900
G1 X119.466 Y128.577 Z0.250 E0.05106 F900
G1 X118.480 Y129.047 Z0.250 E0.05106 F900
G1 X117.472 Y129.465 Z0.250 E0.05106 F900
G1 X116.443 Y129.830 Z0.250 E0.05106 F900
G1 X115.396 Y130.140 Z0.250 E0.05106 F900
G1 X114.335 Y130.394 Z0.250 E0.05106 F900
G1 X113.262 Y130.593 Z0.250 E0.05106 F900
G1 X112.179 Y130.736 Z0.250 E0.05106 F900
G1 X111.091 Y130.821 Z0.250 E0.05106 F900
G1 X110.000 Y130.850 Z0.250 E0.05106 F900
G1 X108.909 Y130.821 Z0.250 E0.05106 F900
G1 X107.821 Y130.736 Z0.250 E0.05106 F900
G1 X106.738 Y130.593 Z0.250 E0.05106 F900
G1 X105.665 Y130.394 Z0.250 E0.05106 F900
G1 X104.604 Y130.140 Z0.250 E0.05106 F900
G1 X103.557 Y129.830 Z0.250 E0.05106 F900
G1 X102.528 Y129.465 Z0.250 E0.05106 F900
G1 X101.520 Y129.047 Z0.250 E0.05106 F900
G1 X100.534 Y128.577 Z0.250 E0.05106 F900
G1 X99.575 Y128.057 Z0.250 E0.05106 F900
G1 X98.644 Y127.486 Z0.250 E0.05106 F900
G1 X97.745 Y126.868 Z0.250 E0.05106 F900
G1 X96.879 Y126.203 Z0.250 E0.05106 F900
G1 X96.049 Y125.495 Z0.250 E0.05106 F900
G1 X95.257 Y124.743 Z0.250 E0.05106 F900
G1 X94.505 Y123.951 Z0.250 E0.05106 F900
G1 X93.797 Y123.121 Z0.250 E0.05106 F900
G1 X93.132 Y122.255 Z0.250 E0.05106 F900
G1 X92.514 Y121.356 Z0.250 E0.05106 F900
G1 X91.943 Y120.425 Z0.250 E0.05106 F900
G1 X91.423 Y119.466 Z0.250 E0.05106 F900
G1 X90.953 Y118.480 Z0.250 E0.05106 F900
G1 X90.535 Y117.472 Z0.250 E0.05106 F900
G1 X90.170 Y116.443 Z0.250 E0.05106 F900
G1 X89.860 Y115.396 Z0.250 E0.05106 F900
G1 X89.606 Y114.335 Z0.250 E0.05106 F900
G1 X89.407 Y113.262 Z0.250 E0.05106 F900
G1 X89.264 Y112.179 Z0.250 E0.05106 F900
G1 X89.179 Y111.091 Z0.250 E0.05106 F900
G1 X89.150 Y110.000 Z0.250 E0.05106 F900
G1 X89.179 Y108.909 Z0.250 E0.05106 F900
G1 X89.264 Y107.821 Z0.250 E0.05106 F900
G1 X89.407 Y106.738 Z0.250 E0.05106 F900
G1 X89.606 Y105.665 Z0.250 E0.05106 F900
G1 X89.860 Y104.604 Z0.250 E0.05106 F900
G1 X90.170 Y103.557 Z0.250 E0.05106 F900
G1 X90.535 Y102.528 Z0.250 E0.05106 F900
G1 X90.953 Y101.520 Z0.250 E0.05106 F900
G1 X91.423 Y100.534 Z0.250 E0.05106 F900
G1 X91.943 Y99.575 Z0.250 E0.05106 F900
G1 X92.514 Y98.644 Z0.250 E0.05106 F900
G1 X93.132 Y97.745 Z0.250 E0.05106 F900
G1 X93.797 Y96.879 Z0.250 E0.05106 F900
G1 X94.505 Y96.049 Z0.250 E0.05106 F900
G1 X95.257 Y95.257 Z0.250 E0.05106 F900
G1 X96.049 Y94.505 Z0.250 E0.05106 F900
G1 X96.879 Y93.797 Z0.250 E0.05106 F900
G1 X97.745 Y93.132 Z0.250 E0.05106 F900
G1 X98.644 Y92.514 Z0.250 E0.05106 F900
G1 X99.575 Y91.943 Z0.250 E0.05106 F900
G1 X100.534 Y91.423 Z0.250 E0.05106 F900
G1 X101.520 Y90.953 Z0.250 E0.05106 F900
G1 X102.528 Y90.535 Z0.250 E0.05106 F900
G1 X103.557 Y90.170 Z0.250 E0.05106 F900
G1 X104.604 Y89.860 Z0.250 E0.05106 F900
G1 X105.665 Y89.606 Z0.250 E0.05106 F900
G1 X106.738 Y89.407 Z0.250 E0.05106 F900
G1 X107.821 Y89.264 Z0.250 E0.05106 F900
G1 X108.909 Y89.179 Z0.250 E0.05106 F900
G1 X110.000 Y89.150 Z0.250 E0.05106 F900
G1 X111.091 Y89.179 Z0.250 E0.05106 F900
G1 X112.179 Y89.264 Z0.250 E0.05106 F900
G1 X113.262 Y89.407 Z0.250 E0.05106 F900
G1 X114.335 Y89.606 Z0.250 E0.05106 F900
G1 X115.396 Y89.860 Z0.250 E0.05106 F900
G1 X116.443 Y90.170 Z0.250 E0.05106 F900
G1 X117.472 Y90.535 Z0.250 E0.05106 F900
G1 X118.480 Y90.953 Z0.250 E0.05106 F900
G1 X119.466 Y91.423 Z0.250 E0.05106 F900
G1 X120.425 Y91.943 Z0.250 E0.05106 F900
G1 X121.356 Y92.514 Z0.250 E0.05106 F900
G1 X122.255 Y93.132 Z0.250 E0.05106 F900
G1 X123.121 Y93.797 Z0.250 E0.05106 F900
G1 X123.951 Y94.505 Z0.250 E0.05106 F900
G1 X124.743 Y95.257 Z0.250 E0.05106 F900
G1 X125.495 Y96.049 Z0.250 E0.05106 F900
G1 X126.203 Y96.879 Z0.250 E0.05106 F900
G1 X126.868 Y97.745 Z0.250 E0.05106 F900
G1 X127.486 Y98.644 Z0.250 E0.05106 F900
G1 X128.057 Y99.575 Z0.250 E0.05106 F900
G1 X128.577 Y100.534 Z0.250 E0.05106 F900
G1 X129.047 Y101.520 Z0.250 E0.05106 F900
G1 X129.465 Y102.528 Z0.250 E0.05106 F900
G1 X129.830 Y103.557 Z0.250 E0.05106 F900
G1 X130.140 Y104.604 Z0.250 E0.05106 F900
G1 X130.394 Y105.665 Z0.250 E0.05106 F900
G1 X130.593 Y106.738 Z0.250 E0.05106 F900
G1 X130.736 Y107.821 Z0.250 E0.05106 F900
G1 X130.821 Y108.909 Z0.250 E0.05106 F900
G1 X130.850 Y110.000 Z0.250 E0.05106 F900
G1 E-0.800 F2400
G0 X130.850 Y110.000 Z1.250 F1800
G0 X131.300 Y110.000 Z1.250 F7200
G0 X131.300 Y110.000 Z0.250 F1800
G1 E0.800 F1800
G1 X131.271 Y111.115 Z0.250 E0.05216 F900
G1 X131.183 Y112.226 Z0.250 E0.05216 F900
G1 X131.038 Y113.332 Z0.250 E0.05216 F900
G1 X130.835 Y114.429 Z0.250 E0.05216 F900
G1 X130.574 Y115.513 Z0.250 E0.05216 F900
G1 X130.258 Y116.582 Z0.250 E0.05216 F900
G1 X129.885 Y117.633 Z0.250 E0.05216 F900
G1 X129.459 Y118.663 Z0.250 E0.05216 F900
G1 X128.978 Y119.670 Z0.250 E0.05216 F900
G1 X128.446 Y120.650 Z0.250 E0.05216 F900
G1 X127.864 Y121.601 Z0.250 E0.05216 F900
G1 X127.232 Y122.520 Z0.250 E0.05216 F900
G1 X126.553 Y123.405 Z0.250 E0.05216 F900
G1 X125.829 Y124.252 Z0.250 E0.05216 F900
G1 X125.061 Y125.061 Z0.250 E0.05216 F900
G1 X124.252 Y125.829 Z0.250 E0.05216 F900
G1 X123.405 Y126.553 Z0.250 E0.05216 F900
G1 X122.520 Y127.232 Z0.250 E0.05216 F900
G1 X121.601 Y127.864 Z0.250 E0.05216 F900
G1 X120.650 Y128.446 Z0.250 E0.05216 F900
G1 X119.670 Y128.978 Z0.250 E0.05216 F900
G1 X118.663 Y129.459 Z0.250 E0.05216 F900
G1 X117.633 Y129.885 Z0.250 E0.05216 F900
G1 X116.582 Y130.258 Z0.250 E0.05216 F900
G1 X115.513 Y130.574 Z0.250 E0.05216 F900
G1 X114.429 Y130.835 Z0.250 E0.05216 F900
G1 X113.332 Y131.038 Z0.250 E0.05216 F900
G1 X112.226 Y131.183 Z0.250 E0.05216 F900
G1 X111.115 Y131.271 Z0.250 E0.05216 F900
G1 X110.000 Y131.300 Z0.250 E0.05216 F900
G1 X108.885 Y131.271 Z0.250 E0.05216 F900
G1 X107.774 Y131.183 Z0.250 E0.05216 F900
G1 X106.668 Y131.038 Z0.250 E0.05216 F900
G1 X105.571 Y130.835 Z0.250 E0.05216 F900
G1 X104.487 Y130.574 Z0.250 E0.05216 F900
G1 X103.418 Y130.258 Z0.250 E0.05216 F900
G1 X102.367 Y129.885 Z0.250 E0.05216 F900
G1 X101.337 Y129.459 Z0.250 E0.05216 F900
G1 X100.330 Y128.978 Z0.250 E0.05216 F900
G1 X99.350 Y128.446 Z0.250 E0.05216 F900
G1 X98.399 Y127.864 Z0.250 E0.05216 F900
G1 X97.480 Y127.232 Z0.250 E0.05216 F900
G1 X96.595 Y126.553 Z0.250 E0.05216 F900
G1 X95.748 Y125.829 Z0.250 E0.05216 F900
G1 X94.939 Y125.061 Z0.250 E0.05216 F900
G1 X94.171 Y124.252 Z0.250 E0.05216 F900
G1 X93.447 Y123.405 Z0.250 E0.05216 F900
G1 X92.768 Y122.520 Z0.250 E0.05216 F900
G1 X92.136 Y121.601 Z0.250 E0.05216 F900
G1 X91.554 Y120.650 Z0.250 E0.05216 F900
G1 X91.022 Y119.670 Z0.250 E0.05216 F900
G1 X90.541 Y118.663 Z0.250 E0.05216 F900
G1 X90.115 Y117.633 Z0.250 E0.05216 F900
G1 X89.742 Y116.582 Z0.250 E0.05216 F900
G1 X89.426 Y115.513 Z0.250 E0.05216 F900
G1 X89.165 Y114.429 Z0.250 E0.05216 F900
G1 X88.962 Y113.332 Z0.250 E0.05216 F900
G1 X88.817 Y112.226 Z0.250 E0.05216 F900
G1 X88.729 Y111.115 Z0.250 E0.05216 F900
G1 X88.700 Y110.000 Z0.250 E0.05216 F900
G1 X88.729 Y108.885 Z0.250 E0.05216 F900
G1 X88.817 Y107.774 Z0.250 E0.05216 F900
G1 X88.962 Y106.668 Z0.250 E0.05216 F900
G1 X89.165 Y105.571 Z0.250 E0.05216 F900
G1 X89.426 Y104.487 Z0.250 E0.05216 F900
G1 X89.742 Y103.418 Z0.250 E0.05216 F900
G1 X90.115 Y102.367 Z0.250 E0.05216 F900
G1 X90.541 Y101.337 Z0.250 E0.05216 F900
G1 X91.022 Y100.330 Z0.250 E0.05216 F900
G1 X91.554 Y99.350 Z0.250 E0.05216 F900
G1 X92.136 Y98.399 Z0.250 E0.05216 F900
G1 X92.768 Y97.480 Z0.250 E0.05216 F900
G1 X93.447 Y96.595 Z0.250 E0.05216 F900
G1 X94.171 Y95.748 Z0.250 E0.05216 F900
G1 X94.939 Y94.939 Z0.250 E0.05216 F900
G1 X95.748 Y94.171 Z0.250 E0.05216 F900
G1 X96.595 Y93.447 Z0.250 E0.05216 F900
G1 X97.480 Y92.768 Z0.250 E0.05216 F900
G1 X98.399 Y92.136 Z0.250 E0.05216 F900
G1 X99.350 Y91.554 Z0.250 E0.05216 F900
G1 X100.330 Y91.022 Z0.250 E0.05216 F900
G1 X101.337 Y90.541 Z0.250 E0.05216 F900
G1 X102.367 Y90.115 Z0.250 E0.05216 F900
G1 X103.418 Y89.742 Z0.250 E0.05216 F900
G1 X104.487 Y89.426 Z0.250 E0.05216 F900
G1 X105.571 Y89.165 Z0.250 E0.05216 F900
G1 X106.668 Y88.962 Z0.250 E0.05216 F900
G1 X107.774 Y88.817 Z0.250 E0.05216 F900
G1 X108.885 Y88.729 Z0.250 E0.05216 F900
G1 X110.000 Y88.700 Z0.250 E0.05216 F900
G1 X111.115 Y88.729 Z0.250 E0.05216 F900
G1 X112.226 Y88.817 Z0.250 E0.05216 F900
G1 X113.332 Y88.962 Z0.250 E0.05216 F900
G1 X114.429 Y89.165 Z0.250 E0.05216 F900
G1 X115.513 Y89.426 Z0.250 E0.05216 F900
G1 X116.582 Y89.742 Z0.250 E0.05216 F900
G1 X117.633 Y90.115 Z0.250 E0.05216 F900
G1 X118.663 Y90.541 Z0.250 E0.05216 F900
G1 X119.670 Y91.022 Z0.250 E0.05216 F900
G1 X120.650 Y91.554 Z0.250 E0.05216 F900
G1 X121.601 Y92.136 Z0.250 E0.05216 F900
G1 X122.520 Y92.768 Z0.250 E0.05216 F900
G1 X123.405 Y93.447 Z0.250 E0.05216 F900
G1 X124.252 Y94.171 Z0.250 E0.05216 F900
G1 X125.061 Y94.939 Z0.250 E0.05216 F900
G1 X125.829 Y95.748 Z0.250 E0.05216 F900
G1 X126.553 Y96.595 Z0.250 E0.05216 F900
G1 X127.232 Y97.480 Z0.250 E0.05216 F900
G1 X127.864 Y98.399 Z0.250 E0.05216 F900
G1 X128.446 Y99.350 Z0.250 E0.05216 F900
G1 X128.978 Y100.330 Z0.250 E0.05216 F900
G1 X129.459 Y101.337 Z0.250 E0.05216 F900
G1 X129.885 Y102.367 Z0.250 E0.05216 F900
G1 X130.258 Y103.418 Z0.250 E0.05216 F900
G1 X130.574 Y104.487 Z0.250 E0.05216 F900
G1 X130.835 Y105.571 Z0.250 E0.05216 F900
G1 X131.038 Y106.668 Z0.250 E0.05216 F900
G1 X131.183 Y107.774 Z0.250 E0.05216 F900
G1 X131.271 Y108.885 Z0.250 E0.05216 F900
G1 X131.300 Y110.000 Z0.250 E0.05216 F900
G1 E-0.800 F2400
G0 X131.300 Y110.000 Z1.250 F1800
G0 X131.750 Y110.000 Z1.250 F7200
G0 X131.750 Y110.000 Z0.250 F1800
G1 E0.800 F1800
G1 X131.720 Y111.138 Z0.250 E0.05326 F900
G1 X131.631 Y112.273 Z0.250 E0.05326 F900
G1 X131.482 Y113.402 Z0.250 E0.05326 F900
G1 X131.275 Y114.522 Z0.250 E0.05326 F900
G1 X131.009 Y115.629 Z0.250 E0.05326 F900
G1 X130.685 Y116.721 Z0.250 E0.05326 F900
G1 X130.305 Y117.795 Z0.250 E0.05326 F900
G1 X129.870 Y118.847 Z0.250 E0.05326 F900
G1 X129.379 Y119.874 Z0.250 E0.05326 F900
G1 X128.836 Y120.875 Z0.250 E0.05326 F900
G1 X128.241 Y121.846 Z0.250 E0.05326 F900
G1 X127.596 Y122.784 Z0.250 E0.05326 F900
G1 X126.903 Y123.688 Z0.250 E0.05326 F900
G1 X126.163 Y124.554 Z0.250 E0.05326 F900
G1 X125.380 Y125.380 Z0.250 E0.05326 F900
G1 X124.554 Y126.163 Z0.250 E0.05326 F900
G1 X123.688 Y126.903 Z0.250 E0.05326 F900
G1 X122.784 Y127.596 Z0.250 E0.05326 F900
G1 X121.846 Y128.241 Z0.250 E0.05326 F900
G1 X120.875 Y128.836 Z0.250 E0.05326 F900
G1 X119.874 Y129.379 Z0.250 E0.05326 F900
G1 X118.847 Y129.870 Z0.250 E0.05326 F900
G1 X117.795 Y130.305 Z0.250 E0.05326 F900
G1 X116.721 Y130.685 Z0.250 E0.05326 F900
G1 X115.629 Y131.009 Z0.250 E0.05326 F900
G1 X114.522 Y131.275 Z0.250 E0.05326 F900
G1 X113.402 Y131.482 Z0.250 E0.05326 F900
G1 X112.273 Y131.631 Z0.250 E0.05326 F900
G1 X111.138 Y131.720 Z0.250 E0.05326 F900
G1 X110.000 Y131.750 Z0.250 E0.05326 F900
G1 X108.862 Y131.720 Z0.250 E0.05326 F900
G1 X107.727 Y131.631 Z0.250 E0.05326 F900
G1 X106.598 Y131.482 Z0.250 E0.05326 F900
G1 X105.478 Y131.275 Z0.250 E0.05326 F900
G1 X104.371 Y131.009 Z0.250 E0.05326 F900
G1 X103.279 Y130.685 Z0.250 E0.05326 F900
G1 X102.205 Y130.305 Z0.250 E0.05326 F900
G1 X101.153 Y129.870 Z0.250 E0.05326 F900
G1 X100.126 Y129.379 Z0.250 E0.05326 F900
G1 X99.125 Y128.836 Z0.250 E0.05326 F900
G1 X98.154 Y128.241 Z0.250 E0.05326 F900
G1 X97.216 Y127.596 Z0.250 E0.05326 F900
G1 X96.312 Y126.903 Z0.250 E0.05326 F900
G1 X95.446 Y126.163 Z0.250 E0.05326 F900
G1 X94.620 Y125.380 Z0.250 E0.05326 F900
G1 X93.837 Y124.554 Z0.250 E0.05326 F900
G1 X93.097 Y123.688 Z0.250 E0.05326 F900
G1 X92.404 Y122.784 Z0.250 E0.05326 F900
G1 X91.759 Y121.846 Z0.250 E0.05326 F900
G1 X91.164 Y120.875 Z0.250 E0.05326 F900
G1 X90.621 Y119.874 Z0.250 E0.05326 F900
G1 X90.130 Y118.847 Z0.250 E0.05326 F900
G1 X89.695 Y117.795 Z0.250 E0.05326 F900
G1 X89.315 Y116.721 Z0.250 E0.05326 F900
G1 X88.991 Y115.629 Z0.250 E0.05326 F900
G1 X88.725 Y114.522 Z0.250 E0.05326 F900
G1 X88.518 Y113.402 Z0.250 E0.05326 F900
G1 X88.369 Y112.273 Z0.250 E0.05326 F900
G1 X88.280 Y111.138 Z0.250 E0.05326 F900
G1 X88.250 Y110.000 Z0.250 E0.05326 F900
G1 X88.280 Y108.862 Z0.250 E0.05326 F900
G1 X88.369 Y107.727 Z0.250 E0.05326 F900
G1 X88.518 Y106.598 Z0.250 E0.05326 F900
G1 X88.725 Y105.478 Z0.250 E0.05326 F900
G1 X88.991 Y104.371 Z0.250 E0.05326 F900
G1 X89.315 Y103.279 Z0.250 E0.05326 F900
G1 X89.695 Y102.205 Z0.250 E0.05326 F900
G1 X90.130 Y101.153 Z0.250 E0.05326 F900
G1 X90.621 Y100.126 Z0.250 E0.05326 F900
G1 X91.164 Y99.125 Z0.250 E0.05326 F900
G1 X91.759 Y98.154 Z0.250 E0.05326 F900
G1 X92.404 Y97.216 Z0.250 E0.05326 F900
G1 X93.097 Y96.312 Z0.250 E0.05326 F900
G1 X93.837 Y95.446 Z0.250 E0.05326 F900
G1 X94.620 Y94.620 Z0.250 E0.05326 F900
G1 X95.446 Y93.837 Z0.250 E0.05326 F900
G1 X96.312 Y93.097 Z0.250 E0.05326 F900
G1 X97.216 Y92.404 Z0.250 E0.05326 F900
G1 X98.154 Y91.759 Z0.250 E0.05326 F900
G1 X99.125 Y91.164 Z0.250 E0.05326 F900
G1 X100.126 Y90.621 Z0.250 E0.05326 F900
G1 X101.153 Y90.130 Z0.250 E0.05326 F900
G1 X102.205 Y89.695 Z0.250 E0.05326 F900
G1 X103.279 Y89.315 Z0.250 E0.05326 F900
G1 X104.371 Y88.991 Z0.250 E0.05326 F900
G1 X105.478 Y88.725 Z0.250 E0.05326 F900
G1 X106.598 Y88.518 Z0.250 E0.05326 F900
G1 X107.727 Y88.369 Z0.250 E0.05326 F900
G1 X108.862 Y88.280 Z0.250 E0.05326 F900
G1 X110.000 Y88.250 Z0.250 E0.05326 F900
G1 X111.138 Y88.280 Z0.250 E0.05326 F900
G1 X112.273 Y88.369 Z0.250 E0.05326 F900
G1 X113.402 Y88.518 Z0.250 E0.05326 F900
G1 X114.522 Y88.725 Z0.250 E0.05326 F900
G1 X115.629 Y88.991 Z0.250 E0.05326 F900
G1 X116.721 Y89.315 Z0.250 E0.05326 F900
G1 X117.795 Y89.695 Z0.250 E0.05326 F900
G1 X118.847 Y90.130 Z0.250 E0.05326 F900
G1 X119.874 Y90.621 Z0.250 E0.05326 F900
G1 X120.875 Y91.164 Z0.250 E0.05326 F900
G1 X121.846 Y91.759 Z0.250 E0.05326 F900
G1 X122.784 Y92.404 Z0.250 E0.05326 F900
G1 X123.688 Y93.097 Z0.250 E0.05326 F900
G1 X124.554 Y93.837 Z0.250 E0.05326 F900
G1 X125.380 Y94.620 Z0.250 E0.05326 F900
G1 X126.163 Y95.446 Z0.250 E0.05326 F900
G1 X126.903 Y96.312 Z0.250 E0.05326 F900
G1 X127.596 Y97.216 Z0.250 E0.05326 F900
G1 X128.241 Y98.154 Z0.250 E0.05326 F900
G1 X128.836 Y99.125 Z0.250 E0.05326 F900
G1 X129.379 Y100.126 Z0.250 E0.05326 F900
G1 X129.870 Y101.153 Z0.250 E0.05326 F900
G1 X130.305 Y102.205 Z0.250 E0.05326 F900
G1 X130.685 Y103.279 Z0.250 E0.05326 F900
G1 X131.009 Y104.371 Z0.250 E0.05326 F900
G1 X131.275 Y105.478 Z0.250 E0.05326 F900
G1 X131.482 Y106.598 Z0.250 E0.05326 F900
G1 X131.631 Y107.727 Z0.250 E0.05326 F900
G1 X131.720 Y108.862 Z0.250 E0.05326 F900
G1 X131.750 Y110.000 Z0.250 E0.05326 F900
G1 E-0.800 F2400
G0 X131.750 Y110.000 Z1.250 F1800
G0 X132.200 Y110.000 Z1.250 F7200
G0 X132.200 Y110.000 Z0.250 F1800
G1 E0.800 F1800
G1 X132.170 Y111.162 Z0.250 E0.05436 F900
G1 X132.078 Y112.321 Z0.250 E0.05436 F900
G1 X131.927 Y113.473 Z0.250 E0.05436 F900
G1 X131.715 Y114.616 Z0.250 E0.05436 F900
G1 X131.444 Y115.746 Z0.250 E0.05436 F900
G1 X131.113 Y116.860 Z0.250 E0.05436 F900
G1 X130.725 Y117.956 Z0.250 E0.05436 F900
G1 X130.281 Y119.030 Z0.250 E0.05436 F900
G1 X129.780 Y120.079 Z0.250 E0.05436 F900
G1 X129.226 Y121.100 Z0.250 E0.05436 F900
G1 X128.618 Y122.091 Z0.250 E0.05436 F900
G1 X127.960 Y123.049 Z0.250 E0.05436 F900
G1 X127.253 Y123.971 Z0.250 E0.05436 F900
G1 X126.498 Y124.855 Z0.250 E0.05436 F900
G1 X125.698 Y125.698 Z0.250 E0.05436 F900
G1 X124.855 Y126.498 Z0.250 E0.05436 F900
G1 X123.971 Y127.253 Z0.250 E0.05436 F900
G1 X123.049 Y127.960 Z0.250 E0.05436 F900
G1 X122.091 Y128.618 Z0.250 E0.05436 F900
G1 X121.100 Y129.226 Z0.250 E0.05436 F900
G1 X120.079 Y129.780 Z0.250 E0.05436 F900
G1 X119.030 Y130.281 Z0.250 E0.05436 F900
G1 X117.956 Y130.725 Z0.250 E0.05436 F900
G1 X116.860 Y131.113 Z0.250 E0.05436 F900
G1 X115.746 Y131.444 Z0.250 E0.05436 F900
G1 X114.616 Y131.715 Z0.250 E0.05436 F900
G1 X113.473 Y131.927 Z0.250 E0.05436 F900
G1 X112.321 Y132.078 Z0.250 E0.05436 F900
G1 X111.162 Y132.170 Z0.250 E0.05436 F900
G1 X110.000 Y132.200 Z0.250 E0.05436 F900
G1 X108.838 Y132.170 Z0.250 E0.05436 F900
G1 X107.679 Y132.078 Z0.250 E0.05436 F900
G1 X106.527 Y131.927 Z0.250 E0.05436 F900
G1 X105.384 Y131.715 Z0.250 E0.05436 F900
G1 X104.254 Y131.444 Z0.250 E0.05436 F900
G1 X103.140 Y131.113 Z0.250 E0.05436 F900
G1 X102.044 Y130.725 Z0.250 E0.05436 F900
G1 X100.970 Y130.281 Z0.250 E0.05436 F900
G1 X99.921 Y129.780 Z0.250 E0.05436 F900
G1 X98.900 Y129.226 Z0.250 E0.05436 F900
G1 X97.909 Y128.618 Z0.250 E0.05436 F900
G1 X96.951 Y127.960 Z0.250 E0.05436 F900
G1 X96.029 Y127.253 Z0.250 E0.05436 F900
G1 X95.145 Y126.498 Z0.250 E0.05436 F900
G1 X94.302 Y125.698 Z0.250 E0.05436 F900
G1 X93.502 Y124.855 Z0.250 E0.05436 F900
G1 X92.747 Y123.971 Z0.250 E0.05436 F900
G1 X92.040 Y123.049 Z0.250 E0.05436 F900
G1 X91.382 Y122.091 Z0.250 E0.05436 F900
G1 X90.774 Y121.100 Z0.250 E0.05436 F900
G1 X90.220 Y120.079 Z0.250 E0.05436 F900
G1 X89.719 Y119.030 Z0.250 E0.05436 F900
G1 X89.275 Y117.956 Z0.250 E0.05436 F900
G1 X88.887 Y116.860 Z0.250 E0.05436 F900
G1 X88.556 Y115.746 Z0.250 E0.05436 F900
G1 X88.285 Y114.616 Z0.250 E0.05436 F900
G1 X88.073 Y113.473 Z0.250 E0.05436 F900
G1 X87.922 Y112.321 Z0.250 E0.05436 F900
G1 X87.830 Y111.162 Z0.250 E0.05436 F900
G1 X87.800 Y110.000 Z0.250 E0.05436 F900
G1 X87.830 Y108.838 Z0.250 E0.05436 F900
G1 X87.922 Y107.679 Z0.250 E0.05436 F900
G1 X88.073 Y106.527 Z0.250 E0.05436 F900
G1 X88.285 Y105.384 Z0.250 E0.05436 F900
G1 X88.556 Y104.254 Z0.250 E0.05436 F900
G1 X88.887 Y103.140 Z0.250 E0.05436 F900
G1 X89.275 Y102.044 Z0.250 E0.05436 F900
G1 X89.719 Y100.970 Z0.250 E0.05436 F900
G1 X90.220 Y99.921 Z0.250 E0.05436 F900
G1 X90.774 Y98.900 Z0.250 E0.05436 F900
G1 X91.382 Y97.909 Z0.250 E0.05436 F900
G1 X92.040 Y96.951 Z0.250 E0.05436 F900
G1 X92.747 Y96.029 Z0.250 E0.05436 F900
G1 X93.502 Y95.145 Z0.250 E0.05436 F900
G1 X94.302 Y94.302 Z0.250 E0.05436 F900
G1 X95.145 Y93.502 Z0.250 E0.05436 F900
G1 X96.029 Y92.747 Z0.250 E0.05436 F900
G1 X96.951 Y92.040 Z0.250 E0.05436 F900
G1 X97.909 Y91.382 Z0.250 E0.05436 F900
G1 X98.900 Y90.774 Z0.250 E0.05436 F900
G1 X99.921 Y90.220 Z0.250 E0.05436 F900
G1 X100.970 Y89.719 Z0.250 E0.05436 F900
G1 X102.044 Y89.275 Z0.250 E0.05436 F900
G1 X103.140 Y88.887 Z0.250 E0.05436 F900
G1 X104.254 Y88.556 Z0.250 E0.05436 F900
G1 X105.384 Y88.285 Z0.250 E0.05436 F900
G1 X106.527 Y88.073 Z0.250 E0.05436 F900
G1 X107.679 Y87.922 Z0.250 E0.05436 F900
G1 X108.838 Y87.830 Z0.250 E0.05436 F900
G1 X110.000 Y87.800 Z0.250 E0.05436 F900
G1 X111.162 Y87.830 Z0.250 E0.05436 F900
G1 X112.321 Y87.922 Z0.250 E0.05436 F900
G1 X113.473 Y88.073 Z0.250 E0.05436 F900
G1 X114.616 Y88.285 Z0.250 E0.05436 F900
G1 X115.746 Y88.556 Z0.250 E0.05436 F900
G1 X116.860 Y88.887 Z0.250 E0.05436 F900
G1 X117.956 Y89.275 Z0.250 E0.05436 F900
G1 X119.030 Y89.719 Z0.250 E0.05436 F900
G1 X120.079 Y90.220 Z0.250 E0.05436 F900
G1 X121.100 Y90.774 Z0.250 E0.05436 F900
G1 X122.091 Y91.382 Z0.250 E0.05436 F900
G1 X123.049 Y92.040 Z0.250 E0.05436 F900
G1 X123.971 Y92.747 Z0.250 E0.05436 F900
G1 X124.855 Y93.502 Z0.250 E0.05436 F900
G1 X125.698 Y94.302 Z0.250 E0.05436 F900
G1 X126.498 Y95.145 Z0.250 E0.05436 F900
G1 X127.253 Y96.029 Z0.250 E0.05436 F900
G1 X127.960 Y96.951 Z0.250 E0.05436 F900
G1 X128.618 Y97.909 Z0.250 E0.05436 F900
G1 X129.226 Y98.900 Z0.250 E0.05436 F900
G1 X129.780 Y99.921 Z0.250 E0.05436 F900
G1 X130.281 Y100.970 Z0.250 E0.05436 F900
G1 X130.725 Y102.044 Z0.250 E0.05436 F900
G1 X131.113 Y103.140 Z0.250 E0.05436 F900
G1 X131.444 Y104.254 Z0.250 E0.05436 F900
G1 X131.715 Y105.384 Z0.250 E0.05436 F900
G1 X131.927 Y106.527 Z0.250 E0.05436 F900
G1 X132.078 Y107.679 Z0.250 E0.05436 F900
G1 X132.170 Y108.838 Z0.250 E0.05436 F900
G1 X132.200 Y110.000 Z0.250 E0.05436 F900
G1 E-0.800 F2400
G0 X132.200 Y110.000 Z1.250 F1800
G0 X132.650 Y110.000 Z1.250 F7200
G0 X132.650 Y110.000 Z0.250 F1800
G1 E0.800 F1800
G1 X132.619 Y111.185 Z0.250 E0.05546 F900
G1 X132.526 Y112.368 Z0.250 E0.05546 F900
G1 X132.371 Y113.543 Z0.250 E0.05546 F900
G1 X132.155 Y114.709 Z0.250 E0.05546 F900
G1 X131.878 Y115.862 Z0.250 E0.05546 F900
G1 X131.541 Y116.999 Z0.250 E0.05546 F900
G1 X131.146 Y118.117 Z0.250 E0.05546 F900
G1 X130.692 Y119.213 Z0.250 E0.05546 F900
G1 X130.181 Y120.283 Z0.250 E0.05546 F900
G1 X129.615 Y121.325 Z0.250 E0.05546 F900
G1 X128.996 Y122.336 Z0.250 E0.05546 F900
G1 X128.324 Y123.313 Z0.250 E0.05546 F900
G1 X127.602 Y124.254 Z0.250 E0.05546 F900
G1 X126.832 Y125.156 Z0.250 E0.05546 F900
G1 X126.016 Y126.016 Z0.250 E0.05546 F900
G1 X125.156 Y126.832 Z0.250 E0.05546 F900
G1 X124.254 Y127.602 Z0.250 E0.05546 F900
G1 X123.313 Y128.324 Z0.250 E0.05546 F900
G1 X122.336 Y128.996 Z0.250 E0.05546 F900
G1 X121.325 Y129.615 Z0.250 E0.05546 F900
G1 X120.283 Y130.181 Z0.250 E0.05546 F900
G1 X119.213 Y130.692 Z0.250 E0.05546 F900
G1 X118.117 Y131.146 Z0.250 E0.05546 F900
G1 X116.999 Y131.541 Z0.250 E0.05546 F900
G1 X115.862 Y131.878 Z0.250 E0.05546 F900
G1 X114.709 Y132.155 Z0.250 E0.05546 F900
G1 X113.543 Y132.371 Z0.250 E0.05546 F900
G1 X112.368 Y132.526 Z0.250 E0.05546 F900
G1 X111.185 Y132.619 Z0.250 E0.05546 F900
G1 X110.000 Y132.650 Z0.250 E0.05546 F900
G1 X108.815 Y132.619 Z0.250 E0.05546 F900
G1 X107.632 Y132.526 Z0.250 E0.05546 F900
G1 X106.457 Y132.371 Z0.250 E0.05546 F900
G1 X105.291 Y132.155 Z0.250 E0.05546 F900
G1 X104.138 Y131.878 Z0.250 E0.05546 F900
G1 X103.001 Y131.541 Z0.250 E0.05546 F900
G1 X101.883 Y131.146 Z0.250 E0.05546 F900
G1 X100.787 Y130.692 Z0.250 E0.05546 F900
G1 X99.717 Y130.181 Z0.250 E0.05546 F900
G1 X98.675 Y129.615 Z0.250 E0.05546 F900
G1 X97.664 Y128.996 Z0.250 E0.05546 F900
G1 X96.687 Y128.324 Z0.250 E0.05546 F900
G1 X95.746 Y127.602 Z0.250 E0.05546 F900
G1 X94.844 Y126.832 Z0.250 E0.05546 F900
G1 X93.984 Y126.016 Z0.250 E0.05546 F900
G1 X93.168 Y125.156 Z0.250 E0.05546 F900
G1 X92.398 Y124.254 Z0.250 E0.05546 F900
G1 X91.676 Y123.313 Z0.250 E0.05546 F900
G1 X91.004 Y122.336 Z0.250 E0.05546 F900
G1 X90.385 Y121.325 Z0.250 E0.05546 F900
G1 X89.819 Y120.283 Z0.250 E0.05546 F900
G1 X89.308 Y119.213 Z0.250 E0.05546 F900
G1 X88.854 Y118.117 Z0.250 E0.05546 F900
G1 X88.459 Y116.999 Z0.250 E0.05546 F900
G1 X88.122 Y115.862 Z0.250 E0.05546 F900
G1 X87.845 Y114.709 Z0.250 E0.05546 F900
G1 X87.629 Y113.543 Z0.250 E0.05546 F900
G1 X87.474 Y112.368 Z0.250 E0.05546 F900
G1 X87.381 Y111.185 Z0.250 E0.05546 F900
G1 X87.350 Y110.000 Z0.250 E0.05546 F900
G1 X87.381 Y108.815 Z0.250 E0.05546 F900
G1 X87.474 Y107.632 Z0.250 E0.05546 F900
G1 X87.629 Y106.457 Z0.250 E0.05546 F900
G1 X87.845 Y105.291 Z0.250 E0.05546 F900
G1 X88.122 Y104.138 Z0.250 E0.05546 F900
G1 X88.459 Y103.001 Z0.250 E0.05546 F900
G1 X88.854 Y101.883 Z0.250 E0.05546 F900
G1 X89.308 Y100.787 Z0.250 E0.05546 F900
G1 X89.819 Y99.717 Z0.250 E0.05546 F900
G1 X90.385 Y98.675 Z0.250 E0.05546 F900
G1 X91.004 Y97.664 Z0.250 E0.05546 F900
G1 X91.676 Y96.687 Z0.250 E0.05546 F900
G1 X92.398 Y95.746 Z0.250 E0.05546 F900
G1 X93.168 Y94.844 Z0.250 E0.05546 F900
G1 X93.984 Y93.984 Z0.250 E0.05546 F900
G1 X94.844 Y93.168 Z0.250 E0.05546 F900
G1 X95.746 Y92.398 Z0.250 E0.05546 F900
G1 X96.687 Y91.676 Z0.250 E0.05546 F900
G1 X97.664 Y91.004 Z0.250 E0.05546 F900
G1 X98.675 Y90.385 Z0.250 E0.05546 F900
G1 X99.717 Y89.819 Z0.250 E0.05546 F900
G1 X100.787 Y89.308 Z0.250 E0.05546 F900
G1 X101.883 Y88.854 Z0.250 E0.05546 F900
G1 X103.001 Y88.459 Z0.250 E0.05546 F900
G1 X104.138 Y88.122 Z0.250 E0.05546 F900
G1 X105.291 Y87.845 Z0.250 E0.05546 F900
G1 X106.457 Y87.629 Z0.250 E0.05546 F900
G1 X107.632 Y87.474 Z0.250 E0.05546 F900
G1 X108.815 Y87.381 Z0.250 E0.05546 F900
G1 X110.000 Y87.350 Z0.250 E0.05546 F900
G1 X111.185 Y87.381 Z0.250 E0.05546 F900
G1 X112.368 Y87.474 Z0.250 E0.05546 F900
G1 X113.543 Y87.629 Z0.250 E0.05546 F900
G1 X114.709 Y87.845 Z0.250 E0.05546 F900
G1 X115.862 Y88.122 Z0.250 E0.05546 F900
G1 X116.999 Y88.459 Z0.250 E0.05546 F900
G1 X118.117 Y88.854 Z0.250 E0.05546 F900
G1 X119.213 Y89.308 Z0.250 E0.05546 F900
G1 X120.283 Y89.819 Z0.250 E0.05546 F900
G1 X121.325 Y90.385 Z0.250 E0.05546 F900
G1 X122.336 Y91.004 Z0.250 E0.05546 F900
G1 X123.313 Y91.676 Z0.250 E0.05546 F900
G1 X124.254 Y92.398 Z0.250 E0.05546 F900
G1 X125.156 Y93.168 Z0.250 E0.05546 F900
G1 X126.016 Y93.984 Z0.250 E0.05546 F900
G1 X126.832 Y94.844 Z0.250 E0.05546 F900
G1 X127.602 Y95.746 Z0.250 E0.05546 F900
G1 X128.324 Y96.687 Z0.250 E0.05546 F900
G1 X128.996 Y97.664 Z0.250 E0.05546 F900
G1 X129.615 Y98.675 Z0.250 E0.05546 F900
G1 X130.181 Y99.717 Z0.250 E0.05546 F900
G1 X130.692 Y100.787 Z0.250 E0.05546 F900
G1 X131.146 Y101.883 Z0.250 E0.05546 F900
G1 X131.541 Y103.001 Z0.250 E0.05546 F900
G1 X131.878 Y104.138 Z0.250 E0.05546 F900
G1 X132.155 Y105.291 Z0.250 E0.05546 F900
G1 X132.371 Y106.457 Z0.250 E0.05546 F900
G1 X132.526 Y107.632 Z0.250 E0.05546 F900
G1 X132.619 Y108.815 Z0.250 E0.05546 F900
G1 X132.650 Y110.000 Z0.250 E0.05546 F900
G1 E-0.800 F2400
G0 X132.650 Y110.000 Z1.250 F1800
G0 X133.100 Y110.000 Z1.250 F7200
G0 X133.100 Y110.000 Z0.250 F1800
G1 E0.800 F1800
G1 X133.068 Y111.209 Z0.250 E0.05656 F900
G1 X132.973 Y112.415 Z0.250 E0.05656 F900
G1 X132.816 Y113.614 Z0.250 E0.05656 F900
G1 X132.595 Y114.803 Z0.250 E0.05656 F900
G1 X132.313 Y115.979 Z0.250 E0.05656 F900
G1 X131.969 Y117.138 Z0.250 E0.05656 F900
G1 X131.566 Y118.278 Z0.250 E0.05656 F900
G1 X131.103 Y119.396 Z0.250 E0.05656 F900
G1 X130.582 Y120.487 Z0.250 E0.05656 F900
G1 X130.005 Y121.550 Z0.250 E0.05656 F900
G1 X129.373 Y122.581 Z0.250 E0.05656 F900
G1 X128.688 Y123.578 Z0.250 E0.05656 F900
G1 X127.952 Y124.537 Z0.250 E0.05656 F900
G1 X127.167 Y125.457 Z0.250 E0.05656 F900
G1 X126.334 Y126.334 Z0.250 E0.05656 F900
G1 X125.457 Y127.167 Z0.250 E0.05656 F900
G1 X124.537 Y127.952 Z0.250 E0.05656 F900
G1 X123.578 Y128.688 Z0.250 E0.05656 F900
G1 X122.581 Y129.373 Z0.250 E0.05656 F900
G1 X121.550 Y130.005 Z0.250 E0.05656 F900
G1 X120.487 Y130.582 Z0.250 E0.05656 F900
G1 X119.396 Y131.103 Z0.250 E0.05656 F900
G1 X118.278 Y131.566 Z0.250 E0.05656 F900
G1 X117.138 Y131.969 Z0.250 E0.05656 F900
G1 X115.979 Y132.313 Z0.250 E0.05656 F900
G1 X114.803 Y132.595 Z0.250 E0.05656 F900
G1 X113.614 Y132.816 Z0.250 E0.05656 F900
G1 X112.415 Y132.973 Z0.250 E0.05656 F900
G1 X111.209 Y133.068 Z0.250 E0.05656 F900
G1 X110.000 Y133.100 Z0.250 E0.05656 F900
G1 X108.791 Y133.068 Z0.250 E0.05656 F900
G1 X107.585 Y132.973 Z0.250 E0.05656 F900
G1 X106.386 Y132.816 Z0.250 E0.05656 F900
G1 X105.197 Y132.595 Z0.250 E0.05656 F900
G1 X104.021 Y132.313 Z0.250 E0.05656 F900
G1 X102.862 Y131.969 Z0.250 E0.05656 F900
G1 X101.722 Y131.566 Z0.250 E0.05656 F900
G1 X100.604 Y131.103 Z0.250 E0.05656 F900
G1 X99.513 Y130.582 Z0.250 E0.05656 F900
G1 X98.450 Y130.005 Z0.250 E0.05656 F900
G1 X97.419 Y129.373 Z0.250 E0.05656 F900
G1 X96.422 Y128.688 Z0.250 E0.05656 F900
G1 X95.463 Y127.952 Z0.250 E0.05656 F900
G1 X94.543 Y127.167 Z0.250 E0.05656 F900
G1 X93.666 Y126.334 Z0.250 E0.05656 F900
G1 X92.833 Y125.457 Z0.250 E0.05656 F900
G1 X92.048 Y124.537 Z0.250 E0.05656 F900
G1 X91.312 Y123.578 Z0.250 E0.05656 F900
G1 X90.627 Y122.581 Z0.250 E0.05656 F900
G1 X89.995 Y121.550 Z0.250 E0.05656 F900
G1 X89.418 Y120.487 Z0.250 E0.05656 F900
G1 X88.897 Y119.396 Z0.250 E0.05656 F900
G1 X88.434 Y118.278 Z0.250 E0.05656 F900
G1 X88.031 Y117.138 Z0.250 E0.05656 F900
G1 X87.687 Y115.979 Z0.250 E0.05656 F900
G1 X87.405 Y114.803 Z0.250 E0.05656 F900
G1 X87.184 Y113.614 Z0.250 E0.05656 F900
G1 X87.027 Y112.415 Z0.250 E0.05656 F900
G1 X86.932 Y111.209 Z0.250 E0.05656 F900
G1 X86.900 Y110.000 Z0.250 E0.05656 F900
G1 X86.932 Y108.791 Z0.250 E0.05656 F900
G1 X87.027 Y107.585 Z0.250 E0.05656 F900
G1 X87.184 Y106.386 Z0.250 E0.05656 F900
G1 X87.405 Y105.197 Z0.250 E0.05656 F900
G1 X87.687 Y104.021 Z0.250 E0.05656 F900
G1 X88.031 Y102.862 Z0.250 E0.05656 F900
G1 X88.434 Y101.722 Z0.250 E0.05656 F900
G1 X88.897 Y100.604 Z0.250 E0.05656 F900
G1 X89.418 Y99.513 Z0.250 E0.05656 F900
G1 X89.995 Y98.450 Z0.250 E0.05656 F900
G1 X90.627 Y97.419 Z0.250 E0.05656 F900
G1 X91.312 Y96.422 Z0.250 E0.05656 F900
G1 X92.048 Y95.463 Z0.250 E0.05656 F900
G1 X92.833 Y94.543 Z0.250 E0.05656 F900
G1 X93.666 Y93.666 Z0.250 E0.05656 F900
G1 X94.543 Y92.833 Z0.250 E0.05656 F900
G1 X95.463 Y92.048 Z0.250 E0.05656 F900
G1 X96.422 Y91.312 Z0.250 E0.05656 F900
G1 X97.419 Y90.627 Z0.250 E0.05656 F900
G1 X98.450 Y89.995 Z0.250 E0.05656 F900
G1 X99.513 Y89.418 Z0.250 E0.05656 F900
G1 X100.604 Y88.897 Z0.250 E0.05656 F900
G1 X101.722 Y88.434 Z0.250 E0.05656 F900
G1 X102.862 Y88.031 Z0.250 E0.05656 F900
G1 X104.021 Y87.687 Z0.250 E0.05656 F900
G1 X105.197 Y87.405 Z0.250 E0.05656 F900
G1 X106.386 Y87.184 Z0.250 E0.05656 F900
G1 X107.585 Y87.027 Z0.250 E0.05656 F900
G1 X108.791 Y86.932 Z0.250 E0.05656 F900
G1 X110.000 Y86.900 Z0.250 E0.05656 F900
G1 X111.209 Y86.932 Z0.250 E0.05656 F900
G1 X112.415 Y87.027 Z0.250 E0.05656 F900
G1 X113.614 Y87.184 Z0.250 E0.05656 F900
G1 X114.803 Y87.405 Z0.250 E0.05656 F900
G1 X115.979 Y87.687 Z0.250 E0.05656 F900
G1 X117.138 Y88.031 Z0.250 E0.05656 F900
G1 X118.278 Y88.434 Z0.250 E0.05656 F900
G1 X119.396 Y88.897 Z0.250 E0.05656 F900
G1 X120.487 Y89.418 Z0.250 E0.05656 F900
G1 X121.550 Y89.995 Z0.250 E0.05656 F900
G1 X122.581 Y90.627 Z0.250 E0.05656 F900
G1 X123.578 Y91.312 Z0.250 E0.05656 F900
G1 X124.537 Y92.048 Z0.250 E0.05656 F900
G1 X125.457 Y92.833 Z0.250 E0.05656 F900
G1 X126.334 Y93.666 Z0.250 E0.05656 F900
G1 X127.167 Y94.543 Z0.250 E0.05656 F900
G1 X127.952 Y95.463 Z0.250 E0.05656 F900
G1 X128.688 Y96.422 Z0.250 E0.05656 F900
G1 X129.373 Y97.419 Z0.250 E0.05656 F900
G1 X130.005 Y98.450 Z0.250 E0.05656 F900
G1 X130.582 Y99.513 Z0.250 E0.05656 F900
G1 X131.103 Y100.604 Z0.250 E0.05656 F900
G1 X131.566 Y101.722 Z0.250 E0.05656 F900
G1 X131.969 Y102.862 Z0.250 E0.05656 F900
G1 X132.313 Y104.021 Z0.250 E0.05656 F900
G1 X132.595 Y105.197 Z0.250 E0.05656 F900
G1 X132.816 Y106.386 Z0.250 E0.05656 F900
G1 X132.973 Y107.585 Z0.250 E0.05656 F900
G1 X133.068 Y108.791 Z0.250 E0.05656 F900
G1 X133.100 Y110.000 Z0.250 E0.05656 F900
G1 E-0.800 F2400
G0 X133.100 Y110.000 Z1.250 F1800
G0 X133.550 Y110.000 Z1.250 F7200
G0 X133.550 Y110.000 Z0.250 F1800
G1 E0.800 F1800
G1 X133.518 Y111.233 Z0.250 E0.05767 F900
G1 X133.421 Y112.462 Z0.250 E0.05767 F900
G1 X133.260 Y113.684 Z0.250 E0.05767 F900
G1 X133.035 Y114.896 Z0.250 E0.05767 F900
G1 X132.748 Y116.095 Z0.250 E0.05767 F900
G1 X132.397 Y117.277 Z0.250 E0.05767 F900
G1 X131.986 Y118.440 Z0.250 E0.05767 F900
G1 X131.514 Y119.579 Z0.250 E0.05767 F900
G1 X130.983 Y120.691 Z0.250 E0.05767 F900
G1 X130.395 Y121.775 Z0.250 E0.05767 F900
G1 X129.751 Y122.826 Z0.250 E0.05767 F900
G1 X129.052 Y123.842 Z0.250 E0.05767 F900
G1 X128.302 Y124.820 Z0.250 E0.05767 F900
G1 X127.501 Y125.758 Z0.250 E0.05767 F900
G1 X126.652 Y126.652 Z0.250 E0.05767 F900
G1 X125.758 Y127.501 Z0.250 E0.05767 F900
G1 X124.820 Y128.302 Z0.250 E0.05767 F900
G1 X123.842 Y129.052 Z0.250 E0.05767 F900
G1 X122.826 Y129.751 Z0.250 E0.05767 F900
G1 X121.775 Y130.395 Z0.250 E0.05767 F900
G1 X120.691 Y130.983 Z0.250 E0.05767 F900
G1 X119.579 Y131.514 Z0.250 E0.05767 F900
G1 X118.440 Y131.986 Z0.250 E0.05767 F900
G1 X117.277 Y132.397 Z0.250 E0.05767 F900
G1 X116.095 Y132.748 Z0.250 E0.05767 F900
G1 X114.896 Y133.035 Z0.250 E0.05767 F900
G1 X113.684 Y133.260 Z0.250 E0.05767 F900
G1 X112.462 Y133.421 Z0.250 E0.05767 F900
G1 X111.233 Y133.518 Z0.250 E0.05767 F900
G1 X110.000 Y133.550 Z0.250 E0.05767 F900
G1 X108.767 Y133.518 Z0.250 E0.05767 F900
G1 X107.538 Y133.421 Z0.250 E0.05767 F900
G1 X106.316 Y133.260 Z0.250 E0.05767 F900
G1 X105.104 Y133.035 Z0.250 E0.05767 F900
G1 X103.905 Y132.748 Z0.250 E0.05767 F900
G1 X102.723 Y132.397 Z0.250 E0.05767 F900
G1 X101.560 Y131.986 Z0.250 E0.05767 F900
G1 X100.421 Y131.514 Z0.250 E0.05767 F900
G1 X99.309 Y130.983 Z0.250 E0.05767 F900
G1 X98.225 Y130.395 Z0.250 E0.05767 F900
G1 X97.174 Y129.751 Z0.250 E0.05767 F900
G1 X96.158 Y129.052 Z0.250 E0.05767 F900
G1 X95.180 Y128.302 Z0.250 E0.05767 F900
G1 X94.242 Y127.501 Z0.250 E0.05767 F900
G1 X93.348 Y126.652 Z0.250 E0.05767 F900
G1 X92.499 Y125.758 Z0.250 E0.05767 F900
G1 X91.698 Y124.820 Z0.250 E0.05767 F900
G1 X90.948 Y123.842 Z0.250 E0.05767 F900
G1 X90.249 Y122.826 Z0.250 E0.05767 F900
G1 X89.605 Y121.775 Z0.250 E0.05767 F900
G1 X89.017 Y120.691 Z0.250 E0.05767 F900
G1 X88.486 Y119.579 Z0.250 E0.05767 F900
G1 X88.014 Y118.440 Z0.250 E0.05767 F900
G1 X87.603 Y117.277 Z0.250 E0.05767 F900
G1 X87.252 Y116.095 Z0.250 E0.05767 F900
G1 X86.965 Y114.896 Z0.250 E0.05767 F900
G1 X86.740 Y113.684 Z0.250 E0.05767 F900
G1 X86.579 Y112.462 Z0.250 E0.05767 F900
G1 X86.482 Y111.233 Z0.250 E0.05767 F900
G1 X86.450 Y110.000 Z0.250 E0.05767 F900
G1 X86.482 Y108.767 Z0.250 E0.05767 F900
G1 X86.579 Y107.538 Z0.250 E0.05767 F900
G1 X86.740 Y106.316 Z0.250 E0.05767 F900
G1 X86.965 Y105.104 Z0.250 E0.05767 F900
G1 X87.252 Y103.905 Z0.250 E0.05767 F900
G1 X87.603 Y102.723 Z0.250 E0.05767 F900
G1 X88.014 Y101.560 Z0.250 E0.05767 F900
G1 X88.486 Y100.421 Z0.250 E0.05767 F900
G1 X89.017 Y99.309 Z0.250 E0.05767 F900
G1 X89.605 Y98.225 Z0.250 E0.05767 F900
G1 X90.249 Y97.174 Z0.250 E0.05767 F900
G1 X90.948 Y96.158 Z0.250 E0.05767 F900
G1 X91.698 Y95.180 Z0.250 E0.05767 F900
G1 X92.499 Y94.242 Z0.250 E0.05767 F900
G1 X93.348 Y93.348 Z0.250 E0.05767 F900
G1 X94.242 Y92.499 Z0.250 E0.05767 F900
G1 X95.180 Y91.698 Z0.250 E0.05767 F900
G1 X96.158 Y90.948 Z0.250 E0.05767 F900
G1 X97.174 Y90.249 Z0.250 E0.05767 F900
G1 X98.225 Y89.605 Z0.250 E0.05767 F900
G1 X99.309 Y89.017 Z0.250 E0.05767 F900
G1 X100.421 Y88.486 Z0.250 E0.05767 F900
G1 X101.560 Y88.014 Z0.250 E0.05767 F900
G1 X102.723 Y87.603 Z0.250 E0.05767 F900
G1 X103.905 Y87.252 Z0.250 E0.05767 F900
G1 X105.104 Y86.965 Z0.250 E0.05767 F900
G1 X106.316 Y86.740 Z0.250 E0.05767 F900
G1 X107.538 Y86.579 Z0.250 E0.05767 F900
G1 X108.767 Y86.482 Z0.250 E0.05767 F900
G1 X110.000 Y86.450 Z0.250 E0.05767 F900
G1 X111.233 Y86.482 Z0.250 E0.05767 F900
G1 X112.462 Y86.579 Z0.250 E0.05767 F900
G1 X113.684 Y86.740 Z0.250 E0.05767 F900
G1 X114.896 Y86.965 Z0.250 E0.05767 F900
G1 X116.095 Y87.252 Z0.250 E0.05767 F900
G1 X117.277 Y87.603 Z0.250 E0.05767 F900
G1 X118.440 Y88.014 Z0.250 E0.05767 F900
G1 X119.579 Y88.486 Z0.250 E0.05767 F900
G1 X120.691 Y89.017 Z0.250 E0.05767 F900
G1 X121.775 Y89.605 Z0.250 E0.05767 F900
G1 X122.826 Y90.249 Z0.250 E0.05767 F900
G1 X123.842 Y90.948 Z0.250 E0.05767 F900
G1 X124.820 Y91.698 Z0.250 E0.05767 F900
G1 X125.758 Y92.499 Z0.250 E0.05767 F900
G1 X126.652 Y93.348 Z0.250 E0.05767 F900
G1 X127.501 Y94.242 Z0.250 E0.05767 F900
G1 X128.302 Y95.180 Z0.250 E0.05767 F900
G1 X129.052 Y96.158 Z0.250 E0.05767 F900
G1 X129.751 Y97.174 Z0.250 E0.05767 F900
G1 X130.395 Y98.225 Z0.250 E0.05767 F900
G1 X130.983 Y99.309 Z0.250 E0.05767 F900
G1 X131.514 Y100.421 Z0.250 E0.05767 F900
G1 X131.986 Y101.560 Z0.250 E0.05767 F900
G1 X132.397 Y102.723 Z0.250 E0.05767 F900
G1 X132.748 Y103.905 Z0.250 E0.05767 F900
G1 X133.035 Y105.104 Z0.250 E0.05767 F900
G1 X133.260 Y106.316 Z0.250 E0.05767 F900
G1 X133.421 Y107.538 Z0.250 E0.05767 F900
G1 X133.518 Y108.767 Z0.250 E0.05767 F900
G1 X133.550 Y110.000 Z0.250 E0.05767 F900
G1 E-0.800 F2400
G0 X133.550 Y110.000 Z1.250 F1800
G0 X134.000 Y110.000 Z1.250 F7200
G0 X134.000 Y110.000 Z0.250 F1800
G1 E0.800 F1800
G1 X133.967 Y111.256 Z0.250 E0.05877 F900
G1 X133.869 Y112.509 Z0.250 E0.05877 F900
G1 X133.705 Y113.754 Z0.250 E0.05877 F900
G1 X133.476 Y114.990 Z0.250 E0.05877 F900
G1 X133.182 Y116.212 Z0.250 E0.05877 F900
G1 X132.825 Y117.416 Z0.250 E0.05877 F900
G1 X132.406 Y118.601 Z0.250 E0.05877 F900
G1 X131.925 Y119.762 Z0.250 E0.05877 F900
G1 X131.384 Y120.896 Z0.250 E0.05877 F900
G1 X130.785 Y122.000 Z0.250 E0.05877 F900
G1 X130.128 Y123.071 Z0.250 E0.05877 F900
G1 X129.416 Y124.107 Z0.250 E0.05877 F900
G1 X128.652 Y125.104 Z0.250 E0.05877 F900
G1 X127.835 Y126.059 Z0.250 E0.05877 F900
G1 X126.971 Y126.971 Z0.250 E0.05877 F900
G1 X126.059 Y127.835 Z0.250 E0.05877 F900
G1 X125.104 Y128.652 Z0.250 E0.05877 F900
G1 X124.107 Y129.416 Z0.250 E0.05877 F900
G1 X123.071 Y130.128 Z0.250 E0.05877 F900
G1 X122.000 Y130.785 Z0.250 E0.05877 F900
G1 X120.896 Y131.384 Z0.250 E0.05877 F900
G1 X119.762 Y131.925 Z0.250 E0.05877 F900
G1 X118.601 Y132.406 Z0.250 E0.05877 F900
G1 X117.416 Y132.825 Z0.250 E0.05877 F900
G1 X116.212 Y133.182 Z0.250 E0.05877 F900
G1 X114.990 Y133.476 Z0.250 E0.05877 F900
G1 X113.754 Y133.705 Z0.250 E0.05877 F900
G1 X112.509 Y133.869 Z0.250 E0.05877 F900
G1 X111.256 Y133.967 Z0.250 E0.05877 F900
G1 X110.000 Y134.000 Z0.250 E0.05877 F900
G1 X108.744 Y133.967 Z0.250 E0.05877 F900
G1 X107.491 Y133.869 Z0.250 E0.05877 F900
G1 X106.246 Y133.705 Z0.250 E0.05877 F900
G1 X105.010 Y133.476 Z0.250 E0.05877 F900
G1 X103.788 Y133.182 Z0.250 E0.05877 F900
G1 X102.584 Y132.825 Z0.250 E0.05877 F900
G1 X101.399 Y132.406 Z0.250 E0.05877 F900
G1 X100.238 Y131.925 Z0.250 E0.05877 F900
G1 X99.104 Y131.384 Z0.250 E0.05877 F900
G1 X98.000 Y130.785 Z0.250 E0.05877 F900
G1 X96.929 Y130.128 Z0.250 E0.05877 F900
G1 X95.893 Y129.416 Z0.250 E0.05877 F900
G1 X94.896 Y128.652 Z0.250 E0.05877 F900
G1 X93.941 Y127.835 Z0.250 E0.05877 F900
G1 X93.029 Y126.971 Z0.250 E0.05877 F900
G1 X92.165 Y126.059 Z0.250 E0.05877 F900
G1 X91.348 Y125.104 Z0.250 E0.05877 F900
G1 X90.584 Y124.107 Z0.250 E0.05877 F900
G1 X89.872 Y123.071 Z0.250 E0.05877 F900
G1 X89.215 Y122.000 Z0.250 E0.05877 F900
G1 X88.616 Y120.896 Z0.250 E0.05877 F900
G1 X88.075 Y119.762 Z0.250 E0.05877 F900
G1 X87.594 Y118.601 Z0.250 E0.05877 F900
G1 X87.175 Y117.416 Z0.250 E0.05877 F900
G1 X86.818 Y116.212 Z0.250 E0.05877 F900
G1 X86.524 Y114.990 Z0.250 E0.05877 F900
G1 X86.295 Y113.754 Z0.250 E0.05877 F900
G1 X86.131 Y112.509 Z0.250 E0.05877 F900
G1 X86.033 Y111.256 Z0.250 E0.05877 F900
G1 X86.000 Y110.000 Z0.250 E0.05877 F900
G1 X86.033 Y108.744 Z0.250 E0.05877 F900
G1 X86.131 Y107.491 Z0.250 E0.05877 F900
G1 X86.295 Y106.246 Z0.250 E0.05877 F900
G1 X86.524 Y105.010 Z0.250 E0.05877 F900
G1 X86.818 Y103.788 Z0.250 E0.05877 F900
G1 X87.175 Y102.584 Z0.250 E0.05877 F900
G1 X87.594 Y101.399 Z0.250 E0.05877 F900
G1 X88.075 Y100.238 Z0.250 E0.05877 F900
G1 X88.616 Y99.104 Z0.250 E0.05877 F900
G1 X89.215 Y98.000 Z0.250 E0.05877 F900
G1 X89.872 Y96.929 Z0.250 E0.05877 F900
G1 X90.584 Y95.893 Z0.250 E0.05877 F900
G1 X91.348 Y94.896 Z0.250 E0.05877 F900
G1 X92.165 Y93.941 Z0.250 E0.05877 F900
G1 X93.029 Y93.029 Z0.250 E0.05877 F900
G1 X93.941 Y92.165 Z0.250 E0.05877 F900
G1 X94.896 Y91.348 Z0.250 E0.05877 F900
G1 X95.893 Y90.584 Z0.250 E0.05877 F900
G1 X96.929 Y89.872 Z0.250 E0.05877 F900
G1 X98.000 Y89.215 Z0.250 E0.05877 F900
G1 X99.104 Y88.616 Z0.250 E0.05877 F900
G1 X100.238 Y88.075 Z0.250 E0.05877 F900
G1 X101.399 Y87.594 Z0.250 E0.05877 F900
G1 X102.584 Y87.175 Z0.250 E0.05877 F900
G1 X103.788 Y86.818 Z0.250 E0.05877 F900
G1 X105.010 Y86.524 Z0.250 E0.05877 F900
G1 X106.246 Y86.295 Z0.250 E0.05877 F900
G1 X107.491 Y86.131 Z0.250 E0.05877 F900
G1 X108.744 Y86.033 Z0.250 E0.05877 F900
G1 X110.000 Y86.000 Z0.250 E0.05877 F900
G1 X111.256 Y86.033 Z0.250 E0.05877 F900
G1 X112.509 Y86.131 Z0.250 E0.05877 F900
G1 X113.754 Y86.295 Z0.250 E0.05877 F900
G1 X114.990 Y86.524 Z0.250 E0.05877 F900
G1 X116.212 Y86.818 Z0.250 E0.05877 F900
G1 X117.416 Y87.175 Z0.250 E0.05877 F900
G1 X118.601 Y87.594 Z0.250 E0.05877 F900
G1 X119.762 Y88.075 Z0.250 E0.05877 F900
G1 X120.896 Y88.616 Z0.250 E0.05877 F900
G1 X122.000 Y89.215 Z0.250 E0.05877 F900
G1 X123.071 Y89.872 Z0.250 E0.05877 F900
G1 X124.107 Y90.584 Z0.250 E0.05877 F900
G1 X125.104 Y91.348 Z0.250 E0.05877 F900
G1 X126.059 Y92.165 Z0.250 E0.05877 F900
G1 X126.971 Y93.029 Z0.250 E0.05877 F900
G1 X127.835 Y93.941 Z0.250 E0.05877 F900
G1 X128.652 Y94.896 Z0.250 E0.05877 F900
G1 X129.416 Y95.893 Z0.250 E0.05877 F900
G1 X130.128 Y96.929 Z0.250 E0.05877 F900
G1 X130.785 Y98.000 Z0.250 E0.05877 F900
G1 X131.384 Y99.104 Z0.250 E0.05877 F900
G1 X131.925 Y100.238 Z0.250 E0.05877 F900
G1 X132.406 Y101.399 Z0.250 E0.05877 F900
G1 X132.825 Y102.584 Z0.250 E0.05877 F900
G1 X133.182 Y103.788 Z0.250 E0.05877 F900
G1 X133.476 Y105.010 Z0.250 E0.05877 F900
G1 X133.705 Y106.246 Z0.250 E0.05877 F900
G1 X133.869 Y107.491 Z0.250 E0.05877 F900
G1 X133.967 Y108.744 Z0.250 E0.05877 F900
G1 X134.000 Y110.000 Z0.250 E0.05877 F900
G1 E-0.800 F2400
G0 X134.000 Y110.000 Z1.250 F1800
G0 X134.450 Y110.000 Z1.250 F7200
G0 X134.450 Y110.000 Z0.250 F1800
G1 E0.800 F1800
G1 X134.416 Y111.280 Z0.250 E0.05987 F900
G1 X134.316 Y112.556 Z0.250 E0.05987 F900
G1 X134.149 Y113.825 Z0.250 E0.05987 F900
G1 X133.916 Y115.083 Z0.250 E0.05987 F900
G1 X133.617 Y116.328 Z0.250 E0.05987 F900
G1 X133.253 Y117.555 Z0.250 E0.05987 F900
G1 X132.826 Y118.762 Z0.250 E0.05987 F900
G1 X132.336 Y119.945 Z0.250 E0.05987 F900
G1 X131.785 Y121.100 Z0.250 E0.05987 F900
G1 X131.174 Y122.225 Z0.250 E0.05987 F900
G1 X130.505 Y123.316 Z0.250 E0.05987 F900
G1 X129.780 Y124.371 Z0.250 E0.05987 F900
G1 X129.001 Y125.387 Z0.250 E0.05987 F900
G1 X128.170 Y126.360 Z0.250 E0.05987 F900
G1 X127.289 Y127.289 Z0.250 E0.05987 F900
G1 X126.360 Y128.170 Z0.250 E0.05987 F900
G1 X125.387 Y129.001 Z0.250 E0.05987 F900
G1 X124.371 Y129.780 Z0.250 E0.05987 F900
G1 X123.316 Y130.505 Z0.250 E0.05987 F900
G1 X122.225 Y131.174 Z0.250 E0.05987 F900
G1 X121.100 Y131.785 Z0.250 E0.05987 F900
G1 X119.945 Y132.336 Z0.250 E0.05987 F900
G1 X118.762 Y132.826 Z0.250 E0.05987 F900
G1 X117.555 Y133.253 Z0.250 E0.05987 F900
G1 X116.328 Y133.617 Z0.250 E0.05987 F900
G1 X115.083 Y133.916 Z0.250 E0.05987 F900
G1 X113.825 Y134.149 Z0.250 E0.05987 F900
G1 X112.556 Y134.316 Z0.250 E0.05987 F900
G1 X111.280 Y134.416 Z0.250 E0.05987 F900
G1 X110.000 Y134.450 Z0.250 E0.05987 F900
G1 X108.720 Y134.416 Z0.250 E0.05987 F900
G1 X107.444 Y134.316 Z0.250 E0.05987 F900
G1 X106.175 Y134.149 Z0.250 E0.05987 F900
G1 X104.917 Y133.916 Z0.250 E0.05987 F900
G1 X103.672 Y133.617 Z0.250 E0.05987 F900
G1 X102.445 Y133.253 Z0.250 E0.05987 F900
G1 X101.238 Y132.826 Z0.250 E0.05987 F900
G1 X100.055 Y132.336 Z0.250 E0.05987 F900
G1 X98.900 Y131.785 Z0.250 E0.05987 F900
G1 X97.775 Y131.174 Z0.250 E0.05987 F900
G1 X96.684 Y130.505 Z0.250 E0.05987 F900
G1 X95.629 Y129.780 Z0.250 E0.05987 F900
G1 X94.613 Y129.001 Z0.250 E0.05987 F900
G1 X93.640 Y128.170 Z0.250 E0.05987 F900
G1 X92.711 Y127.289 Z0.250 E0.05987 F900
G1 X91.830 Y126.360 Z0.250 E0.05987 F900
G1 X90.999 Y125.387 Z0.250 E0.05987 F900
G1 X90.220 Y124.371 Z0.250 E0.05987 F900
G1 X89.495 Y123.316 Z0.250 E0.05987 F900
G1 X88.826 Y122.225 Z0.250 E0.05987 F900
G1 X88.215 Y121.100 Z0.250 E0.05987 F900
G1 X87.664 Y119.945 Z0.250 E0.05987 F900
G1 X87.174 Y118.762 Z0.250 E0.05987 F900
G1 X86.747 Y117.555 Z0.250 E0.05987 F900
G1 X86.383 Y116.328 Z0.250 E0.05987 F900
G1 X86.084 Y115.083 Z0.250 E0.05987 F900
G1 X85.851 Y113.825 Z0.250 E0.05987 F900
G1 X85.684 Y112.556 Z0.250 E0.05987 F900
G1 X85.584 Y111.280 Z0.250 E0.05987 F900
G1 X85.550 Y110.000 Z0.250 E0.05987 F900
G1 X85.584 Y108.720 Z0.250 E0.05987 F900
G1 X85.684 Y107.444 Z0.250 E0.05987 F900
G1 X85.851 Y106.175 Z0.250 E0.05987 F900
G1 X86.084 Y104.917 Z0.250 E0.05987 F900
G1 X86.383 Y103.672 Z0.250 E0.05987 F900
G1 X86.747 Y102.445 Z0.250 E0.05987 F900
G1 X87.174 Y101.238 Z0.250 E0.05987 F900
G1 X87.664 Y100.055 Z0.250 E0.05987 F900
G1 X88.215 Y98.900 Z0.250 E0.05987 F900
G1 X88.826 Y97.775 Z0.250 E0.05987 F900
G1 X89.495 Y96.684 Z0.250 E0.05987 F900
G1 X90.220 Y95.629 Z0.250 E0.05987 F900
G1 X90.999 Y94.613 Z0.250 E0.05987 F900
G1 X91.830 Y93.640 Z0.250 E0.05987 F900
G1 X92.711 Y92.711 Z0.250 E0.05987 F900
G1 X93.640 Y91.830 Z0.250 E0.05987 F900
G1 X94.613 Y90.999 Z0.250 E0.05987 F900
G1 X95.629 Y90.220 Z0.250 E0.05987 F900
G1 X96.684 Y89.495 Z0.250 E0.05987 F900
G1 X97.775 Y88.826 Z0.250 E0.05987 F900
G1 X98.900 Y88.215 Z0.250 E0.05987 F900
G1 X100.055 Y87.664 Z0.250 E0.05987 F900
G1 X101.238 Y87.174 Z0.250 E0.05987 F900
G1 X102.445 Y86.747 Z0.250 E0.05987 F900
G1 X103.672 Y86.383 Z0.250 E0.05987 F900
G1 X104.917 Y86.084 Z0.250 E0.05987 F900
G1 X106.175 Y85.851 Z0.250 E0.05987 F900
G1 X107.444 Y85.684 Z0.250 E0.05987 F900
G1 X108.720 Y85.584 Z0.250 E0.05987 F900
G1 X110.000 Y85.550 Z0.250 E0.05987 F900
G1 X111.280 Y85.584 Z0.250 E0.05987 F900
G1 X112.556 Y85.684 Z0.250 E0.05987 F900
G1 X113.825 Y85.851 Z0.250 E0.05987 F900
G1 X115.083 Y86.084 Z0.250 E0.05987 F900
G1 X116.328 Y86.383 Z0.250 E0.05987 F900
G1 X117.555 Y86.747 Z0.250 E0.05987 F900
G1 X118.762 Y87.174 Z0.250 E0.05987 F900
G1 X119.945 Y87.664 Z0.250 E0.05987 F900
G1 X121.100 Y88.215 Z0.250 E0.05987 F900
G1 X122.225 Y88.826 Z0.250 E0.05987 F900
G1 X123.316 Y89.495 Z0.250 E0.05987 F900
G1 X124.371 Y90.220 Z0.250 E0.05987 F900
G1 X125.387 Y90.999 Z0.250 E0.05987 F900
G1 X126.360 Y91.830 Z0.250 E0.05987 F900
G1 X127.289 Y92.711 Z0.250 E0.05987 F900
G1 X128.170 Y93.640 Z0.250 E0.05987 F900
G1 X129.001 Y94.613 Z0.250 E0.05987 F900
G1 X129.780 Y95.629 Z0.250 E0.05987 F900
G1 X130.505 Y96.684 Z0.250 E0.05987 F900
G1 X131.174 Y97.775 Z0.250 E0.05987 F900
G1 X131.785 Y98.900 Z0.250 E0.05987 F900
G1 X132.336 Y100.055 Z0.250 E0.05987 F900
G1 X132.826 Y101.238 Z0.250 E0.05987 F900
G1 X133.253 Y102.445 Z0.250 E0.05987 F900
G1 X133.617 Y103.672 Z0.250 E0.05987 F900
G1 X133.916 Y104.917 Z0.250 E0.05987 F900
G1 X134.149 Y106.175 Z0.250 E0.05987 F900
G1 X134.316 Y107.444 Z0.250 E0.05987 F900
G1 X134.416 Y108.720 Z0.250 E0.05987 F900
G1 X134.450 Y110.000 Z0.250 E0.05987 F900
; BASE layer 2
M106 S128
G1 E-0.800 F2400
G0 X134.450 Y110.000 Z1.500 F1800
G0 X129.500 Y110.000 Z1.500 F7200
G0 X129.500 Y110.000 Z0.500 F1800
G1 E0.800 F1800
G1 X129.473 Y111.021 Z0.500 E0.04775 F1500
G1 X129.393 Y112.038 Z0.500 E0.04775 F1500
G1 X129.260 Y113.050 Z0.500 E0.04775 F1500
G1 X129.074 Y114.054 Z0.500 E0.04775 F1500
G1 X128.836 Y115.047 Z0.500 E0.04775 F1500
G1 X128.546 Y116.026 Z0.500 E0.04775 F1500
G1 X128.205 Y116.988 Z0.500 E0.04775 F1500
G1 X127.814 Y117.931 Z0.500 E0.04775 F1500
G1 X127.375 Y118.853 Z0.500 E0.04775 F1500
G1 X126.887 Y119.750 Z0.500 E0.04775 F1500
G1 X126.354 Y120.620 Z0.500 E0.04775 F1500
G1 X125.776 Y121.462 Z0.500 E0.04775 F1500
G1 X125.154 Y122.272 Z0.500 E0.04775 F1500
G1 X124.491 Y123.048 Z0.500 E0.04775 F1500
G1 X123.789 Y123.789 Z0.500 E0.04775 F1500
G1 X123.048 Y124.491 Z0.500 E0.04775 F1500
G1 X122.272 Y125.154 Z0.500 E0.04775 F1500
G1 X121.462 Y125.776 Z0.500 E0.04775 F1500
G1 X120.620 Y126.354 Z0.500 E0.04775 F1500
G1 X119.750 Y126.887 Z0.500 E0.04775 F1500
G1 X118.853 Y127.375 Z0.500 E0.04775 F1500
G1 X117.931 Y127.814 Z0.500 E0.04775 F1500
G1 X116.988 Y128.205 Z0.500 E0.04775 F1500
G1 X116.026 Y128.546 Z0.500 E0.04775 F1500
G1 X115.047 Y128.836 Z0.500 E0.04775 F1500
G1 X114.054 Y129.074 Z0.500 E0.04775 F1500
G1 X113.050 Y129.260 Z0.500 E0.04775 F1500
G1 X112.038 Y129.393 Z0.500 E0.04775 F1500
G1 X111.021 Y129.473 Z0.500 E0.04775 F1500
G1 X110.000 Y129.500 Z0.500 E0.04775 F1500
G1 X108.979 Y129.473 Z0.500 E0.04775 F1500
G1 X107.962 Y129.393 Z0.500 E0.04775 F1500
G1 X106.950 Y129.260 Z0.500 E0.04775 F1500
G1 X105.946 Y129.074 Z0.500 E0.04775 F1500
G1 X104.953 Y128.836 Z0.500 E0.04775 F1500
G1 X103.974 Y128.546 Z0.500 E0.04775 F1500
G1 X103.012 Y128.205 Z0.500 E0.04775 F1500
G1 X102.069 Y127.814 Z0.500 E0.04775 F1500
G1 X101.147 Y127.375 Z0.500 E0.04775 F1500
G1 X100.250 Y126.887 Z0.500 E0.04775 F1500
G1 X99.380 Y126.354 Z0.500 E0.04775 F1500
G1 X98.538 Y125.776 Z0.500 E0.04775 F1500
G1 X97.728 Y125.154 Z0.500 E0.04775 F1500
G1 X96.952 Y124.491 Z0.500 E0.04775 F1500
G1 X96.211 Y123.789 Z0.500 E0.04775 F1500
G1 X95.509 Y123.048 Z0.500 E0.04775 F1500
G1 X94.846 Y122.272 Z0.500 E0.04775 F1500
G1 X94.224 Y121.462 Z0.500 E0.04775 F1500
G1 X93.646 Y120.620 Z0.500 E0.04775 F1500
G1 X93.113 Y119.750 Z0.500 E0.04775 F1500
G1 X92.625 Y118.853 Z0.500 E0.04775 F1500
G1 X92.186 Y117.931 Z0.500 E0.04775 F1500
G1 X91.795 Y116.988 Z0.500 E0.04775 F1500
G1 X91.454 Y116.026 Z0.500 E0.04775 F1500
G1 X91.164 Y115.047 Z0.500 E0.04775 F1500
G1 X90.926 Y114.054 Z0.500 E0.04775 F1500
G1 X90.740 Y113.050 Z0.500 E0.04775 F1500
G1 X90.607 Y112.038 Z0.500 E0.04775 F1500
G1 X90.527 Y111.021 Z0.500 E0.04775 F1500
G1 X90.500 Y110.000 Z0.500 E0.04775 F1500
G1 X90.527 Y108.979 Z0.500 E0.04775 F1500
G1 X90.607 Y107.962 Z0.500 E0.04775 F1500
G1 X90.740 Y106.950 Z0.500 E0.04775 F1500
G1 X90.926 Y105.946 Z0.500 E0.04775 F1500
G1 X91.164 Y104.953 Z0.500 E0.04775 F1500
G1 X91.454 Y103.974 Z0.500 E0.04775 F1500
G1 X91.795 Y103.012 Z0.500 E0.04775 F1500
G1 X92.186 Y102.069 Z0.500 E0.04775 F1500
G1 X92.625 Y101.147 Z0.500 E0.04775 F1500
G1 X93.113 Y100.250 Z0.500 E0.04775 F1500
G1 X93.646 Y99.380 Z0.500 E0.04775 F1500
G1 X94.224 Y98.538 Z0.500 E0.04775 F1500
G1 X94.846 Y97.728 Z0.500 E0.04775 F1500
G1 X95.509 Y96.952 Z0.500 E0.04775 F1500
G1 X96.211 Y96.211 Z0.500 E0.04775 F1500
G1 X96.952 Y95.509 Z0.500 E0.04775 F1500
G1 X97.728 Y94.846 Z0.500 E0.04775 F1500
G1 X98.538 Y94.224 Z0.500 E0.04775 F1500
G1 X99.380 Y93.646 Z0.500 E0.04775 F1500
G1 X100.250 Y93.113 Z0.500 E0.04775 F1500
G1 X101.147 Y92.625 Z0.500 E0.04775 F1500
G1 X102.069 Y92.186 Z0.500 E0.04775 F1500
G1 X103.012 Y91.795 Z0.500 E0.04775 F1500
G1 X103.974 Y91.454 Z0.500 E0.04775 F1500
G1 X104.953 Y91.164 Z0.500 E0.04775 F1500
G1 X105.946 Y90.926 Z0.500 E0.04775 F1500
G1 X106.950 Y90.740 Z0.500 E0.04775 F1500
G1 X107.962 Y90.607 Z0.500 E0.04775 F1500
G1 X108.979 Y90.527 Z0.500 E0.04775 F1500
G1 X110.000 Y90.500 Z0.500 E0.04775 F1500
G1 X111.021 Y90.527 Z0.500 E0.04775 F1500
G1 X112.038 Y90.607 Z0.500 E0.04775 F1500
G1 X113.050 Y90.740 Z0.500 E0.04775 F1500
G1 X114.054 Y90.926 Z0.500 E0.04775 F1500
G1 X115.047 Y91.164 Z0.500 E0.04775 F1500
G1 X116.026 Y91.454 Z0.500 E0.04775 F1500
G1 X116.988 Y91.795 Z0.500 E0.04775 F1500
G1 X117.931 Y92.186 Z0.500 E0.04775 F1500
G1 X118.853 Y92.625 Z0.500 E0.04775 F1500
G1 X119.750 Y93.113 Z0.500 E0.04775 F1500
G1 X120.620 Y93.646 Z0.500 E0.04775 F1500
G1 X121.462 Y94.224 Z0.500 E0.04775 F1500
G1 X122.272 Y94.846 Z0.500 E0.04775 F1500
G1 X123.048 Y95.509 Z0.500 E0.04775 F1500
G1 X123.789 Y96.211 Z0.500 E0.04775 F1500
G1 X124.491 Y96.952 Z0.500 E0.04775 F1500
G1 X125.154 Y97.728 Z0.500 E0.04775 F1500
G1 X125.776 Y98.538 Z0.500 E0.04775 F1500
G1 X126.354 Y99.380 Z0.500 E0.04775 F1500
G1 X126.887 Y100.250 Z0.500 E0.04775 F1500
G1 X127.375 Y101.147 Z0.500 E0.04775 F1500
G1 X127.814 Y102.069 Z0.500 E0.04775 F1500
G1 X128.205 Y103.012 Z0.500 E0.04775 F1500
G1 X128.546 Y103.974 Z0.500 E0.04775 F1500
G1 X128.836 Y104.953 Z0.500 E0.04775 F1500
G1 X129.074 Y105.946 Z0.500 E0.04775 F1500
G1 X129.260 Y106.950 Z0.500 E0.04775 F1500
G1 X129.393 Y107.962 Z0.500 E0.04775 F1500
G1 X129.473 Y108.979 Z0.500 E0.04775 F1500
G1 X129.500 Y110.000 Z0.500 E0.04775 F1500
G1 E-0.800 F2400
G0 X129.500 Y110.000 Z1.500 F1800
G0 X129.950 Y110.000 Z1.500 F7200
G0 X129.950 Y110.000 Z0.500 F1800
G1 E0.800 F1800
G1 X129.923 Y111.044 Z0.500 E0.04885 F1500
G1 X129.841 Y112.085 Z0.500 E0.04885 F1500
G1 X129.704 Y113.121 Z0.500 E0.04885 F1500
G1 X129.514 Y114.148 Z0.500 E0.04885 F1500
G1 X129.270 Y115.163 Z0.500 E0.04885 F1500
G1 X128.974 Y116.165 Z0.500 E0.04885 F1500
G1 X128.625 Y117.149 Z0.500 E0.04885 F1500
G1 X128.225 Y118.114 Z0.500 E0.04885 F1500
G1 X127.776 Y119.057 Z0.500 E0.04885 F1500
G1 X127.277 Y119.975 Z0.500 E0.04885 F1500
G1 X126.731 Y120.866 Z0.500 E0.04885 F1500
G1 X126.140 Y121.726 Z0.500 E0.04885 F1500
G1 X125.504 Y122.555 Z0.500 E0.04885 F1500
G1 X124.826 Y123.349 Z0.500 E0.04885 F1500
G1 X124.107 Y124.107 Z0.500 E0.04885 F1500
G1 X123.349 Y124.826 Z0.500 E0.04885 F1500
G1 X122.555 Y125.504 Z0.500 E0.04885 F1500
G1 X121.726 Y126.140 Z0.500 E0.04885 F1500
G1 X120.866 Y126.731 Z0.500 E0.04885 F1500
G1 X119.975 Y127.277 Z0.500 E0.04885 F1500
G1 X119.057 Y127.776 Z0.500 E0.04885 F1500
G1 X118.114 Y128.225 Z0.500 E0.04885 F1500
G1 X117.149 Y128.625 Z0.500 E0.04885 F1500
G1 X116.165 Y128.974 Z0.500 E0.04885 F1500
G1 X115.163 Y129.270 Z0.500 E0.04885 F1500
G1 X114.148 Y129.514 Z0.500 E0.04885 F1500
G1 X113.121 Y129.704 Z0.500 E0.04885 F1500
G1 X112.085 Y129.841 Z0.500 E0.04885 F1500
G1 X111.044 Y129.923 Z0.500 E0.04885 F1500
G1 X110.000 Y129.950 Z0.500 E0.04885 F1500
G1 X108.956 Y129.923 Z0.500 E0.04885 F1500
G1 X107.915 Y129.841 Z0.500 E0.04885 F1500
G1 X106.879 Y129.704 Z0.500 E0.04885 F1500
G1 X105.852 Y129.514 Z0.500 E0.04885 F1500
G1 X104.837 Y129.270 Z0.500 E0.04885 F1500
G1 X103.835 Y128.974 Z0.500 E0.04885 F1500
G1 X102.851 Y128.625 Z0.500 E0.04885 F1500
G1 X101.886 Y128.225 Z0.500 E0.04885 F1500
G1 X100.943 Y127.776 Z0.500 E0.04885 F1500
G1 X100.025 Y127.277 Z0.500 E0.04885 F1500
G1 X99.134 Y126.731 Z0.500 E0.04885 F1500
G1 X98.274 Y126.140 Z0.500 E0.04885 F1500
G1 X97.445 Y125.504 Z0.500 E0.04885 F1500
G1 X96.651 Y124.826 Z0.500 E0.04885 F1500
G1 X95.893 Y124.107 Z0.500 E0.04885 F1500
G1 X95.174 Y123.349 Z0.500 E0.04885 F1500
G1 X94.496 Y122.555 Z0.500 E0.04885 F1500
G1 X93.860 Y121.726 Z0.500 E0.04885 F1500
G1 X93.269 Y120.866 Z0.500 E0.04885 F1500
G1 X92.723 Y119.975 Z0.500 E0.04885 F1500
G1 X92.224 Y119.057 Z0.500 E0.04885 F1500
G1 X91.775 Y118.114 Z0.500 E0.04885 F1500
G1 X91.375 Y117.149 Z0.500 E0.04885 F1500
G1 X91.026 Y116.165 Z0.500 E0.04885 F1500
G1 X90.730 Y115.163 Z0.500 E0.04885 F1500
G1 X90.486 Y114.148 Z0.500 E0.04885 F1500
G1 X90.296 Y113.121 Z0.500 E0.04885 F1500
G1 X90.159 Y112.085 Z0.500 E0.04885 F1500
G1 X90.077 Y111.044 Z0.500 E0.04885 F1500
G1 X90.050 Y110.000 Z0.500 E0.04885 F1500
G1 X90.077 Y108.956 Z0.500 E0.04885 F1500
G1 X90.159 Y107.915 Z0.500 E0.04885 F1500
G1 X90.296 Y106.879 Z0.500 E0.04885 F1500
G1 X90.486 Y105.852 Z0.500 E0.04885 F1500
G1 X90.730 Y104.837 Z0.500 E0.04885 F1500
G1 X91.026 Y103.835 Z0.500 E0.04885 F1500
G1 X91.375 Y102.851 Z0.500 E0.04885 F1500
G1 X91.775 Y101.886 Z0.500 E0.04885 F1500
G1 X92.224 Y100.943 Z0.500 E0.04885 F1500
G1 X92.723 Y100.025 Z0.500 E0.04885 F1500
G1 X93.269 Y99.134 Z0.500 E0.04885 F1500
G1 X93.860 Y98.274 Z0.500 E0.04885 F1500
G1 X94.496 Y97.445 Z0.500 E0.04885 F1500
G1 X95.174 Y96.651 Z0.500 E0.04885 F1500
G1 X95.893 Y95.893 Z0.500 E0.04885 F1500
G1 X96.651 Y95.174 Z0.500 E0.04885 F1500
G1 X97.445 Y94.496 Z0.500 E0.04885 F1500
G1 X98.274 Y93.860 Z0.500 E0.04885 F1500
G1 X99.134 Y93.269 Z0.500 E0.04885 F1500
G1 X100.025 Y92.723 Z0.500 E0.04885 F1500
G1 X100.943 Y92.224 Z0.500 E0.04885 F1500
G1 X101.886 Y91.775 Z0.500 E0.04885 F1500
G1 X102.851 Y91.375 Z0.500 E0.04885 F1500
G1 X103.835 Y91.026 Z0.500 E0.04885 F1500
G1 X104.837 Y90.730 Z0.500 E0.04885 F1500
G1 X105.852 Y90.486 Z0.500 E0.04885 F1500
G1 X106.879 Y90.296 Z0.500 E0.04885 F1500
G1 X107.915 Y90.159 Z0.500 E0.04885 F1500
G1 X108.956 Y90.077 Z0.500 E0.04885 F1500
G1 X110.000 Y90.050 Z0.500 E0.04885 F1500
G1 X111.044 Y90.077 Z0.500 E0.04885 F1500
G1 X112.085 Y90.159 Z0.500 E0.04885 F1500
G1 X113.121 Y90.296 Z0.500 E0.04885 F1500
G1 X114.148 Y90.486 Z0.500 E0.04885 F1500
G1 X115.163 Y90.730 Z0.500 E0.04885 F1500
G1 X116.165 Y91.026 Z0.500 E0.04885 F1500
G1 X117.149 Y91.375 Z0.500 E0.04885 F1500
G1 X118.114 Y91.775 Z0.500 E0.04885 F1500
G1 X119.057 Y92.224 Z0.500 E0.04885 F1500
G1 X119.975 Y92.723 Z0.500 E0.04885 F1500
G1 X120.866 Y93.269 Z0.500 E0.04885 F1500
G1 X121.726 Y93.860 Z0.500 E0.04885 F1500
G1 X122.555 Y94.496 Z0.500 E0.04885 F1500
G1 X123.349 Y95.174 Z0.500 E0.04885 F1500
G1 X124.107 Y95.893 Z0.500 E0.04885 F1500
G1 X124.826 Y96.651 Z0.500 E0.04885 F1500
G1 X125.504 Y97.445 Z0.500 E0.04885 F1500
G1 X126.140 Y98.274 Z0.500 E0.04885 F1500
G1 X126.731 Y99.134 Z0.500 E0.04885 F1500
G1 X127.277 Y100.025 Z0.500 E0.04885 F1500
G1 X127.776 Y100.943 Z0.500 E0.04885 F1500
G1 X128.225 Y101.886 Z0.500 E0.04885 F1500
G1 X128.625 Y102.851 Z0.500 E0.04885 F1500
G1 X128.974 Y103.835 Z0.500 E0.04885 F1500
G1 X129.270 Y104.837 Z0.500 E0.04885 F1500
G1 X129.514 Y105.852 Z0.500 E0.04885 F1500
G1 X129.704 Y106.879 Z0.500 E0.04885 F1500
G1 X129.841 Y107.915 Z0.500 E0.04885 F1500
G1 X129.923 Y108.956 Z0.500 E0.04885 F1500
G1 X129.950 Y110.000 Z0.500 E0.04885 F1500
G1 E-0.800 F2400
G0 X129.950 Y110.000 Z1.500 F1800
G0 X130.400 Y110.000 Z1.500 F7200
G0 X130.400 Y110.000 Z0.500 F1800
G1 E0.800 F1800
G1 X130.372 Y111.068 Z0.500 E0.04995 F1500
G1 X130.288 Y112.132 Z0.500 E0.04995 F1500
G1 X130.149 Y113.191 Z0.500 E0.04995 F1500
G1 X129.954 Y114.241 Z0.500 E0.04995 F1500
G1 X129.705 Y115.280 Z0.500 E0.04995 F1500
G1 X129.402 Y116.304 Z0.500 E0.04995 F1500
G1 X129.045 Y117.311 Z0.500 E0.04995 F1500
G1 X128.636 Y118.297 Z0.500 E0.04995 F1500
G1 X128.177 Y119.261 Z0.500 E0.04995 F1500
G1 X127.667 Y120.200 Z0.500 E0.04995 F1500
G1 X127.109 Y121.111 Z0.500 E0.04995 F1500
G1 X126.504 Y121.991 Z0.500 E0.04995 F1500
G1 X125.854 Y122.838 Z0.500 E0.04995 F1500
G1 X125.160 Y123.650 Z0.500 E0.04995 F1500
G1 X124.425 Y124.425 Z0.500 E0.04995 F1500
G1 X123.650 Y125.160 Z0.500 E0.04995 F1500
G1 X122.838 Y125.854 Z0.500 E0.04995 F1500
G1 X121.991 Y126.504 Z0.500 E0.04995 F1500
G1 X121.111 Y127.109 Z0.500 E0.04995 F1500
G1 X120.200 Y127.667 Z0.500 E0.04995 F1500
G1 X119.261 Y128.177 Z0.500 E0.04995 F1500
G1 X118.297 Y128.636 Z0.500 E0.04995 F1500
G1 X117.311 Y129.045 Z0.500 E0.04995 F1500
G1 X116.304 Y129.402 Z0.500 E0.04995 F1500
G1 X115.280 Y129.705 Z0.500 E0.04995 F1500
G1 X114.241 Y129.954 Z0.500 E0.04995 F1500
G1 X113.191 Y130.149 Z0.500 E0.04995 F1500
G1 X112.132 Y130.288 Z0.500 E0.04995 F1500
G1 X111.068 Y130.372 Z0.500 E0.04995 F1500
G1 X110.000 Y130.400 Z0.500 E0.04995 F1500
G1 X108.932 Y130.372 Z0.500 E0.04995 F1500
G1 X107.868 Y130.288 Z0.500 E0.04995 F1500
G1 X106.809 Y130.149 Z0.500 E0.04995 F1500
G1 X105.759 Y129.954 Z0.500 E0.04995 F1500
G1 X104.720 Y129.705 Z0.500 E0.04995 F1500
G1 X103.696 Y129.402 Z0.500 E0.04995 F1500
G1 X102.689 Y129.045 Z0.500 E0.04995 F1500
G1 X101.703 Y128.636 Z0.500 E0.04995 F1500
G1 X100.739 Y128.177 Z0.500 E0.04995 F1500
G1 X99.800 Y127.667 Z0.500 E0.04995 F1500
G1 X98.889 Y127.109 Z0.500 E0.04995 F1500
G1 X98.009 Y126.504 Z0.500 E0.04995 F1500
G1 X97.162 Y125.854 Z0.500 E0.04995 F1500
G1 X96.350 Y125.160 Z0.500 E0.04995 F1500
G1 X95.575 Y124.425 Z0.500 E0.04995 F1500
G1 X94.840 Y123.650 Z0.500 E0.04995 F1500
G1 X94.146 Y122.838 Z0.500 E0.04995 F1500
G1 X93.496 Y121.991 Z0.500 E0.04995 F1500
G1 X92.891 Y121.111 Z0.500 E0.04995 F1500
G1 X92.333 Y120.200 Z0.500 E0.04995 F1500
G1 X91.823 Y119.261 Z0.500 E0.04995 F1500
G1 X91.364 Y118.297 Z0.500 E0.04995 F1500
G1 X90.955 Y117.311 Z0.500 E0.04995 F1500
G1 X90.598 Y116.304 Z0.500 E0.04995 F1500
G1 X90.295 Y115.280 Z0.500 E0.04995 F1500
G1 X90.046 Y114.241 Z0.500 E0.04995 F1500
G1 X89.851 Y113.191 Z0.500 E0.04995 F1500
G1 X89.712 Y112.132 Z0.500 E0.04995 F1500
G1 X89.628 Y111.068 Z0.500 E0.04995 F1500
G1 X89.600 Y110.000 Z0.500 E0.04995 F1500
G1 X89.628 Y108.932 Z0.500 E0.04995 F1500
G1 X89.712 Y107.868 Z0.500 E0.04995 F1500
G1 X89.851 Y106.809 Z0.500 E0.04995 F1500
G1 X90.046 Y105.759 Z0.500 E0.04995 F1500
G1 X90.295 Y104.720 Z0.500 E0.04995 F1500
G1 X90.598 Y103.696 Z0.500 E0.04995 F1500
G1 X90.955 Y102.689 Z0.500 E0.04995 F1500
G1 X91.364 Y101.703 Z0.500 E0.04995 F1500
G1 X91.823 Y100.739 Z0.500 E0.04995 F1500
G1 X92.333 Y99.800 Z0.500 E0.04995 F1500
G1 X92.891 Y98.889 Z0.500 E0.04995 F1500
G1 X93.496 Y98.009 Z0.500 E0.04995 F1500
G1 X94.146 Y97.162 Z0.500 E0.04995 F1500
G1 X94.840 Y96.350 Z0.500 E0.04995 F1500
G1 X95.575 Y95.575 Z0.500 E0.04995 F1500
G1 X96.350 Y94.840 Z0.500 E0.04995 F1500
G1 X97.162 Y94.146 Z0.500 E0.04995 F1500
G1 X98.009 Y93.496 Z0.500 E0.04995 F1500
G1 X98.889 Y92.891 Z0.500 E0.04995 F1500
G1 X99.800 Y92.333 Z0.500 E0.04995 F1500
G1 X100.739 Y91.823 Z0.500 E0.04995 F1500
G1 X101.703 Y91.364 Z0.500 E0.04995 F1500
G1 X102.689 Y90.955 Z0.500 E0.04995 F1500
G1 X103.696 Y90.598 Z0.500 E0.04995 F1500
G1 X104.720 Y90.295 Z0.500 E0.04995 F1500
G1 X105.759 Y90.046 Z0.500 E0.04995 F1500
G1 X106.809 Y89.851 Z0.500 E0.04995 F1500
G1 X107.868 Y89.712 Z0.500 E0.04995 F1500
G1 X108.932 Y89.628 Z0.500 E0.04995 F1500
G1 X110.000 Y89.600 Z0.500 E0.04995 F1500
G1 X111.068 Y89.628 Z0.500 E0.04995 F1500
G1 X112.132 Y89.712 Z0.500 E0.04995 F1500
G1 X113.191 Y89.851 Z0.500 E0.04995 F1500
G1 X114.241 Y90.046 Z0.500 E0.04995 F1500
G1 X115.280 Y90.295 Z0.500 E0.04995 F1500
G1 X116.304 Y90.598 Z0.500 E0.04995 F1500
G1 X117.311 Y90.955 Z0.500 E0.04995 F1500
G1 X118.297 Y91.364 Z0.500 E0.04995 F1500
G1 X119.261 Y91.823 Z0.500 E0.04995 F1500
G1 X120.200 Y92.333 Z0.500 E0.04995 F1500
G1 X121.111 Y92.891 Z0.500 E0.04995 F1500
G1 X121.991 Y93.496 Z0.500 E0.04995 F1500
G1 X122.838 Y94.146 Z0.500 E0.04995 F1500
G1 X123.650 Y94.840 Z0.500 E0.04995 F1500
G1 X124.425 Y95.575 Z0.500 E0.04995 F1500
G1 X125.160 Y96.350 Z0.500 E0.04995 F1500
G1 X125.854 Y97.162 Z0.500 E0.04995 F1500
G1 X126.504 Y98.009 Z0.500 E0.04995 F1500
G1 X127.109 Y98.889 Z0.500 E0.04995 F1500
G1 X127.667 Y99.800 Z0.500 E0.04995 F1500
G1 X128.177 Y100.739 Z0.500 E0.04995 F1500
G1 X128.636 Y101.703 Z0.500 E0.04995 F1500
G1 X129.045 Y102.689 Z0.500 E0.04995 F1500
G1 X129.402 Y103.696 Z0.500 E0.04995 F1500
G1 X129.705 Y104.720 Z0.500 E0.04995 F1500
G1 X129.954 Y105.759 Z0.500 E0.04995 F1500
G1 X130.149 Y106.809 Z0.500 E0.04995 F1500
G1 X130.288 Y107.868 Z0.500 E0.04995 F1500
G1 X130.372 Y108.932 Z0.500 E0.04995 F1500
G1 X130.400 Y110.000 Z0.500 E0.04995 F1500
G1 E-0.800 F2400
G0 X130.400 Y110.000 Z1.500 F1800
G0 X130.850 Y110.000 Z1.500 F7200
G0 X130.850 Y110.000 Z0.500 F1800
G1 E0.800 F1800
G1 X130.821 Y111.091 Z0.500 E0.05106 F1500
G1 X130.736 Y112.179 Z0.500 E0.05106 F1500
G1 X130.593 Y113.262 Z0.500 E0.05106 F1500
G1 X130.394 Y114.335 Z0.500 E0.05106 F1500
G1 X130.140 Y115.396 Z0.500 E0.05106 F1500
G1 X129.830 Y116.443 Z0.500 E0.05106 F1500
G1 X129.465 Y117.472 Z0.500 E0.05106 F1500
G1 X129.047 Y118.480 Z0.500 E0.05106 F1500
G1 X128.577 Y119.466 Z0.500 E0.05106 F1500
G1 X128.057 Y120.425 Z0.500 E0.05106 F1500
G1 X127.486 Y121.356 Z0.500 E0.05106 F1500
G1 X126.868 Y122.255 Z0.500 E0.05106 F1500
G1 X126.203 Y123.121 Z0.500 E0.05106 F1500
G1 X125.495 Y123.951 Z0.500 E0.05106 F1500
G1 X124.743 Y124.743 Z0.500 E0.05106 F1500
G1 X123.951 Y125.495 Z0.500 E0.05106 F1500
G1 X123.121 Y126.203 Z0.500 E0.05106 F1500
G1 X122.255 Y126.868 Z0.500 E0.05106 F1500
G1 X121.356 Y127.486 Z0.500 E0.05106 F1500
G1 X120.425 Y128.057 Z0.500 E0.05106 F1500
G1 X119.466 Y128.577 Z0.500 E0.05106 F1500
G1 X118.480 Y129.047 Z0.500 E0.05106 F1500
G1 X117.472 Y129.465 Z0.500 E0.05106 F1500
G1 X116.443 Y129.830 Z0.500 E0.05106 F1500
G1 X115.396 Y130.140 Z0.500 E0.05106 F1500
G1 X114.335 Y130.394 Z0.500 E0.05106 F1500
G1 X113.262 Y130.593 Z0.500 E0.05106 F1500
G1 X112.179 Y130.736 Z0.500 E0.05106 F1500
G1 X111.091 Y130.821 Z0.500 E0.05106 F1500
G1 X110.000 Y130.850 Z0.500 E0.05106 F1500
G1 X108.909 Y130.821 Z0.500 E0.05106 F1500
G1 X107.821 Y130.736 Z0.500 E0.05106 F1500
G1 X106.738 Y130.593 Z0.500 E0.05106 F1500
G1 X105.665 Y130.394 Z0.500 E0.05106 F1500
G1 X104.604 Y130.140 Z0.500 E0.05106 F1500
G1 X103.557 Y129.830 Z0.500 E0.05106 F1500
G1 X102.528 Y129.465 Z0.500 E0.05106 F1500
G1 X101.520 Y129.047 Z0.500 E0.05106 F1500
G1 X100.534 Y128.577 Z0.500 E0.05106 F1500
G1 X99.575 Y128.057 Z0.500 E0.05106 F1500
G1 X98.644 Y127.486 Z0.500 E0.05106 F1500
G1 X97.745 Y126.868 Z0.500 E0.05106 F1500
G1 X96.879 Y126.203 Z0.500 E0.05106 F1500
G1 X96.049 Y125.495 Z0.500 E0.05106 F1500
G1 X95.257 Y124.743 Z0.500 E0.05106 F1500
G1 X94.505 Y123.951 Z0.500 E0.05106 F1500
G1 X93.797 Y123.121 Z0.500 E0.05106 F1500
G1 X93.132 Y122.255 Z0.500 E0.05106 F1500
G1 X92.514 Y121.356 Z0.500 E0.05106 F1500
G1 X91.943 Y120.425 Z0.500 E0.05106 F1500
G1 X91.423 Y119.466 Z0.500 E0.05106 F1500
G1 X90.953 Y118.480 Z0.500 E0.05106 F1500
G1 X90.535 Y117.472 Z0.500 E0.05106 F1500
G1 X90.170 Y116.443 Z0.500 E0.05106 F1500
G1 X89.860 Y115.396 Z0.500 E0.05106 F1500
G1 X89.606 Y114.335 Z0.500 E0.05106 F1500
G1 X89.407 Y113.262 Z0.500 E0.05106 F1500
G1 X89.264 Y112.179 Z0.500 E0.05106 F1500
G1 X89.179 Y111.091 Z0.500 E0.05106 F1500
G1 X89.150 Y110.000 Z0.500 E0.05106 F1500
G1 X89.179 Y108.909 Z0.500 E0.05106 F1500
G1 X89.264 Y107.821 Z0.500 E0.05106 F1500
G1 X89.407 Y106.738 Z0.500 E0.05106 F1500
G1 X89.606 Y105.665 Z0.500 E0.05106 F1500
G1 X89.860 Y104.604 Z0.500 E0.05106 F1500
G1 X90.170 Y103.557 Z0.500 E0.05106 F1500
G1 X90.535 Y102.528 Z0.500 E0.05106 F1500
G1 X90.953 Y101.520 Z0.500 E0.05106 F1500
G1 X91.423 Y100.534 Z0.500 E0.05106 F1500
G1 X91.943 Y99.575 Z0.500 E0.05106 F1500
G1 X92.514 Y98.644 Z0.500 E0.05106 F1500
G1 X93.132 Y97.745 Z0.500 E0.05106 F1500
G1 X93.797 Y96.879 Z0.500 E0.05106 F1500
G1 X94.505 Y96.049 Z0.500 E0.05106 F1500
G1 X95.257 Y95.257 Z0.500 E0.05106 F1500
G1 X96.049 Y94.505 Z0.500 E0.05106 F1500
G1 X96.879 Y93.797 Z0.500 E0.05106 F1500
G1 X97.745 Y93.132 Z0.500 E0.05106 F1500
G1 X98.644 Y92.514 Z0.500 E0.05106 F1500
G1 X99.575 Y91.943 Z0.500 E0.05106 F1500
G1 X100.534 Y91.423 Z0.500 E0.05106 F1500
G1 X101.520 Y90.953 Z0.500 E0.05106 F1500
G1 X102.528 Y90.535 Z0.500 E0.05106 F1500
G1 X103.557 Y90.170 Z0.500 E0.05106 F1500
G1 X104.604 Y89.860 Z0.500 E0.05106 F1500
G1 X105.665 Y89.606 Z0.500 E0.05106 F1500
G1 X106.738 Y89.407 Z0.500 E0.05106 F1500
G1 X107.821 Y89.264 Z0.500 E0.05106 F1500
G1 X108.909 Y89.179 Z0.500 E0.05106 F1500
G1 X110.000 Y89.150 Z0.500 E0.05106 F1500
G1 X111.091 Y89.179 Z0.500 E0.05106 F1500
G1 X112.179 Y89.264 Z0.500 E0.05106 F1500
G1 X113.262 Y89.407 Z0.500 E0.05106 F1500
G1 X114.335 Y89.606 Z0.500 E0.05106 F1500
G1 X115.396 Y89.860 Z0.500 E0.05106 F1500
G1 X116.443 Y90.170 Z0.500 E0.05106 F1500
G1 X117.472 Y90.535 Z0.500 E0.05106 F1500
G1 X118.480 Y90.953 Z0.500 E0.05106 F1500
G1 X119.466 Y91.423 Z0.500 E0.05106 F1500
G1 X120.425 Y91.943 Z0.500 E0.05106 F1500
G1 X121.356 Y92.514 Z0.500 E0.05106 F1500
G1 X122.255 Y93.132 Z0.500 E0.05106 F1500
G1 X123.121 Y93.797 Z0.500 E0.05106 F1500
G1 X123.951 Y94.505 Z0.500 E0.05106 F1500
G1 X124.743 Y95.257 Z0.500 E0.05106 F1500
G1 X125.495 Y96.049 Z0.500 E0.05106 F1500
G1 X126.203 Y96.879 Z0.500 E0.05106 F1500
G1 X126.868 Y97.745 Z0.500 E0.05106 F1500
G1 X127.486 Y98.644 Z0.500 E0.05106 F1500
G1 X128.057 Y99.575 Z0.500 E0.05106 F1500
G1 X128.577 Y100.534 Z0.500 E0.05106 F1500
G1 X129.047 Y101.520 Z0.500 E0.05106 F1500
G1 X129.465 Y102.528 Z0.500 E0.05106 F1500
G1 X129.830 Y103.557 Z0.500 E0.05106 F1500
G1 X130.140 Y104.604 Z0.500 E0.05106 F1500
G1 X130.394 Y105.665 Z0.500 E0.05106 F1500
G1 X130.593 Y106.738 Z0.500 E0.05106 F1500
G1 X130.736 Y107.821 Z0.500 E0.05106 F1500
G1 X130.821 Y108.909 Z0.500 E0.05106 F1500
G1 X130.850 Y110.000 Z0.500 E0.05106 F1500
G1 E-0.800 F2400
G0 X130.850 Y110.000 Z1.500 F1800
G0 X131.300 Y110.000 Z1.500 F7200
G0 X131.300 Y110.000 Z0.500 F1800
G1 E0.800 F1800
G1 X131.271 Y111.115 Z0.500 E0.05216 F1500
G1 X131.183 Y112.226 Z0.500 E0.05216 F1500
G1 X131.038 Y113.332 Z0.500 E0.05216 F1500
G1 X130.835 Y114.429 Z0.500 E0.05216 F1500
G1 X130.574 Y115.513 Z0.500 E0.05216 F1500
G1 X130.258 Y116.582 Z0.500 E0.05216 F1500
G1 X129.885 Y117.633 Z0.500 E0.05216 F1500
G1 X129.459 Y118.663 Z0.500 E0.05216 F1500
G1 X128.978 Y119.670 Z0.500 E0.05216 F1500
G1 X128.446 Y120.650 Z0.500 E0.05216 F1500
G1 X127.864 Y121.601 Z0.500 E0.05216 F1500
G1 X127.232 Y122.520 Z0.500 E0.05216 F1500
G1 X126.553 Y123.405 Z0.500 E0.05216 F1500
G1 X125.829 Y124.252 Z0.500 E0.05216 F1500
G1 X125.061 Y125.061 Z0.500 E0.05216 F1500
G1 X124.252 Y125.829 Z0.500 E0.05216 F1500
G1 X123.405 Y126.553 Z0.500 E0.05216 F1500
G1 X122.520 Y127.232 Z0.500 E0.05216 F1500
G1 X121.601 Y127.864 Z0.500 E0.05216 F1500
G1 X120.650 Y128.446 Z0.500 E0.05216 F1500
G1 X119.670 Y128.978 Z0.500 E0.05216 F1500
G1 X118.663 Y129.459 Z0.500 E0.05216 F1500
G1 X117.633 Y129.885 Z0.500 E0.05216 F1500
G1 X116.582 Y130.258 Z0.500 E0.05216 F1500
G1 X115.513 Y130.574 Z0.500 E0.05216 F1500
G1 X114.429 Y130.835 Z0.500 E0.05216 F1500
G1 X113.332 Y131.038 Z0.500 E0.05216 F1500
G1 X112.226 Y131.183 Z0.500 E0.05216 F1500
G1 X111.115 Y131.271 Z0.500 E0.05216 F1500
G1 X110.000 Y131.300 Z0.500 E0.05216 F1500
G1 X108.885 Y131.271 Z0.500 E0.05216 F1500
G1 X107.774 Y131.183 Z0.500 E0.05216 F1500
G1 X106.668 Y131.038 Z0.500 E0.05216 F1500
G1 X105.571 Y130.835 Z0.500 E0.05216 F1500
G1 X104.487 Y130.574 Z0.500 E0.05216 F1500
G1 X103.418 Y130.258 Z0.500 E0.05216 F1500
G1 X102.367 Y129.885 Z0.500 E0.05216 F1500
G1 X101.337 Y129.459 Z0.500 E0.05216 F1500
G1 X100.330 Y128.978 Z0.500 E0.05216 F1500
G1 X99.350 Y128.446 Z0.500 E0.05216 F1500
G1 X98.399 Y127.864 Z0.500 E0.05216 F1500
G1 X97.480 Y127.232 Z0.500 E0.05216 F1500
G1 X96.595 Y126.553 Z0.500 E0.05216 F1500
G1 X95.748 Y125.829 Z0.500 E0.05216 F1500
G1 X94.939 Y125.061 Z0.500 E0.05216 F1500
G1 X94.171 Y124.252 Z0.500 E0.05216 F1500
G1 X93.447 Y123.405 Z0.500 E0.05216 F1500
G1 X92.768 Y122.520 Z0.500 E0.05216 F1500
G1 X92.136 Y121.601 Z0.500 E0.05216 F1500
G1 X91.554 Y120.650 Z0.500 E0.05216 F1500
G1 X91.022 Y119.670 Z0.500 E0.05216 F1500
G1 X90.541 Y118.663 Z0.500 E0.05216 F1500
G1 X90.115 Y117.633 Z0.500 E0.05216 F1500
G1 X89.742 Y116.582 Z0.500 E0.05216 F1500
G1 X89.426 Y115.513 Z0.500 E0.05216 F1500
G1 X89.165 Y114.429 Z0.500 E0.05216 F1500
G1 X88.962 Y113.332 Z0.500 E0.05216 F1500
G1 X88.817 Y112.226 Z0.500 E0.05216 F1500
G1 X88.729 Y111.115 Z0.500 E0.05216 F1500
G1 X88.700 Y110.000 Z0.500 E0.05216 F1500
G1 X88.729 Y108.885 Z0.500 E0.05216 F1500
G1 X88.817 Y107.774 Z0.500 E0.05216 F1500
G1 X88.962 Y106.668 Z0.500 E0.05216 F1500
G1 X89.165 Y105.571 Z0.500 E0.05216 F1500
G1 X89.426 Y104.487 Z0.500 E0.05216 F1500
G1 X89.742 Y103.418 Z0.500 E0.05216 F1500
G1 X90.115 Y102.367 Z0.500 E0.05216 F1500
G1 X90.541 Y101.337 Z0.500 E0.05216 F1500
G1 X91.022 Y100.330 Z0.500 E0.05216 F1500
G1 X91.554 Y99.350 Z0.500 E0.05216 F1500
G1 X92.136 Y98.399 Z0.500 E0.05216 F1500
G1 X92.768 Y97.480 Z0.500 E0.05216 F1500
G1 X93.447 Y96.595 Z0.500 E0.05216 F1500
G1 X94.171 Y95.748 Z0.500 E0.05216 F1500
G1 X94.939 Y94.939 Z0.500 E0.05216 F1500
G1 X95.748 Y94.171 Z0.500 E0.05216 F1500
G1 X96.595 Y93.447 Z0.500 E0.05216 F1500
G1 X97.480 Y92.768 Z0.500 E0.05216 F1500
G1 X98.399 Y92.136 Z0.500 E0.05216 F1500
G1 X99.350 Y91.554 Z0.500 E0.05216 F1500
G1 X100.330 Y91.022 Z0.500 E0.05216 F1500
G1 X101.337 Y90.541 Z0.500 E0.05216 F1500
G1 X102.367 Y90.115 Z0.500 E0.05216 F1500
G1 X103.418 Y89.742 Z0.500 E0.05216 F1500
G1 X104.487 Y89.426 Z0.500 E0.05216 F1500
G1 X105.571 Y89.165 Z0.500 E0.05216 F1500
G1 X106.668 Y88.962 Z0.500 E0.05216 F1500
G1 X107.774 Y88.817 Z0.500 E0.05216 F1500
G1 X108.885 Y88.729 Z0.500 E0.05216 F1500
G1 X110.000 Y88.700 Z0.500 E0.05216 F1500
G1 X111.115 Y88.729 Z0.500 E0.05216 F1500
G1 X112.226 Y88.817 Z0.500 E0.05216 F1500
G1 X113.332 Y88.962 Z0.500 E0.05216 F1500
G1 X114.429 Y89.165 Z0.500 E0.05216 F1500
G1 X115.513 Y89.426 Z0.500 E0.05216 F1500
G1 X116.582 Y89.742 Z0.500 E0.05216 F1500
G1 X117.633 Y90.115 Z0.500 E0.05216 F1500
G1 X118.663 Y90.541 Z0.500 E0.05216 F1500
G1 X119.670 Y91.022 Z0.500 E0.05216 F1500
G1 X120.650 Y91.554 Z0.500 E0.05216 F1500
G1 X121.601 Y92.136 Z0.500 E0.05216 F1500
G1 X122.520 Y92.768 Z0.500 E0.05216 F1500
G1 X123.405 Y93.447 Z0.500 E0.05216 F1500
G1 X124.252 Y94.171 Z0.500 E0.05216 F1500
G1 X125.061 Y94.939 Z0.500 E0.05216 F1500
G1 X125.829 Y95.748 Z0.500 E0.05216 F1500
G1 X126.553 Y96.595 Z0.500 E0.05216 F1500
G1 X127.232 Y97.480 Z0.500 E0.05216 F1500
G1 X127.864 Y98.399 Z0.500 E0.05216 F1500
G1 X128.446 Y99.350 Z0.500 E0.05216 F1500
G1 X128.978 Y100.330 Z0.500 E0.05216 F1500
G1 X129.459 Y101.337 Z0.500 E0.05216 F1500
G1 X129.885 Y102.367 Z0.500 E0.05216 F1500
G1 X130.258 Y103.418 Z0.500 E0.05216 F1500
G1 X130.574 Y104.487 Z0.500 E0.05216 F1500
G1 X130.835 Y105.571 Z0.500 E0.05216 F1500
G1 X131.038 Y106.668 Z0.500 E0.05216 F1500
G1 X131.183 Y107.774 Z0.500 E0.05216 F1500
G1 X131.271 Y108.885 Z0.500 E0.05216 F1500
G1 X131.300 Y110.000 Z0.500 E0.05216 F1500
G1 E-0.800 F2400
G0 X131.300 Y110.000 Z1.500 F1800
G0 X131.750 Y110.000 Z1.500 F7200
G0 X131.750 Y110.000 Z0.500 F1800
G1 E0.800 F1800
G1 X131.720 Y111.138 Z0.500 E0.05326 F1500
G1 X131.631 Y112.273 Z0.500 E0.05326 F1500
G1 X131.482 Y113.402 Z0.500 E0.05326 F1500
G1 X131.275 Y114.522 Z0.500 E0.05326 F1500
G1 X131.009 Y115.629 Z0.500 E0.05326 F1500
G1 X130.685 Y116.721 Z0.500 E0.05326 F1500
G1 X130.305 Y117.795 Z0.500 E0.05326 F1500
G1 X129.870 Y118.847 Z0.500 E0.05326 F1500
G1 X129.379 Y119.874 Z0.500 E0.05326 F1500
G1 X128.836 Y120.875 Z0.500 E0.05326 F1500
G1 X128.241 Y121.846 Z0.500 E0.05326 F1500
G1 X127.596 Y122.784 Z0.500 E0.05326 F1500
G1 X126.903 Y123.688 Z0.500 E0.05326 F1500
G1 X126.163 Y124.554 Z0.500 E0.05326 F1500
G1 X125.380 Y125.380 Z0.500 E0.05326 F1500
G1 X124.554 Y126.163 Z0.500 E0.05326 F1500
G1 X123.688 Y126.903 Z0.500 E0.05326 F1500
G1 X122.784 Y127.596 Z0.500 E0.05326 F1500
G1 X121.846 Y128.241 Z0.500 E0.05326 F1500
G1 X120.875 Y128.836 Z0.500 E0.05326 F1500
G1 X119.874 Y129.379 Z0.500 E0.05326 F1500
G1 X118.847 Y129.870 Z0.500 E0.05326 F1500
G1 X117.795 Y130.305 Z0.500 E0.05326 F1500
G1 X116.721 Y130.685 Z0.500 E0.05326 F1500
G1 X115.629 Y131.009 Z0.500 E0.05326 F1500
G1 X114.522 Y131.275 Z0.500 E0.05326 F1500
G1 X113.402 Y131.482 Z0.500 E0.05326 F1500
G1 X112.273 Y131.631 Z0.500 E0.05326 F1500
G1 X111.138 Y131.720 Z0.500 E0.05326 F1500
G1 X110.000 Y131.750 Z0.500 E0.05326 F1500
G1 X108.862 Y131.720 Z0.500 E0.05326 F1500
G1 X107.727 Y131.631 Z0.500 E0.05326 F1500
G1 X106.598 Y131.482 Z0.500 E0.05326 F1500
G1 X105.478 Y131.275 Z0.500 E0.05326 F1500
G1 X104.371 Y131.009 Z0.500 E0.05326 F1500
G1 X103.279 Y130.685 Z0.500 E0.05326 F1500
G1 X102.205 Y130.305 Z0.500 E0.05326 F1500
G1 X101.153 Y129.870 Z0.500 E0.05326 F1500
G1 X100.126 Y129.379 Z0.500 E0.05326 F1500
G1 X99.125 Y128.836 Z0.500 E0.05326 F1500
G1 X98.154 Y128.241 Z0.500 E0.05326 F1500
G1 X97.216 Y127.596 Z0.500 E0.05326 F1500
G1 X96.312 Y126.903 Z0.500 E0.05326 F1500
G1 X95.446 Y126.163 Z0.500 E0.05326 F1500
G1 X94.620 Y125.380 Z0.500 E0.05326 F1500
G1 X93.837 Y124.554 Z0.500 E0.05326 F1500
G1 X93.097 Y123.688 Z0.500 E0.05326 F1500
G1 X92.404 Y122.784 Z0.500 E0.05326 F1500
G1 X91.759 Y121.846 Z0.500 E0.05326 F1500
G1 X91.164 Y120.875 Z0.500 E0.05326 F1500
G1 X90.621 Y119.874 Z0.500 E0.05326 F1500
G1 X90.130 Y118.847 Z0.500 E0.05326 F1500
G1 X89.695 Y117.795 Z0.500 E0.05326 F1500
G1 X89.315 Y116.721 Z0.500 E0.05326 F1500
G1 X88.991 Y115.629 Z0.500 E0.05326 F1500
G1 X88.725 Y114.522 Z0.500 E0.05326 F1500
G1 X88.518 Y113.402 Z0.500 E0.05326 F1500
G1 X88.369 Y112.273 Z0.500 E0.05326 F1500
G1 X88.280 Y111.138 Z0.500 E0.05326 F1500
G1 X88.250 Y110.000 Z0.500 E0.05326 F1500
G1 X88.280 Y108.862 Z0.500 E0.05326 F1500
G1 X88.369 Y107.727 Z0.500 E0.05326 F1500
G1 X88.518 Y106.598 Z0.500 E0.05326 F1500
G1 X88.725 Y105.478 Z0.500 E0.05326 F1500
G1 X88.991 Y104.371 Z0.500 E0.05326 F1500
G1 X89.315 Y103.279 Z0.500 E0.05326 F1500
G1 X89.695 Y102.205 Z0.500 E0.05326 F1500
G1 X90.130 Y101.153 Z0.500 E0.05326 F1500
G1 X90.621 Y100.126 Z0.500 E0.05326 F1500
G1 X91.164 Y99.125 Z0.500 E0.05326 F1500
G1 X91.759 Y98.154 Z0.500 E0.05326 F1500
G1 X92.404 Y97.216 Z0.500 E0.05326 F1500
G1 X93.097 Y96.312 Z0.500 E0.05326 F1500
G1 X93.837 Y95.446 Z0.500 E0.05326 F1500
G1 X94.620 Y94.620 Z0.500 E0.05326 F1500
G1 X95.446 Y93.837 Z0.500 E0.05326 F1500
G1 X96.312 Y93.097 Z0.500 E0.05326 F1500
G1 X97.216 Y92.404 Z0.500 E0.05326 F1500
G1 X98.154 Y91.759 Z0.500 E0.05326 F1500
G1 X99.125 Y91.164 Z0.500 E0.05326 F1500
G1 X100.126 Y90.621 Z0.500 E0.05326 F1500
G1 X101.153 Y90.130 Z0.500 E0.05326 F1500
G1 X102.205 Y89.695 Z0.500 E0.05326 F1500
G1 X103.279 Y89.315 Z0.500 E0.05326 F1500
G1 X104.371 Y88.991 Z0.500 E0.05326 F1500
G1 X105.478 Y88.725 Z0.500 E0.05326 F1500
G1 X106.598 Y88.518 Z0.500 E0.05326 F1500
G1 X107.727 Y88.369 Z0.500 E0.05326 F1500
G1 X108.862 Y88.280 Z0.500 E0.05326 F1500
G1 X110.000 Y88.250 Z0.500 E0.05326 F1500
G1 X111.138 Y88.280 Z0.500 E0.05326 F1500
G1 X112.273 Y88.369 Z0.500 E0.05326 F1500
G1 X113.402 Y88.518 Z0.500 E0.05326 F1500
G1 X114.522 Y88.725 Z0.500 E0.05326 F1500
G1 X115.629 Y88.991 Z0.500 E0.05326 F1500
G1 X116.721 Y89.315 Z0.500 E0.05326 F1500
G1 X117.795 Y89.695 Z0.500 E0.05326 F1500
G1 X118.847 Y90.130 Z0.500 E0.05326 F1500
G1 X119.874 Y90.621 Z0.500 E0.05326 F1500
G1 X120.875 Y91.164 Z0.500 E0.05326 F1500
G1 X121.846 Y91.759 Z0.500 E0.05326 F1500
G1 X122.784 Y92.404 Z0.500 E0.05326 F1500
G1 X123.688 Y93.097 Z0.500 E0.05326 F1500
G1 X124.554 Y93.837 Z0.500 E0.05326 F1500
G1 X125.380 Y94.620 Z0.500 E0.05326 F1500
G1 X126.163 Y95.446 Z0.500 E0.05326 F1500
G1 X126.903 Y96.312 Z0.500 E0.05326 F1500
G1 X127.596 Y97.216 Z0.500 E0.05326 F1500
G1 X128.241 Y98.154 Z0.500 E0.05326 F1500
G1 X128.836 Y99.125 Z0.500 E0.05326 F1500
G1 X129.379 Y100.126 Z0.500 E0.05326 F1500
G1 X129.870 Y101.153 Z0.500 E0.05326 F1500
G1 X130.305 Y102.205 Z0.500 E0.05326 F1500
G1 X130.685 Y103.279 Z0.500 E0.05326 F1500
G1 X131.009 Y104.371 Z0.500 E0.05326 F1500
G1 X131.275 Y105.478 Z0.500 E0.05326 F1500
G1 X131.482 Y106.598 Z0.500 E0.05326 F1500
G1 X131.631 Y107.727 Z0.500 E0.05326 F1500
G1 X131.720 Y108.862 Z0.500 E0.05326 F1500
G1 X131.750 Y110.000 Z0.500 E0.05326 F1500
G1 E-0.800 F2400
G0 X131.750 Y110.000 Z1.500 F1800
G0 X132.200 Y110.000 Z1.500 F7200
G0 X132.200 Y110.000 Z0.500 F1800
G1 E0.800 F1800
G1 X132.170 Y111.162 Z0.500 E0.05436 F1500
G1 X132.078 Y112.321 Z0.500 E0.05436 F1500
G1 X131.927 Y113.473 Z0.500 E0.05436 F1500
G1 X131.715 Y114.616 Z0.500 E0.05436 F1500
G1 X131.444 Y115.746 Z0.500 E0.05436 F1500
G1 X131.113 Y116.860 Z0.500 E0.05436 F1500
G1 X130.725 Y117.956 Z0.500 E0.05436 F1500
G1 X130.281 Y119.030 Z0.500 E0.05436 F1500
G1 X129.780 Y120.079 Z0.500 E0.05436 F1500
G1 X129.226 Y121.100 Z0.500 E0.05436 F1500
G1 X128.618 Y122.091 Z0.500 E0.05436 F1500
G1 X127.960 Y123.049 Z0.500 E0.05436 F1500
G1 X127.253 Y123.971 Z0.500 E0.05436 F1500
G1 X126.498 Y124.855 Z0.500 E0.05436 F1500
G1 X125.698 Y125.698 Z0.500 E0.05436 F1500
G1 X124.855 Y126.498 Z0.500 E0.05436 F1500
G1 X123.971 Y127.253 Z0.500 E0.05436 F1500
G1 X123.049 Y127.960 Z0.500 E0.05436 F1500
G1 X122.091 Y128.618 Z0.500 E0.05436 F1500
G1 X121.100 Y129.226 Z0.500 E0.05436 F1500
G1 X120.079 Y129.780 Z0.500 E0.05436 F1500
G1 X119.030 Y130.281 Z0.500 E0.05436 F1500
G1 X117.956 Y130.725 Z0.500 E0.05436 F1500
G1 X116.860 Y131.113 Z0.500 E0.05436 F1500
G1 X115.746 Y131.444 Z0.500 E0.05436 F1500
G1 X114.616 Y131.715 Z0.500 E0.05436 F1500
G1 X113.473 Y131.927 Z0.500 E0.05436 F1500
G1 X112.321 Y132.078 Z0.500 E0.05436 F1500
G1 X111.162 Y132.170 Z0.500 E0.05436 F1500
G1 X110.000 Y132.200 Z0.500 E0.05436 F1500
G1 X108.838 Y132.170 Z0.500 E0.05436 F1500
G1 X107.679 Y132.078 Z0.500 E0.05436 F1500
G1 X106.527 Y131.927 Z0.500 E0.05436 F1500
G1 X105.384 Y131.715 Z0.500 E0.05436 F1500
G1 X104.254 Y131.444 Z0.500 E0.05436 F1500
G1 X103.140 Y131.113 Z0.500 E0.05436 F1500
G1 X102.044 Y130.725 Z0.500 E0.05436 F1500
G1 X100.970 Y130.281 Z0.500 E0.05436 F1500
G1 X99.921 Y129.780 Z0.500 E0.05436 F1500
G1 X98.900 Y129.226 Z0.500 E0.05436 F1500
G1 X97.909 Y128.618 Z0.500 E0.05436 F1500
G1 X96.951 Y127.960 Z0.500 E0.05436 F1500
G1 X96.029 Y127.253 Z0.500 E0.05436 F1500
G1 X95.145 Y126.498 Z0.500 E0.05436 F1500
G1 X94.302 Y125.698 Z0.500 E0.05436 F1500
G1 X93.502 Y124.855 Z0.500 E0.05436 F1500
G1 X92.747 Y123.971 Z0.500 E0.05436 F1500
G1 X92.040 Y123.049 Z0.500 E0.05436 F1500
G1 X91.382 Y122.091 Z0.500 E0.05436 F1500
G1 X90.774 Y121.100 Z0.500 E0.05436 F1500
G1 X90.220 Y120.079 Z0.500 E0.05436 F1500
G1 X89.719 Y119.030 Z0.500 E0.05436 F1500
G1 X89.275 Y117.956 Z0.500 E0.05436 F1500
G1 X88.887 Y116.860 Z0.500 E0.05436 F1500
G1 X88.556 Y115.746 Z0.500 E0.05436 F1500
G1 X88.285 Y114.616 Z0.500 E0.05436 F1500
G1 X88.073 Y113.473 Z0.500 E0.05436 F1500
G1 X87.922 Y112.321 Z0.500 E0.05436 F1500
G1 X87.830 Y111.162 Z0.500 E0.05436 F1500
G1 X87.800 Y110.000 Z0.500 E0.05436 F1500
G1 X87.830 Y108.838 Z0.500 E0.05436 F1500
G1 X87.922 Y107.679 Z0.500 E0.05436 F1500
G1 X88.073 Y106.527 Z0.500 E0.05436 F1500
G1 X88.285 Y105.384 Z0.500 E0.05436 F1500
G1 X88.556 Y104.254 Z0.500 E0.05436 F1500
G1 X88.887 Y103.140 Z0.500 E0.05436 F1500
G1 X89.275 Y102.044 Z0.500 E0.05436 F1500
G1 X89.719 Y100.970 Z0.500 E0.05436 F1500
G1 X90.220 Y99.921 Z0.500 E0.05436 F1500
G1 X90.774 Y98.900 Z0.500 E0.05436 F1500
G1 X91.382 Y97.909 Z0.500 E0.05436 F1500
G1 X92.040 Y96.951 Z0.500 E0.05436 F1500
G1 X92.747 Y96.029 Z0.500 E0.05436 F1500
G1 X93.502 Y95.145 Z0.500 E0.05436 F1500
G1 X94.302 Y94.302 Z0.500 E0.05436 F1500
G1 X95.145 Y93.502 Z0.500 E0.05436 F1500
G1 X96.029 Y92.747 Z0.500 E0.05436 F1500
G1 X96.951 Y92.040 Z0.500 E0.05436 F1500
G1 X97.909 Y91.382 Z0.500 E0.05436 F1500
G1 X98.900 Y90.774 Z0.500 E0.05436 F1500
G1 X99.921 Y90.220 Z0.500 E0.05436 F1500
G1 X100.970 Y89.719 Z0.500 E0.05436 F1500
G1 X102.044 Y89.275 Z0.500 E0.05436 F1500
G1 X103.140 Y88.887 Z0.500 E0.05436 F1500
G1 X104.254 Y88.556 Z0.500 E0.05436 F1500
G1 X105.384 Y88.285 Z0.500 E0.05436 F1500
G1 X106.527 Y88.073 Z0.500 E0.05436 F1500
G1 X107.679 Y87.922 Z0.500 E0.05436 F1500
G1 X108.838 Y87.830 Z0.500 E0.05436 F1500
G1 X110.000 Y87.800 Z0.500 E0.05436 F1500
G1 X111.162 Y87.830 Z0.500 E0.05436 F1500
G1 X112.321 Y87.922 Z0.500 E0.05436 F1500
G1 X113.473 Y88.073 Z0.500 E0.05436 F1500
G1 X114.616 Y88.285 Z0.500 E0.05436 F1500
G1 X115.746 Y88.556 Z0.500 E0.05436 F1500
G1 X116.860 Y88.887 Z0.500 E0.05436 F1500
G1 X117.956 Y89.275 Z0.500 E0.05436 F1500
G1 X119.030 Y89.719 Z0.500 E0.05436 F1500
G1 X120.079 Y90.220 Z0.500 E0.05436 F1500
G1 X121.100 Y90.774 Z0.500 E0.05436 F1500
G1 X122.091 Y91.382 Z0.500 E0.05436 F1500
G1 X123.049 Y92.040 Z0.500 E0.05436 F1500
G1 X123.971 Y92.747 Z0.500 E0.05436 F1500
G1 X124.855 Y93.502 Z0.500 E0.05436 F1500
G1 X125.698 Y94.302 Z0.500 E0.05436 F1500
G1 X126.498 Y95.145 Z0.500 E0.05436 F1500
G1 X127.253 Y96.029 Z0.500 E0.05436 F1500
G1 X127.960 Y96.951 Z0.500 E0.05436 F1500
G1 X128.618 Y97.909 Z0.500 E0.05436 F1500
G1 X129.226 Y98.900 Z0.500 E0.05436 F1500
G1 X129.780 Y99.921 Z0.500 E0.05436 F1500
G1 X130.281 Y100.970 Z0.500 E0.05436 F1500
G1 X130.725 Y102.044 Z0.500 E0.05436 F1500
G1 X131.113 Y103.140 Z0.500 E0.05436 F1500
G1 X131.444 Y104.254 Z0.500 E0.05436 F1500
G1 X131.715 Y105.384 Z0.500 E0.05436 F1500
G1 X131.927 Y106.527 Z0.500 E0.05436 F1500
G1 X132.078 Y107.679 Z0.500 E0.05436 F1500
G1 X132.170 Y108.838 Z0.500 E0.05436 F1500
G1 X132.200 Y110.000 Z0.500 E0.05436 F1500
G1 E-0.800 F2400
G0 X132.200 Y110.000 Z1.500 F1800
G0 X132.650 Y110.000 Z1.500 F7200
G0 X132.650 Y110.000 Z0.500 F1800
G1 E0.800 F1800
G1 X132.619 Y111.185 Z0.500 E0.05546 F1500
G1 X132.526 Y112.368 Z0.500 E0.05546 F1500
G1 X132.371 Y113.543 Z0.500 E0.05546 F1500
G1 X132.155 Y114.709 Z0.500 E0.05546 F1500
G1 X131.878 Y115.862 Z0.500 E0.05546 F1500
G1 X131.541 Y116.999 Z0.500 E0.05546 F1500
G1 X131.146 Y118.117 Z0.500 E0.05546 F1500
G1 X130.692 Y119.213 Z0.500 E0.05546 F1500
G1 X130.181 Y120.283 Z0.500 E0.05546 F1500
G1 X129.615 Y121.325 Z0.500 E0.05546 F1500
G1 X128.996 Y122.336 Z0.500 E0.05546 F1500
G1 X128.324 Y123.313 Z0.500 E0.05546 F1500
G1 X127.602 Y124.254 Z0.500 E0.05546 F1500
G1 X126.832 Y125.156 Z0.500 E0.05546 F1500
G1 X126.016 Y126.016 Z0.500 E0.05546 F1500
G1 X125.156 Y126.832 Z0.500 E0.05546 F1500
G1 X124.254 Y127.602 Z0.500 E0.05546 F1500
G1 X123.313 Y128.324 Z0.500 E0.05546 F1500
G1 X122.336 Y128.996 Z0.500 E0.05546 F1500
G1 X121.325 Y129.615 Z0.500 E0.05546 F1500
G1 X120.283 Y130.181 Z0.500 E0.05546 F1500
G1 X119.213 Y130.692 Z0.500 E0.05546 F1500
G1 X118.117 Y131.146 Z0.500 E0.05546 F1500
G1 X116.999 Y131.541 Z0.500 E0.05546 F1500
G1 X115.862 Y131.878 Z0.500 E0.05546 F1500
G1 X114.709 Y132.155 Z0.500 E0.05546 F1500
G1 X113.543 Y132.371 Z0.500 E0.05546 F1500
G1 X112.368 Y132.526 Z0.500 E0.05546 F1500
G1 X111.185 Y132.619 Z0.500 E0.05546 F1500
G1 X110.000 Y132.650 Z0.500 E0.05546 F1500
G1 X108.815 Y132.619 Z0.500 E0.05546 F1500
G1 X107.632 Y132.526 Z0.500 E0.05546 F1500
G1 X106.457 Y132.371 Z0.500 E0.05546 F1500
G1 X105.291 Y132.155 Z0.500 E0.05546 F1500
G1 X104.138 Y131.878 Z0.500 E0.05546 F1500
G1 X103.001 Y131.541 Z0.500 E0.05546 F1500
G1 X101.883 Y131.146 Z0.500 E0.05546 F1500
G1 X100.787 Y130.692 Z0.500 E0.05546 F1500
G1 X99.717 Y130.181 Z0.500 E0.05546 F1500
G1 X98.675 Y129.615 Z0.500 E0.05546 F1500
G1 X97.664 Y128.996 Z0.500 E0.05546 F1500
G1 X96.687 Y128.324 Z0.500 E0.05546 F1500
G1 X95.746 Y127.602 Z0.500 E0.05546 F1500
G1 X94.844 Y126.832 Z0.500 E0.05546 F1500
G1 X93.984 Y126.016 Z0.500 E0.05546 F1500
G1 X93.168 Y125.156 Z0.500 E0.05546 F1500
G1 X92.398 Y124.254 Z0.500 E0.05546 F1500
G1 X91.676 Y123.313 Z0.500 E0.05546 F1500
G1 X91.004 Y122.336 Z0.500 E0.05546 F1500
G1 X90.385 Y121.325 Z0.500 E0.05546 F1500
G1 X89.819 Y120.283 Z0.500 E0.05546 F1500
G1 X89.308 Y119.213 Z0.500 E0.05546 F1500
G1 X88.854 Y118.117 Z0.500 E0.05546 F1500
G1 X88.459 Y116.999 Z0.500 E0.05546 F1500
G1 X88.122 Y115.862 Z0.500 E0.05546 F1500
G1 X87.845 Y114.709 Z0.500 E0.05546 F1500
G1 X87.629 Y113.543 Z0.500 E0.05546 F1500
G1 X87.474 Y112.368 Z0.500 E0.05546 F1500
G1 X87.381 Y111.185 Z0.500 E0.05546 F1500
G1 X87.350 Y110.000 Z0.500 E0.05546 F1500
G1 X87.381 Y108.815 Z0.500 E0.05546 F1500
G1 X87.474 Y107.632 Z0.500 E0.05546 F1500
G1 X87.629 Y106.457 Z0.500 E0.05546 F1500
G1 X87.845 Y105.291 Z0.500 E0.05546 F1500
G1 X88.122 Y104.138 Z0.500 E0.05546 F1500
G1 X88.459 Y103.001 Z0.500 E0.05546 F1500
G1 X88.854 Y101.883 Z0.500 E0.05546 F1500
G1 X89.308 Y100.787 Z0.500 E0.05546 F1500
G1 X89.819 Y99.717 Z0.500 E0.05546 F1500
G1 X90.385 Y98.675 Z0.500 E0.05546 F1500
G1 X91.004 Y97.664 Z0.500 E0.05546 F1500
G1 X91.676 Y96.687 Z0.500 E0.05546 F1500
G1 X92.398 Y95.746 Z0.500 E0.05546 F1500
G1 X93.168 Y94.844 Z0.500 E0.05546 F1500
G1 X93.984 Y93.984 Z0.500 E0.05546 F1500
G1 X94.844 Y93.168 Z0.500 E0.05546 F1500
G1 X95.746 Y92.398 Z0.500 E0.05546 F1500
G1 X96.687 Y91.676 Z0.500 E0.05546 F1500
G1 X97.664 Y91.004 Z0.500 E0.05546 F1500
G1 X98.675 Y90.385 Z0.500 E0.05546 F1500
G1 X99.717 Y89.819 Z0.500 E0.05546 F1500
G1 X100.787 Y89.308 Z0.500 E0.05546 F1500
G1 X101.883 Y88.854 Z0.500 E0.05546 F1500
G1 X103.001 Y88.459 Z0.500 E0.05546 F1500
G1 X104.138 Y88.122 Z0.500 E0.05546 F1500
G1 X105.291 Y87.845 Z0.500 E0.05546 F1500
G1 X106.457 Y87.629 Z0.500 E0.05546 F1500
G1 X107.632 Y87.474 Z0.500 E0.05546 F1500
G1 X108.815 Y87.381 Z0.500 E0.05546 F1500
G1 X110.000 Y87.350 Z0.500 E0.05546 F1500
G1 X111.185 Y87.381 Z0.500 E0.05546 F1500
G1 X112.368 Y87.474 Z0.500 E0.05546 F1500
G1 X113.543 Y87.629 Z0.500 E0.05546 F1500
G1 X114.709 Y87.845 Z0.500 E0.05546 F1500
G1 X115.862 Y88.122 Z0.500 E0.05546 F1500
G1 X116.999 Y88.459 Z0.500 E0.05546 F1500
G1 X118.117 Y88.854 Z0.500 E0.05546 F1500
G1 X119.213 Y89.308 Z0.500 E0.05546 F1500
G1 X120.283 Y89.819 Z0.500 E0.05546 F1500
G1 X121.325 Y90.385 Z0.500 E0.05546 F1500
G1 X122.336 Y91.004 Z0.500 E0.05546 F1500
G1 X123.313 Y91.676 Z0.500 E0.05546 F1500
G1 X124.254 Y92.398 Z0.500 E0.05546 F1500
G1 X125.156 Y93.168 Z0.500 E0.05546 F1500
G1 X126.016 Y93.984 Z0.500 E0.05546 F1500
G1 X126.832 Y94.844 Z0.500 E0.05546 F1500
G1 X127.602 Y95.746 Z0.500 E0.05546 F1500
G1 X128.324 Y96.687 Z0.500 E0.05546 F1500
G1 X128.996 Y97.664 Z0.500 E0.05546 F1500
G1 X129.615 Y98.675 Z0.500 E0.05546 F1500
G1 X130.181 Y99.717 Z0.500 E0.05546 F1500
G1 X130.692 Y100.787 Z0.500 E0.05546 F1500
G1 X131.146 Y101.883 Z0.500 E0.05546 F1500
G1 X131.541 Y103.001 Z0.500 E0.05546 F1500
G1 X131.878 Y104.138 Z0.500 E0.05546 F1500
G1 X132.155 Y105.291 Z0.500 E0.05546 F1500
G1 X132.371 Y106.457 Z0.500 E0.05546 F1500
G1 X132.526 Y107.632 Z0.500 E0.05546 F1500
G1 X132.619 Y108.815 Z0.500 E0.05546 F1500
G1 X132.650 Y110.000 Z0.500 E0.05546 F1500
G1 E-0.800 F2400
G0 X132.650 Y110.000 Z1.500 F1800
G0 X133.100 Y110.000 Z1.500 F7200
G0 X133.100 Y110.000 Z0.500 F1800
G1 E0.800 F1800
G1 X133.068 Y111.209 Z0.500 E0.05656 F1500
G1 X132.973 Y112.415 Z0.500 E0.05656 F1500
G1 X132.816 Y113.614 Z0.500 E0.05656 F1500
G1 X132.595 Y114.803 Z0.500 E0.05656 F1500
G1 X132.313 Y115.979 Z0.500 E0.05656 F1500
G1 X131.969 Y117.138 Z0.500 E0.05656 F1500
G1 X131.566 Y118.278 Z0.500 E0.05656 F1500
G1 X131.103 Y119.396 Z0.500 E0.05656 F1500
G1 X130.582 Y120.487 Z0.500 E0.05656 F1500
G1 X130.005 Y121.550 Z0.500 E0.05656 F1500
G1 X129.373 Y122.581 Z0.500 E0.05656 F1500
G1 X128.688 Y123.578 Z0.500 E0.05656 F1500
G1 X127.952 Y124.537 Z0.500 E0.05656 F1500
G1 X127.167 Y125.457 Z0.500 E0.05656 F1500
G1 X126.334 Y126.334 Z0.500 E0.05656 F1500
G1 X125.457 Y127.167 Z0.500 E0.05656 F1500
G1 X124.537 Y127.952 Z0.500 E0.05656 F1500
G1 X123.578 Y128.688 Z0.500 E0.05656 F1500
G1 X122.581 Y129.373 Z0.500 E0.05656 F1500
G1 X121.550 Y130.005 Z0.500 E0.05656 F1500
G1 X120.487 Y130.582 Z0.500 E0.05656 F1500
G1 X119.396 Y131.103 Z0.500 E0.05656 F1500
G1 X118.278 Y131.566 Z0.500 E0.05656 F1500
G1 X117.138 Y131.969 Z0.500 E0.05656 F1500
G1 X115.979 Y132.313 Z0.500 E0.05656 F1500
G1 X114.803 Y132.595 Z0.500 E0.05656 F1500
G1 X113.614 Y132.816 Z0.500 E0.05656 F1500
G1 X112.415 Y132.973 Z0.500 E0.05656 F1500
G1 X111.209 Y133.068 Z0.500 E0.05656 F1500
G1 X110.000 Y133.100 Z0.500 E0.05656 F1500
G1 X108.791 Y133.068 Z0.500 E0.05656 F1500
G1 X107.585 Y132.973 Z0.500 E0.05656 F1500
G1 X106.386 Y132.816 Z0.500 E0.05656 F1500
G1 X105.197 Y132.595 Z0.500 E0.05656 F1500
G1 X104.021 Y132.313 Z0.500 E0.05656 F1500
G1 X102.862 Y131.969 Z0.500 E0.05656 F1500
G1 X101.722 Y131.566 Z0.500 E0.05656 F1500
G1 X100.604 Y131.103 Z0.500 E0.05656 F1500
G1 X99.513 Y130.582 Z0.500 E0.05656 F1500
G1 X98.450 Y130.005 Z0.500 E0.05656 F1500
G1 X97.419 Y129.373 Z0.500 E0.05656 F1500
G1 X96.422 Y128.688 Z0.500 E0.05656 F1500
G1 X95.463 Y127.952 Z0.500 E0.05656 F1500
G1 X94.543 Y127.167 Z0.500 E0.05656 F1500
G1 X93.666 Y126.334 Z0.500 E0.05656 F1500
G1 X92.833 Y125.457 Z0.500 E0.05656 F1500
G1 X92.048 Y124.537 Z0.500 E0.05656 F1500
G1 X91.312 Y123.578 Z0.500 E0.05656 F1500
G1 X90.627 Y122.581 Z0.500 E0.05656 F1500
G1 X89.995 Y121.550 Z0.500 E0.05656 F1500
G1 X89.418 Y120.487 Z0.500 E0.05656 F1500
G1 X88.897 Y119.396 Z0.500 E0.05656 F1500
G1 X88.434 Y118.278 Z0.500 E0.05656 F1500
G1 X88.031 Y117.138 Z0.500 E0.05656 F1500
G1 X87.687 Y115.979 Z0.500 E0.05656 F1500
G1 X87.405 Y114.803 Z0.500 E0.05656 F1500
G1 X87.184 Y113.614 Z0.500 E0.05656 F1500
G1 X87.027 Y112.415 Z0.500 E0.05656 F1500
G1 X86.932 Y111.209 Z0.500 E0.05656 F1500
G1 X86.900 Y110.000 Z0.500 E0.05656 F1500
G1 X86.932 Y108.791 Z0.500 E0.05656 F1500
G1 X87.027 Y107.585 Z0.500 E0.05656 F1500
G1 X87.184 Y106.386 Z0.500 E0.05656 F1500
G1 X87.405 Y105.197 Z0.500 E0.05656 F1500
G1 X87.687 Y104.021 Z0.500 E0.05656 F1500
G1 X88.031 Y102.862 Z0.500 E0.05656 F1500
G1 X88.434 Y101.722 Z0.500 E0.05656 F1500
G1 X88.897 Y100.604 Z0.500 E0.05656 F1500
G1 X89.418 Y99.513 Z0.500 E0.05656 F1500
G1 X89.995 Y98.450 Z0.500 E0.05656 F1500
G1 X90.627 Y97.419 Z0.500 E0.05656 F1500
G1 X91.312 Y96.422 Z0.500 E0.05656 F1500
G1 X92.048 Y95.463 Z0.500 E0.05656 F1500
G1 X92.833 Y94.543 Z0.500 E0.05656 F1500
G1 X93.666 Y93.666 Z0.500 E0.05656 F1500
G1 X94.543 Y92.833 Z0.500 E0.05656 F1500
G1 X95.463 Y92.048 Z0.500 E0.05656 F1500
G1 X96.422 Y91.312 Z0.500 E0.05656 F1500
G1 X97.419 Y90.627 Z0.500 E0.05656 F1500
G1 X98.450 Y89.995 Z0.500 E0.05656 F1500
G1 X99.513 Y89.418 Z0.500 E0.05656 F1500
G1 X100.604 Y88.897 Z0.500 E0.05656 F1500
G1 X101.722 Y88.434 Z0.500 E0.05656 F1500
G1 X102.862 Y88.031 Z0.500 E0.05656 F1500
G1 X104.021 Y87.687 Z0.500 E0.05656 F1500
G1 X105.197 Y87.405 Z0.500 E0.05656 F1500
G1 X106.386 Y87.184 Z0.500 E0.05656 F1500
G1 X107.585 Y87.027 Z0.500 E0.05656 F1500
G1 X108.791 Y86.932 Z0.500 E0.05656 F1500
G1 X110.000 Y86.900 Z0.500 E0.05656 F1500
G1 X111.209 Y86.932 Z0.500 E0.05656 F1500
G1 X112.415 Y87.027 Z0.500 E0.05656 F1500
G1 X113.614 Y87.184 Z0.500 E0.05656 F1500
G1 X114.803 Y87.405 Z0.500 E0.05656 F1500
G1 X115.979 Y87.687 Z0.500 E0.05656 F1500
G1 X117.138 Y88.031 Z0.500 E0.05656 F1500
G1 X118.278 Y88.434 Z0.500 E0.05656 F1500
G1 X119.396 Y88.897 Z0.500 E0.05656 F1500
G1 X120.487 Y89.418 Z0.500 E0.05656 F1500
G1 X121.550 Y89.995 Z0.500 E0.05656 F1500
G1 X122.581 Y90.627 Z0.500 E0.05656 F1500
G1 X123.578 Y91.312 Z0.500 E0.05656 F1500
G1 X124.537 Y92.048 Z0.500 E0.05656 F1500
G1 X125.457 Y92.833 Z0.500 E0.05656 F1500
G1 X126.334 Y93.666 Z0.500 E0.05656 F1500
G1 X127.167 Y94.543 Z0.500 E0.05656 F1500
G1 X127.952 Y95.463 Z0.500 E0.05656 F1500
G1 X128.688 Y96.422 Z0.500 E0.05656 F1500
G1 X129.373 Y97.419 Z0.500 E0.05656 F1500
G1 X130.005 Y98.450 Z0.500 E0.05656 F1500
G1 X130.582 Y99.513 Z0.500 E0.05656 F1500
G1 X131.103 Y100.604 Z0.500 E0.05656 F1500
G1 X131.566 Y101.722 Z0.500 E0.05656 F1500
G1 X131.969 Y102.862 Z0.500 E0.05656 F1500
G1 X132.313 Y104.021 Z0.500 E0.05656 F1500
G1 X132.595 Y105.197 Z0.500 E0.05656 F1500
G1 X132.816 Y106.386 Z0.500 E0.05656 F1500
G1 X132.973 Y107.585 Z0.500 E0.05656 F1500
G1 X133.068 Y108.791 Z0.500 E0.05656 F1500
G1 X133.100 Y110.000 Z0.500 E0.05656 F1500
G1 E-0.800 F2400
G0 X133.100 Y110.000 Z1.500 F1800
G0 X133.550 Y110.000 Z1.500 F7200
G0 X133.550 Y110.000 Z0.500 F1800
G1 E0.800 F1800
G1 X133.518 Y111.233 Z0.500 E0.05767 F1500
G1 X133.421 Y112.462 Z0.500 E0.05767 F1500
G1 X133.260 Y113.684 Z0.500 E0.05767 F1500
G1 X133.035 Y114.896 Z0.500 E0.05767 F1500
G1 X132.748 Y116.095 Z0.500 E0.05767 F1500
G1 X132.397 Y117.277 Z0.500 E0.05767 F1500
G1 X131.986 Y118.440 Z0.500 E0.05767 F1500
G1 X131.514 Y119.579 Z0.500 E0.05767 F1500
G1 X130.983 Y120.691 Z0.500 E0.05767 F1500
G1 X130.395 Y121.775 Z0.500 E0.05767 F1500
G1 X129.751 Y122.826 Z0.500 E0.05767 F1500
G1 X129.052 Y123.842 Z0.500 E0.05767 F1500
G1 X128.302 Y124.820 Z0.500 E0.05767 F1500
G1 X127.501 Y125.758 Z0.500 E0.05767 F1500
G1 X126.652 Y126.652 Z0.500 E0.05767 F1500
G1 X125.758 Y127.501 Z0.500 E0.05767 F1500
G1 X124.820 Y128.302 Z0.500 E0.05767 F1500
G1 X123.842 Y129.052 Z0.500 E0.05767 F1500
G1 X122.826 Y129.751 Z0.500 E0.05767 F1500
G1 X121.775 Y130.395 Z0.500 E0.05767 F1500
G1 X120.691 Y130.983 Z0.500 E0.05767 F1500
G1 X119.579 Y131.514 Z0.500 E0.05767 F1500
G1 X118.440 Y131.986 Z0.500 E0.05767 F1500
G1 X117.277 Y132.397 Z0.500 E0.05767 F1500
G1 X116.095 Y132.748 Z0.500 E0.05767 F1500
G1 X114.896 Y133.035 Z0.500 E0.05767 F1500
G1 X113.684 Y133.260 Z0.500 E0.05767 F1500
G1 X112.462 Y133.421 Z0.500 E0.05767 F1500
G1 X111.233 Y133.518 Z0.500 E0.05767 F1500
G1 X110.000 Y133.550 Z0.500 E0.05767 F1500
G1 X108.767 Y133.518 Z0.500 E0.05767 F1500
G1 X107.538 Y133.421 Z0.500 E0.05767 F1500
G1 X106.316 Y133.260 Z0.500 E0.05767 F1500
G1 X105.104 Y133.035 Z0.500 E0.05767 F1500
G1 X103.905 Y132.748 Z0.500 E0.05767 F1500
G1 X102.723 Y132.397 Z0.500 E0.05767 F1500
G1 X101.560 Y131.986 Z0.500 E0.05767 F1500
G1 X100.421 Y131.514 Z0.500 E0.05767 F1500
G1 X99.309 Y130.983 Z0.500 E0.05767 F1500
G1 X98.225 Y130.395 Z0.500 E0.05767 F1500
G1 X97.174 Y129.751 Z0.500 E0.05767 F1500
G1 X96.158 Y129.052 Z0.500 E0.05767 F1500
G1 X95.180 Y128.302 Z0.500 E0.05767 F1500
G1 X94.242 Y127.501 Z0.500 E0.05767 F1500
G1 X93.348 Y126.652 Z0.500 E0.05767 F1500
G1 X92.499 Y125.758 Z0.500 E0.05767 F1500
G1 X91.698 Y124.820 Z0.500 E0.05767 F1500
G1 X90.948 Y123.842 Z0.500 E0.05767 F1500
G1 X90.249 Y122.826 Z0.500 E0.05767 F1500
G1 X89.605 Y121.775 Z0.500 E0.05767 F1500
G1 X89.017 Y120.691 Z0.500 E0.05767 F1500
G1 X88.486 Y119.579 Z0.500 E0.05767 F1500
G1 X88.014 Y118.440 Z0.500 E0.05767 F1500
G1 X87.603 Y117.277 Z0.500 E0.05767 F1500
G1 X87.252 Y116.095 Z0.500 E0.05767 F1500
G1 X86.965 Y114.896 Z0.500 E0.05767 F1500
G1 X86.740 Y113.684 Z0.500 E0.05767 F1500
G1 X86.579 Y112.462 Z0.500 E0.05767 F1500
G1 X86.482 Y111.233 Z0.500 E0.05767 F1500
G1 X86.450 Y110.000 Z0.500 E0.05767 F1500
G1 X86.482 Y108.767 Z0.500 E0.05767 F1500
G1 X86.579 Y107.538 Z0.500 E0.05767 F1500
G1 X86.740 Y106.316 Z0.500 E0.05767 F1500
G1 X86.965 Y105.104 Z0.500 E0.05767 F1500
G1 X87.252 Y103.905 Z0.500 E0.05767 F1500
G1 X87.603 Y102.723 Z0.500 E0.05767 F1500
G1 X88.014 Y101.560 Z0.500 E0.05767 F1500
G1 X88.486 Y100.421 Z0.500 E0.05767 F1500
G1 X89.017 Y99.309 Z0.500 E0.05767 F1500
G1 X89.605 Y98.225 Z0.500 E0.05767 F1500
G1 X90.249 Y97.174 Z0.500 E0.05767 F1500
G1 X90.948 Y96.158 Z0.500 E0.05767 F1500
G1 X91.698 Y95.180 Z0.500 E0.05767 F1500
G1 X92.499 Y94.242 Z0.500 E0.05767 F1500
G1 X93.348 Y93.348 Z0.500 E0.05767 F1500
G1 X94.242 Y92.499 Z0.500 E0.05767 F1500
G1 X95.180 Y91.698 Z0.500 E0.05767 F1500
G1 X96.158 Y90.948 Z0.500 E0.05767 F1500
G1 X97.174 Y90.249 Z0.500 E0.05767 F1500
G1 X98.225 Y89.605 Z0.500 E0.05767 F1500
G1 X99.309 Y89.017 Z0.500 E0.05767 F1500
G1 X100.421 Y88.486 Z0.500 E0.05767 F1500
G1 X101.560 Y88.014 Z0.500 E0.05767 F1500
G1 X102.723 Y87.603 Z0.500 E0.05767 F1500
G1 X103.905 Y87.252 Z0.500 E0.05767 F1500
G1 X105.104 Y86.965 Z0.500 E0.05767 F1500
G1 X106.316 Y86.740 Z0.500 E0.05767 F1500
G1 X107.538 Y86.579 Z0.500 E0.05767 F1500
G1 X108.767 Y86.482 Z0.500 E0.05767 F1500
G1 X110.000 Y86.450 Z0.500 E0.05767 F1500
G1 X111.233 Y86.482 Z0.500 E0.05767 F1500
G1 X112.462 Y86.579 Z0.500 E0.05767 F1500
G1 X113.684 Y86.740 Z0.500 E0.05767 F1500
G1 X114.896 Y86.965 Z0.500 E0.05767 F1500
G1 X116.095 Y87.252 Z0.500 E0.05767 F1500
G1 X117.277 Y87.603 Z0.500 E0.05767 F1500
G1 X118.440 Y88.014 Z0.500 E0.05767 F1500
G1 X119.579 Y88.486 Z0.500 E0.05767 F1500
G1 X120.691 Y89.017 Z0.500 E0.05767 F1500
G1 X121.775 Y89.605 Z0.500 E0.05767 F1500
G1 X122.826 Y90.249 Z0.500 E0.05767 F1500
G1 X123.842 Y90.948 Z0.500 E0.05767 F1500
G1 X124.820 Y91.698 Z0.500 E0.05767 F1500
G1 X125.758 Y92.499 Z0.500 E0.05767 F1500
G1 X126.652 Y93.348 Z0.500 E0.05767 F1500
G1 X127.501 Y94.242 Z0.500 E0.05767 F1500
G1 X128.302 Y95.180 Z0.500 E0.05767 F1500
G1 X129.052 Y96.158 Z0.500 E0.05767 F1500
G1 X129.751 Y97.174 Z0.500 E0.05767 F1500
G1 X130.395 Y98.225 Z0.500 E0.05767 F1500
G1 X130.983 Y99.309 Z0.500 E0.05767 F1500
G1 X131.514 Y100.421 Z0.500 E0.05767 F1500
G1 X131.986 Y101.560 Z0.500 E0.05767 F1500
G1 X132.397 Y102.723 Z0.500 E0.05767 F1500
G1 X132.748 Y103.905 Z0.500 E0.05767 F1500
G1 X133.035 Y105.104 Z0.500 E0.05767 F1500
G1 X133.260 Y106.316 Z0.500 E0.05767 F1500
G1 X133.421 Y107.538 Z0.500 E0.05767 F1500
G1 X133.518 Y108.767 Z0.500 E0.05767 F1500
G1 X133.550 Y110.000 Z0.500 E0.05767 F1500
G1 E-0.800 F2400
G0 X133.550 Y110.000 Z1.500 F1800
G0 X134.000 Y110.000 Z1.500 F7200
G0 X134.000 Y110.000 Z0.500 F1800
G1 E0.800 F1800
G1 X133.967 Y111.256 Z0.500 E0.05877 F1500
G1 X133.869 Y112.509 Z0.500 E0.05877 F1500
G1 X133.705 Y113.754 Z0.500 E0.05877 F1500
G1 X133.476 Y114.990 Z0.500 E0.05877 F1500
G1 X133.182 Y116.212 Z0.500 E0.05877 F1500
G1 X132.825 Y117.416 Z0.500 E0.05877 F1500
G1 X132.406 Y118.601 Z0.500 E0.05877 F1500
G1 X131.925 Y119.762 Z0.500 E0.05877 F1500
G1 X131.384 Y120.896 Z0.500 E0.05877 F1500
G1 X130.785 Y122.000 Z0.500 E0.05877 F1500
G1 X130.128 Y123.071 Z0.500 E0.05877 F1500
G1 X129.416 Y124.107 Z0.500 E0.05877 F1500
G1 X128.652 Y125.104 Z0.500 E0.05877 F1500
G1 X127.835 Y126.059 Z0.500 E0.05877 F1500
G1 X126.971 Y126.971 Z0.500 E0.05877 F1500
G1 X126.059 Y127.835 Z0.500 E0.05877 F1500
G1 X125.104 Y128.652 Z0.500 E0.05877 F1500
G1 X124.107 Y129.416 Z0.500 E0.05877 F1500
G1 X123.071 Y130.128 Z0.500 E0.05877 F1500
G1 X122.000 Y130.785 Z0.500 E0.05877 F1500
G1 X120.896 Y131.384 Z0.500 E0.05877 F1500
G1 X119.762 Y131.925 Z0.500 E0.05877 F1500
G1 X118.601 Y132.406 Z0.500 E0.05877 F1500
G1 X117.416 Y132.825 Z0.500 E0.05877 F1500
G1 X116.212 Y133.182 Z0.500 E0.05877 F1500
G1 X114.990 Y133.476 Z0.500 E0.05877 F1500
G1 X113.754 Y133.705 Z0.500 E0.05877 F1500
G1 X112.509 Y133.869 Z0.500 E0.05877 F1500
G1 X111.256 Y133.967 Z0.500 E0.05877 F1500
G1 X110.000 Y134.000 Z0.500 E0.05877 F1500
G1 X108.744 Y133.967 Z0.500 E0.05877 F1500
G1 X107.491 Y133.869 Z0.500 E0.05877 F1500
G1 X106.246 Y133.705 Z0.500 E0.05877 F1500
G1 X105.010 Y133.476 Z0.500 E0.05877 F1500
G1 X103.788 Y133.182 Z0.500 E0.05877 F1500
G1 X102.584 Y132.825 Z0.500 E0.05877 F1500
G1 X101.399 Y132.406 Z0.500 E0.05877 F1500
G1 X100.238 Y131.925 Z0.500 E0.05877 F1500
G1 X99.104 Y131.384 Z0.500 E0.05877 F1500
G1 X98.000 Y130.785 Z0.500 E0.05877 F1500
G1 X96.929 Y130.128 Z0.500 E0.05877 F1500
G1 X95.893 Y129.416 Z0.500 E0.05877 F1500
G1 X94.896 Y128.652 Z0.500 E0.05877 F1500
G1 X93.941 Y127.835 Z0.500 E0.05877 F1500
G1 X93.029 Y126.971 Z0.500 E0.05877 F1500
G1 X92.165 Y126.059 Z0.500 E0.05877 F1500
G1 X91.348 Y125.104 Z0.500 E0.05877 F1500
G1 X90.584 Y124.107 Z0.500 E0.05877 F1500
G1 X89.872 Y123.071 Z0.500 E0.05877 F1500
G1 X89.215 Y122.000 Z0.500 E0.05877 F1500
G1 X88.616 Y120.896 Z0.500 E0.05877 F1500
G1 X88.075 Y119.762 Z0.500 E0.05877 F1500
G1 X87.594 Y118.601 Z0.500 E0.05877 F1500
G1 X87.175 Y117.416 Z0.500 E0.05877 F1500
G1 X86.818 Y116.212 Z0.500 E0.05877 F1500
G1 X86.524 Y114.990 Z0.500 E0.05877 F1500
G1 X86.295 Y113.754 Z0.500 E0.05877 F1500
G1 X86.131 Y112.509 Z0.500 E0.05877 F1500
G1 X86.033 Y111.256 Z0.500 E0.05877 F1500
G1 X86.000 Y110.000 Z0.500 E0.05877 F1500
G1 X86.033 Y108.744 Z0.500 E0.05877 F1500
G1 X86.131 Y107.491 Z0.500 E0.05877 F1500
G1 X86.295 Y106.246 Z0.500 E0.05877 F1500
G1 X86.524 Y105.010 Z0.500 E0.05877 F1500
G1 X86.818 Y103.788 Z0.500 E0.05877 F1500
G1 X87.175 Y102.584 Z0.500 E0.05877 F1500
G1 X87.594 Y101.399 Z0.500 E0.05877 F1500
G1 X88.075 Y100.238 Z0.500 E0.05877 F1500
G1 X88.616 Y99.104 Z0.500 E0.05877 F1500
G1 X89.215 Y98.000 Z0.500 E0.05877 F1500
G1 X89.872 Y96.929 Z0.500 E0.05877 F1500
G1 X90.584 Y95.893 Z0.500 E0.05877 F1500
G1 X91.348 Y94.896 Z0.500 E0.05877 F1500
G1 X92.165 Y93.941 Z0.500 E0.05877 F1500
G1 X93.029 Y93.029 Z0.500 E0.05877 F1500
G1 X93.941 Y92.165 Z0.500 E0.05877 F1500
G1 X94.896 Y91.348 Z0.500 E0.05877 F1500
G1 X95.893 Y90.584 Z0.500 E0.05877 F1500
G1 X96.929 Y89.872 Z0.500 E0.05877 F1500
G1 X98.000 Y89.215 Z0.500 E0.05877 F1500
G1 X99.104 Y88.616 Z0.500 E0.05877 F1500
G1 X100.238 Y88.075 Z0.500 E0.05877 F1500
G1 X101.399 Y87.594 Z0.500 E0.05877 F1500
G1 X102.584 Y87.175 Z0.500 E0.05877 F1500
G1 X103.788 Y86.818 Z0.500 E0.05877 F1500
G1 X105.010 Y86.524 Z0.500 E0.05877 F1500
G1 X106.246 Y86.295 Z0.500 E0.05877 F1500
G1 X107.491 Y86.131 Z0.500 E0.05877 F1500
G1 X108.744 Y86.033 Z0.500 E0.05877 F1500
G1 X110.000 Y86.000 Z0.500 E0.05877 F1500
G1 X111.256 Y86.033 Z0.500 E0.05877 F1500
G1 X112.509 Y86.131 Z0.500 E0.05877 F1500
G1 X113.754 Y86.295 Z0.500 E0.05877 F1500
G1 X114.990 Y86.524 Z0.500 E0.05877 F1500
G1 X116.212 Y86.818 Z0.500 E0.05877 F1500
G1 X117.416 Y87.175 Z0.500 E0.05877 F1500
G1 X118.601 Y87.594 Z0.500 E0.05877 F1500
G1 X119.762 Y88.075 Z0.500 E0.05877 F1500
G1 X120.896 Y88.616 Z0.500 E0.05877 F1500
G1 X122.000 Y89.215 Z0.500 E0.05877 F1500
G1 X123.071 Y89.872 Z0.500 E0.05877 F1500
G1 X124.107 Y90.584 Z0.500 E0.05877 F1500
G1 X125.104 Y91.348 Z0.500 E0.05877 F1500
G1 X126.059 Y92.165 Z0.500 E0.05877 F1500
G1 X126.971 Y93.029 Z0.500 E0.05877 F1500
G1 X127.835 Y93.941 Z0.500 E0.05877 F1500
G1 X128.652 Y94.896 Z0.500 E0.05877 F1500
G1 X129.416 Y95.893 Z0.500 E0.05877 F1500
G1 X130.128 Y96.929 Z0.500 E0.05877 F1500
G1 X130.785 Y98.000 Z0.500 E0.05877 F1500
G1 X131.384 Y99.104 Z0.500 E0.05877 F1500
G1 X131.925 Y100.238 Z0.500 E0.05877 F1500
G1 X132.406 Y101.399 Z0.500 E0.05877 F1500
G1 X132.825 Y102.584 Z0.500 E0.05877 F1500
G1 X133.182 Y103.788 Z0.500 E0.05877 F1500
G1 X133.476 Y105.010 Z0.500 E0.05877 F1500
G1 X133.705 Y106.246 Z0.500 E0.05877 F1500
G1 X133.869 Y107.491 Z0.500 E0.05877 F1500
G1 X133.967 Y108.744 Z0.500 E0.05877 F1500
G1 X134.000 Y110.000 Z0.500 E0.05877 F1500
G1 E-0.800 F2400
G0 X134.000 Y110.000 Z1.500 F1800
G0 X134.450 Y110.000 Z1.500 F7200
G0 X134.450 Y110.000 Z0.500 F1800
G1 E0.800 F1800
G1 X134.416 Y111.280 Z0.500 E0.05987 F1500
G1 X134.316 Y112.556 Z0.500 E0.05987 F1500
G1 X134.149 Y113.825 Z0.500 E0.05987 F1500
G1 X133.916 Y115.083 Z0.500 E0.05987 F1500
G1 X133.617 Y116.328 Z0.500 E0.05987 F1500
G1 X133.253 Y117.555 Z0.500 E0.05987 F1500
G1 X132.826 Y118.762 Z0.500 E0.05987 F1500
G1 X132.336 Y119.945 Z0.500 E0.05987 F1500
G1 X131.785 Y121.100 Z0.500 E0.05987 F1500
G1 X131.174 Y122.225 Z0.500 E0.05987 F1500
G1 X130.505 Y123.316 Z0.500 E0.05987 F1500
G1 X129.780 Y124.371 Z0.500 E0.05987 F1500
G1 X129.001 Y125.387 Z0.500 E0.05987 F1500
G1 X128.170 Y126.360 Z0.500 E0.05987 F1500
G1 X127.289 Y127.289 Z0.500 E0.05987 F1500
G1 X126.360 Y128.170 Z0.500 E0.05987 F1500
G1 X125.387 Y129.001 Z0.500 E0.05987 F1500
G1 X124.371 Y129.780 Z0.500 E0.05987 F1500
G1 X123.316 Y130.505 Z0.500 E0.05987 F1500
G1 X122.225 Y131.174 Z0.500 E0.05987 F1500
G1 X121.100 Y131.785 Z0.500 E0.05987 F1500
G1 X119.945 Y132.336 Z0.500 E0.05987 F1500
G1 X118.762 Y132.826 Z0.500 E0.05987 F1500
G1 X117.555 Y133.253 Z0.500 E0.05987 F1500
G1 X116.328 Y133.617 Z0.500 E0.05987 F1500
G1 X115.083 Y133.916 Z0.500 E0.05987 F1500
G1 X113.825 Y134.149 Z0.500 E0.05987 F1500
G1 X112.556 Y134.316 Z0.500 E0.05987 F1500
G1 X111.280 Y134.416 Z0.500 E0.05987 F1500
G1 X110.000 Y134.450 Z0.500 E0.05987 F1500
G1 X108.720 Y134.416 Z0.500 E0.05987 F1500
G1 X107.444 Y134.316 Z0.500 E0.05987 F1500
G1 X106.175 Y134.149 Z0.500 E0.05987 F1500
G1 X104.917 Y133.916 Z0.500 E0.05987 F1500
G1 X103.672 Y133.617 Z0.500 E0.05987 F1500
G1 X102.445 Y133.253 Z0.500 E0.05987 F1500
G1 X101.238 Y132.826 Z0.500 E0.05987 F1500
G1 X100.055 Y132.336 Z0.500 E0.05987 F1500
G1 X98.900 Y131.785 Z0.500 E0.05987 F1500
G1 X97.775 Y131.174 Z0.500 E0.05987 F1500
G1 X96.684 Y130.505 Z0.500 E0.05987 F1500
G1 X95.629 Y129.780 Z0.500 E0.05987 F1500
G1 X94.613 Y129.001 Z0.500 E0.05987 F1500
G1 X93.640 Y128.170 Z0.500 E0.05987 F1500
G1 X92.711 Y127.289 Z0.500 E0.05987 F1500
G1 X91.830 Y126.360 Z0.500 E0.05987 F1500
G1 X90.999 Y125.387 Z0.500 E0.05987 F1500
G1 X90.220 Y124.371 Z0.500 E0.05987 F1500
G1 X89.495 Y123.316 Z0.500 E0.05987 F1500
G1 X88.826 Y122.225 Z0.500 E0.05987 F1500
G1 X88.215 Y121.100 Z0.500 E0.05987 F1500
G1 X87.664 Y119.945 Z0.500 E0.05987 F1500
G1 X87.174 Y118.762 Z0.500 E0.05987 F1500
G1 X86.747 Y117.555 Z0.500 E0.05987 F1500
G1 X86.383 Y116.328 Z0.500 E0.05987 F1500
G1 X86.084 Y115.083 Z0.500 E0.05987 F1500
G1 X85.851 Y113.825 Z0.500 E0.05987 F1500
G1 X85.684 Y112.556 Z0.500 E0.05987 F1500
G1 X85.584 Y111.280 Z0.500 E0.05987 F1500
G1 X85.550 Y110.000 Z0.500 E0.05987 F1500
G1 X85.584 Y108.720 Z0.500 E0.05987 F1500
G1 X85.684 Y107.444 Z0.500 E0.05987 F1500
G1 X85.851 Y106.175 Z0.500 E0.05987 F1500
G1 X86.084 Y104.917 Z0.500 E0.05987 F1500
G1 X86.383 Y103.672 Z0.500 E0.05987 F1500
G1 X86.747 Y102.445 Z0.500 E0.05987 F1500
G1 X87.174 Y101.238 Z0.500 E0.05987 F1500
G1 X87.664 Y100.055 Z0.500 E0.05987 F1500
G1 X88.215 Y98.900 Z0.500 E0.05987 F1500
G1 X88.826 Y97.775 Z0.500 E0.05987 F1500
G1 X89.495 Y96.684 Z0.500 E0.05987 F1500
G1 X90.220 Y95.629 Z0.500 E0.05987 F1500
G1 X90.999 Y94.613 Z0.500 E0.05987 F1500
G1 X91.830 Y93.640 Z0.500 E0.05987 F1500
G1 X92.711 Y92.711 Z0.500 E0.05987 F1500
G1 X93.640 Y91.830 Z0.500 E0.05987 F1500
G1 X94.613 Y90.999 Z0.500 E0.05987 F1500
G1 X95.629 Y90.220 Z0.500 E0.05987 F1500
G1 X96.684 Y89.495 Z0.500 E0.05987 F1500
G1 X97.775 Y88.826 Z0.500 E0.05987 F1500
G1 X98.900 Y88.215 Z0.500 E0.05987 F1500
G1 X100.055 Y87.664 Z0.500 E0.05987 F1500
G1 X101.238 Y87.174 Z0.500 E0.05987 F1500
G1 X102.445 Y86.747 Z0.500 E0.05987 F1500
G1 X103.672 Y86.383 Z0.500 E0.05987 F1500
G1 X104.917 Y86.084 Z0.500 E0.05987 F1500
G1 X106.175 Y85.851 Z0.500 E0.05987 F1500
G1 X107.444 Y85.684 Z0.500 E0.05987 F1500
G1 X108.720 Y85.584 Z0.500 E0.05987 F1500
G1 X110.000 Y85.550 Z0.500 E0.05987 F1500
G1 X111.280 Y85.584 Z0.500 E0.05987 F1500
G1 X112.556 Y85.684 Z0.500 E0.05987 F1500
G1 X113.825 Y85.851 Z0.500 E0.05987 F1500
G1 X115.083 Y86.084 Z0.500 E0.05987 F1500
G1 X116.328 Y86.383 Z0.500 E0.05987 F1500
G1 X117.555 Y86.747 Z0.500 E0.05987 F1500
G1 X118.762 Y87.174 Z0.500 E0.05987 F1500
G1 X119.945 Y87.664 Z0.500 E0.05987 F1500
G1 X121.100 Y88.215 Z0.500 E0.05987 F1500
G1 X122.225 Y88.826 Z0.500 E0.05987 F1500
G1 X123.316 Y89.495 Z0.500 E0.05987 F1500
G1 X124.371 Y90.220 Z0.500 E0.05987 F1500
G1 X125.387 Y90.999 Z0.500 E0.05987 F1500
G1 X126.360 Y91.830 Z0.500 E0.05987 F1500
G1 X127.289 Y92.711 Z0.500 E0.05987 F1500
G1 X128.170 Y93.640 Z0.500 E0.05987 F1500
G1 X129.001 Y94.613 Z0.500 E0.05987 F1500
G1 X129.780 Y95.629 Z0.500 E0.05987 F1500
G1 X130.505 Y96.684 Z0.500 E0.05987 F1500
G1 X131.174 Y97.775 Z0.500 E0.05987 F1500
G1 X131.785 Y98.900 Z0.500 E0.05987 F1500
G1 X132.336 Y100.055 Z0.500 E0.05987 F1500
G1 X132.826 Y101.238 Z0.500 E0.05987 F1500
G1 X133.253 Y102.445 Z0.500 E0.05987 F1500
G1 X133.617 Y103.672 Z0.500 E0.05987 F1500
G1 X133.916 Y104.917 Z0.500 E0.05987 F1500
G1 X134.149 Y106.175 Z0.500 E0.05987 F1500
G1 X134.316 Y107.444 Z0.500 E0.05987 F1500
G1 X134.416 Y108.720 Z0.500 E0.05987 F1500
G1 X134.450 Y110.000 Z0.500 E0.05987 F1500
; BASE layer 3
G1 E-0.800 F2400
G0 X134.450 Y110.000 Z1.750 F1800
G0 X129.500 Y110.000 Z1.750 F7200
G0 X129.500 Y110.000 Z0.750 F1800
G1 E0.800 F1800
G1 X129.473 Y111.021 Z0.750 E0.04775 F1500
G1 X129.393 Y112.038 Z0.750 E0.04775 F1500
G1 X129.260 Y113.050 Z0.750 E0.04775 F1500
G1 X129.074 Y114.054 Z0.750 E0.04775 F1500
G1 X128.836 Y115.047 Z0.750 E0.04775 F1500
G1 X128.546 Y116.026 Z0.750 E0.04775 F1500
G1 X128.205 Y116.988 Z0.750 E0.04775 F1500
G1 X127.814 Y117.931 Z0.750 E0.04775 F1500
G1 X127.375 Y118.853 Z0.750 E0.04775 F1500
G1 X126.887 Y119.750 Z0.750 E0.04775 F1500
G1 X126.354 Y120.620 Z0.750 E0.04775 F1500
G1 X125.776 Y121.462 Z0.750 E0.04775 F1500
G1 X125.154 Y122.272 Z0.750 E0.04775 F1500
G1 X124.491 Y123.048 Z0.750 E0.04775 F1500
G1 X123.789 Y123.789 Z0.750 E0.04775 F1500
G1 X123.048 Y124.491 Z0.750 E0.04775 F1500
G1 X122.272 Y125.154 Z0.750 E0.04775 F1500
G1 X121.462 Y125.776 Z0.750 E0.04775 F1500
G1 X120.620 Y126.354 Z0.750 E0.04775 F1500
G1 X119.750 Y126.887 Z0.750 E0.04775 F1500
G1 X118.853 Y127.375 Z0.750 E0.04775 F1500
G1 X117.931 Y127.814 Z0.750 E0.04775 F1500
G1 X116.988 Y128.205 Z0.750 E0.04775 F1500
G1 X116.026 Y128.546 Z0.750 E0.04775 F1500
G1 X115.047 Y128.836 Z0.750 E0.04775 F1500
G1 X114.054 Y129.074 Z0.750 E0.04775 F1500
G1 X113.050 Y129.260 Z0.750 E0.04775 F1500
G1 X112.038 Y129.393 Z0.750 E0.04775 F1500
G1 X111.021 Y129.473 Z0.750 E0.04775 F1500
G1 X110.000 Y129.500 Z0.750 E0.04775 F1500
G1 X108.979 Y129.473 Z0.750 E0.04775 F1500
G1 X107.962 Y129.393 Z0.750 E0.04775 F1500
G1 X106.950 Y129.260 Z0.750 E0.04775 F1500
G1 X105.946 Y129.074 Z0.750 E0.04775 F1500
G1 X104.953 Y128.836 Z0.750 E0.04775 F1500
G1 X103.974 Y128.546 Z0.750 E0.04775 F1500
G1 X103.012 Y128.205 Z0.750 E0.04775 F1500
G1 X102.069 Y127.814 Z0.750 E0.04775 F1500
G1 X101.147 Y127.375 Z0.750 E0.04775 F1500
G1 X100.250 Y126.887 Z0.750 E0.04775 F1500
G1 X99.380 Y126.354 Z0.750 E0.04775 F1500
G1 X98.538 Y125.776 Z0.750 E0.04775 F1500
G1 X97.728 Y125.154 Z0.750 E0.04775 F1500
G1 X96.952 Y124.491 Z0.750 E0.04775 F1500
G1 X96.211 Y123.789 Z0.750 E0.04775 F1500
G1 X95.509 Y123.048 Z0.750 E0.04775 F1500
G1 X94.846 Y122.272 Z0.750 E0.04775 F1500
G1 X94.224 Y121.462 Z0.750 E0.04775 F1500
G1 X93.646 Y120.620 Z0.750 E0.04775 F1500
G1 X93.113 Y119.750 Z0.750 E0.04775 F1500
G1 X92.625 Y118.853 Z0.750 E0.04775 F1500
G1 X92.186 Y117.931 Z0.750 E0.04775 F1500
G1 X91.795 Y116.988 Z0.750 E0.04775 F1500
G1 X91.454 Y116.026 Z0.750 E0.04775 F1500
G1 X91.164 Y115.047 Z0.750 E0.04775 F1500
G1 X90.926 Y114.054 Z0.750 E0.04775 F1500
G1 X90.740 Y113.050 Z0.750 E0.04775 F1500
G1 X90.607 Y112.038 Z0.750 E0.04775 F1500
G1 X90.527 Y111.021 Z0.750 E0.04775 F1500
G1 X90.500 Y110.000 Z0.750 E0.04775 F1500
G1 X90.527 Y108.979 Z0.750 E0.04775 F1500
G1 X90.607 Y107.962 Z0.750 E0.04775 F1500
G1 X90.740 Y106.950 Z0.750 E0.04775 F1500
G1 X90.926 Y105.946 Z0.750 E0.04775 F1500
G1 X91.164 Y104.953 Z0.750 E0.04775 F1500
G1 X91.454 Y103.974 Z0.750 E0.04775 F1500
G1 X91.795 Y103.012 Z0.750 E0.04775 F1500
G1 X92.186 Y102.069 Z0.750 E0.04775 F1500
G1 X92.625 Y101.147 Z0.750 E0.04775 F1500
G1 X93.113 Y100.250 Z0.750 E0.04775 F1500
G1 X93.646 Y99.380 Z0.750 E0.04775 F1500
G1 X94.224 Y98.538 Z0.750 E0.04775 F1500
G1 X94.846 Y97.728 Z0.750 E0.04775 F1500
G1 X95.509 Y96.952 Z0.750 E0.04775 F1500
G1 X96.211 Y96.211 Z0.750 E0.04775 F1500
G1 X96.952 Y95.509 Z0.750 E0.04775 F1500
G1 X97.728 Y94.846 Z0.750 E0.04775 F1500
G1 X98.538 Y94.224 Z0.750 E0.04775 F1500
G1 X99.380 Y93.646 Z0.750 E0.04775 F1500
G1 X100.250 Y93.113 Z0.750 E0.04775 F1500
G1 X101.147 Y92.625 Z0.750 E0.04775 F1500
G1 X102.069 Y92.186 Z0.750 E0.04775 F1500
G1 X103.012 Y91.795 Z0.750 E0.04775 F1500
G1 X103.974 Y91.454 Z0.750 E0.04775 F1500
G1 X104.953 Y91.164 Z0.750 E0.04775 F1500
G1 X105.946 Y90.926 Z0.750 E0.04775 F1500
G1 X106.950 Y90.740 Z0.750 E0.04775 F1500
G1 X107.962 Y90.607 Z0.750 E0.04775 F1500
G1 X108.979 Y90.527 Z0.750 E0.04775 F1500
G1 X110.000 Y90.500 Z0.750 E0.04775 F1500
G1 X111.021 Y90.527 Z0.750 E0.04775 F1500
G1 X112.038 Y90.607 Z0.750 E0.04775 F1500
G1 X113.050 Y90.740 Z0.750 E0.04775 F1500
G1 X114.054 Y90.926 Z0.750 E0.04775 F1500
G1 X115.047 Y91.164 Z0.750 E0.04775 F1500
G1 X116.026 Y91.454 Z0.750 E0.04775 F1500
G1 X116.988 Y91.795 Z0.750 E0.04775 F1500
G1 X117.931 Y92.186 Z0.750 E0.04775 F1500
G1 X118.853 Y92.625 Z0.750 E0.04775 F1500
G1 X119.750 Y93.113 Z0.750 E0.04775 F1500
G1 X120.620 Y93.646 Z0.750 E0.04775 F1500
G1 X121.462 Y94.224 Z0.750 E0.04775 F1500
G1 X122.272 Y94.846 Z0.750 E0.04775 F1500
G1 X123.048 Y95.509 Z0.750 E0.04775 F1500
G1 X123.789 Y96.211 Z0.750 E0.04775 F1500
G1 X124.491 Y96.952 Z0.750 E0.04775 F1500
G1 X125.154 Y97.728 Z0.750 E0.04775 F1500
G1 X125.776 Y98.538 Z0.750 E0.04775 F1500
G1 X126.354 Y99.380 Z0.750 E0.04775 F1500
G1 X126.887 Y100.250 Z0.750 E0.04775 F1500
G1 X127.375 Y101.147 Z0.750 E0.04775 F1500
G1 X127.814 Y102.069 Z0.750 E0.04775 F1500
G1 X128.205 Y103.012 Z0.750 E0.04775 F1500
G1 X128.546 Y103.974 Z0.750 E0.04775 F1500
G1 X128.836 Y104.953 Z0.750 E0.04775 F1500
G1 X129.074 Y105.946 Z0.750 E0.04775 F1500
G1 X129.260 Y106.950 Z0.750 E0.04775 F1500
G1 X129.393 Y107.962 Z0.750 E0.04775 F1500
G1 X129.473 Y108.979 Z0.750 E0.04775 F1500
G1 X129.500 Y110.000 Z0.750 E0.04775 F1500
G1 E-0.800 F2400
G0 X129.500 Y110.000 Z1.750 F1800
G0 X129.950 Y110.000 Z1.750 F7200
G0 X129.950 Y110.000 Z0.750 F1800
G1 E0.800 F1800
G1 X129.923 Y111.044 Z0.750 E0.04885 F1500
G1 X129.841 Y112.085 Z0.750 E0.04885 F1500
G1 X129.704 Y113.121 Z0.750 E0.04885 F1500
G1 X129.514 Y114.148 Z0.750 E0.04885 F1500
G1 X129.270 Y115.163 Z0.750 E0.04885 F1500
G1 X128.974 Y116.165 Z0.750 E0.04885 F1500
G1 X128.625 Y117.149 Z0.750 E0.04885 F1500
G1 X128.225 Y118.114 Z0.750 E0.04885 F1500
G1 X127.776 Y119.057 Z0.750 E0.04885 F1500
G1 X127.277 Y119.975 Z0.750 E0.04885 F1500
G1 X126.731 Y120.866 Z0.750 E0.04885 F1500
G1 X126.140 Y121.726 Z0.750 E0.04885 F1500
G1 X125.504 Y122.555 Z0.750 E0.04885 F1500
G1 X124.826 Y123.349 Z0.750 E0.04885 F1500
G1 X124.107 Y124.107 Z0.750 E0.04885 F1500
G1 X123.349 Y124.826 Z0.750 E0.04885 F1500
G1 X122.555 Y125.504 Z0.750 E0.04885 F1500
G1 X121.726 Y126.140 Z0.750 E0.04885 F1500
G1 X120.866 Y126.731 Z0.750 E0.04885 F1500
G1 X119.975 Y127.277 Z0.750 E0.04885 F1500
G1 X119.057 Y127.776 Z0.750 E0.04885 F1500
G1 X118.114 Y128.225 Z0.750 E0.04885 F1500
G1 X117.149 Y128.625 Z0.750 E0.04885 F1500
G1 X116.165 Y128.974 Z0.750 E0.04885 F1500
G1 X115.163 Y129.270 Z0.750 E0.04885 F1500
G1 X114.148 Y129.514 Z0.750 E0.04885 F1500
G1 X113.121 Y129.704 Z0.750 E0.04885 F1500
G1 X112.085 Y129.841 Z0.750 E0.04885 F1500
G1 X111.044 Y129.923 Z0.750 E0.04885 F1500
G1 X110.000 Y129.950 Z0.750 E0.04885 F1500
G1 X108.956 Y129.923 Z0.750 E0.04885 F1500
G1 X107.915 Y129.841 Z0.750 E0.04885 F1500
G1 X106.879 Y129.704 Z0.750 E0.04885 F1500
G1 X105.852 Y129.514 Z0.750 E0.04885 F1500
G1 X104.837 Y129.270 Z0.750 E0.04885 F1500
G1 X103.835 Y128.974 Z0.750 E0.04885 F1500
G1 X102.851 Y128.625 Z0.750 E0.04885 F1500
G1 X101.886 Y128.225 Z0.750 E0.04885 F1500
G1 X100.943 Y127.776 Z0.750 E0.04885 F1500
G1 X100.025 Y127.277 Z0.750 E0.04885 F1500
G1 X99.134 Y126.731 Z0.750 E0.04885 F1500
G1 X98.274 Y126.140 Z0.750 E0.04885 F1500
G1 X97.445 Y125.504 Z0.750 E0.04885 F1500
G1 X96.651 Y124.826 Z0.750 E0.04885 F1500
G1 X95.893 Y124.107 Z0.750 E0.04885 F1500
G1 X95.174 Y123.349 Z0.750 E0.04885 F1500
G1 X94.496 Y122.555 Z0.750 E0.04885 F1500
G1 X93.860 Y121.726 Z0.750 E0.04885 F1500
G1 X93.269 Y120.866 Z0.750 E0.04885 F1500
G1 X92.723 Y119.975 Z0.750 E0.04885 F1500
G1 X92.224 Y119.057 Z0.750 E0.04885 F1500
G1 X91.775 Y118.114 Z0.750 E0.04885 F1500
G1 X91.375 Y117.149 Z0.750 E0.04885 F1500
G1 X91.026 Y116.165 Z0.750 E0.04885 F1500
G1 X90.730 Y115.163 Z0.750 E0.04885 F1500
G1 X90.486 Y114.148 Z0.750 E0.04885 F1500
G1 X90.296 Y113.121 Z0.750 E0.04885 F1500
G1 X90.159 Y112.085 Z0.750 E0.04885 F1500
G1 X90.077 Y111.044 Z0.750 E0.04885 F1500
G1 X90.050 Y110.000 Z0.750 E0.04885 F1500
G1 X90.077 Y108.956 Z0.750 E0.04885 F1500
G1 X90.159 Y107.915 Z0.750 E0.04885 F1500
G1 X90.296 Y106.879 Z0.750 E0.04885 F1500
G1 X90.486 Y105.852 Z0.750 E0.04885 F1500
G1 X90.730 Y104.837 Z0.750 E0.04885 F1500
G1 X91.026 Y103.835 Z0.750 E0.04885 F1500
G1 X91.375 Y102.851 Z0.750 E0.04885 F1500
G1 X91.775 Y101.886 Z0.750 E0.04885 F1500
G1 X92.224 Y100.943 Z0.750 E0.04885 F1500
G1 X92.723 Y100.025 Z0.750 E0.04885 F1500
G1 X93.269 Y99.134 Z0.750 E0.04885 F1500
G1 X93.860 Y98.274 Z0.750 E0.04885 F1500
G1 X94.496 Y97.445 Z0.750 E0.04885 F1500
G1 X95.174 Y96.651 Z0.750 E0.04885 F1500
G1 X95.893 Y95.893 Z0.750 E0.04885 F1500
G1 X96.651 Y95.174 Z0.750 E0.04885 F1500
G1 X97.445 Y94.496 Z0.750 E0.04885 F1500
G1 X98.274 Y93.860 Z0.750 E0.04885 F1500
G1 X99.134 Y93.269 Z0.750 E0.04885 F1500
G1 X100.025 Y92.723 Z0.750 E0.04885 F1500
G1 X100.943 Y92.224 Z0.750 E0.04885 F1500
G1 X101.886 Y91.775 Z0.750 E0.04885 F1500
G1 X102.851 Y91.375 Z0.750 E0.04885 F1500
G1 X103.835 Y91.026 Z0.750 E0.04885 F1500
G1 X104.837 Y90.730 Z0.750 E0.04885 F1500
G1 X105.852 Y90.486 Z0.750 E0.04885 F1500
G1 X106.879 Y90.296 Z0.750 E0.04885 F1500
G1 X107.915 Y90.159 Z0.750 E0.04885 F1500
G1 X108.956 Y90.077 Z0.750 E0.04885 F1500
G1 X110.000 Y90.050 Z0.750 E0.04885 F1500
G1 X111.044 Y90.077 Z0.750 E0.04885 F1500
G1 X112.085 Y90.159 Z0.750 E0.04885 F1500
G1 X113.121 Y90.296 Z0.750 E0.04885 F1500
G1 X114.148 Y90.486 Z0.750 E0.04885 F1500
G1 X115.163 Y90.730 Z0.750 E0.04885 F1500
G1 X116.165 Y91.026 Z0.750 E0.04885 F1500
G1 X117.149 Y91.375 Z0.750 E0.04885 F1500
G1 X118.114 Y91.775 Z0.750 E0.04885 F1500
G1 X119.057 Y92.224 Z0.750 E0.04885 F1500
G1 X119.975 Y92.723 Z0.750 E0.04885 F1500
G1 X120.866 Y93.269 Z0.750 E0.04885 F1500
G1 X121.726 Y93.860 Z0.750 E0.04885 F1500
G1 X122.555 Y94.496 Z0.750 E0.04885 F1500
G1 X123.349 Y95.174 Z0.750 E0.04885 F1500
G1 X124.107 Y95.893 Z0.750 E0.04885 F1500
G1 X124.826 Y96.651 Z0.750 E0.04885 F1500
G1 X125.504 Y97.445 Z0.750 E0.04885 F1500
G1 X126.140 Y98.274 Z0.750 E0.04885 F1500
G1 X126.731 Y99.134 Z0.750 E0.04885 F1500
G1 X127.277 Y100.025 Z0.750 E0.04885 F1500
G1 X127.776 Y100.943 Z0.750 E0.04885 F1500
G1 X128.225 Y101.886 Z0.750 E0.04885 F1500
G1 X128.625 Y102.851 Z0.750 E0.04885 F1500
G1 X128.974 Y103.835 Z0.750 E0.04885 F1500
G1 X129.270 Y104.837 Z0.750 E0.04885 F1500
G1 X129.514 Y105.852 Z0.750 E0.04885 F1500
G1 X129.704 Y106.879 Z0.750 E0.04885 F1500
G1 X129.841 Y107.915 Z0.750 E0.04885 F1500
G1 X129.923 Y108.956 Z0.750 E0.04885 F1500
G1 X129.950 Y110.000 Z0.750 E0.04885 F1500
G1 E-0.800 F2400
G0 X129.950 Y110.000 Z1.750 F1800
G0 X130.400 Y110.000 Z1.750 F7200
G0 X130.400 Y110.000 Z0.750 F1800
G1 E0.800 F1800
G1 X130.372 Y111.068 Z0.750 E0.04995 F1500
G1 X130.288 Y112.132 Z0.750 E0.04995 F1500
G1 X130.149 Y113.191 Z0.750 E0.04995 F1500
G1 X129.954 Y114.241 Z0.750 E0.04995 F1500
G1 X129.705 Y115.280 Z0.750 E0.04995 F1500
G1 X129.402 Y116.304 Z0.750 E0.04995 F1500
G1 X129.045 Y117.311 Z0.750 E0.04995 F1500
G1 X128.636 Y118.297 Z0.750 E0.04995 F1500
G1 X128.177 Y119.261 Z0.750 E0.04995 F1500
G1 X127.667 Y120.200 Z0.750 E0.04995 F1500
G1 X127.109 Y121.111 Z0.750 E0.04995 F1500
G1 X126.504 Y121.991 Z0.750 E0.04995 F1500
G1 X125.854 Y122.838 Z0.750 E0.04995 F1500
G1 X125.160 Y123.650 Z0.750 E0.04995 F1500
G1 X124.425 Y124.425 Z0.750 E0.04995 F1500
G1 X123.650 Y125.160 Z0.750 E0.04995 F1500
G1 X122.838 Y125.854 Z0.750 E0.04995 F1500
G1 X121.991 Y126.504 Z0.750 E0.04995 F1500
G1 X121.111 Y127.109 Z0.750 E0.04995 F1500
G1 X120.200 Y127.667 Z0.750 E0.04995 F1500
G1 X119.261 Y128.177 Z0.750 E0.04995 F1500
G1 X118.297 Y128.636 Z0.750 E0.04995 F1500
G1 X117.311 Y129.045 Z0.750 E0.04995 F1500
G1 X116.304 Y129.402 Z0.750 E0.04995 F1500
G1 X115.280 Y129.705 Z0.750 E0.04995 F1500
G1 X114.241 Y129.954 Z0.750 E0.04995 F1500
G1 X113.191 Y130.149 Z0.750 E0.04995 F1500
G1 X112.132 Y130.288 Z0.750 E0.04995 F1500
G1 X111.068 Y130.372 Z0.750 E0.04995 F1500
G1 X110.000 Y130.400 Z0.750 E0.04995 F1500
G1 X108.932 Y130.372 Z0.750 E0.04995 F1500
G1 X107.868 Y130.288 Z0.750 E0.04995 F1500
G1 X106.809 Y130.149 Z0.750 E0.04995 F1500
G1 X105.759 Y129.954 Z0.750 E0.04995 F1500
G1 X104.720 Y129.705 Z0.750 E0.04995 F1500
G1 X103.696 Y129.402 Z0.750 E0.04995 F1500
G1 X102.689 Y129.045 Z0.750 E0.04995 F1500
G1 X101.703 Y128.636 Z0.750 E0.04995 F1500
G1 X100.739 Y128.177 Z0.750 E0.04995 F1500
G1 X99.800 Y127.667 Z0.750 E0.04995 F1500
G1 X98.889 Y127.109 Z0.750 E0.04995 F1500
G1 X98.009 Y126.504 Z0.750 E0.04995 F1500
G1 X97.162 Y125.854 Z0.750 E0.04995 F1500
G1 X96.350 Y125.160 Z0.750 E0.04995 F1500
G1 X95.575 Y124.425 Z0.750 E0.04995 F1500
G1 X94.840 Y123.650 Z0.750 E0.04995 F1500
G1 X94.146 Y122.838 Z0.750 E0.04995 F1500
G1 X93.496 Y121.991 Z0.750 E0.04995 F1500
G1 X92.891 Y121.111 Z0.750 E0.04995 F1500
G1 X92.333 Y120.200 Z0.750 E0.04995 F1500
G1 X91.823 Y119.261 Z0.750 E0.04995 F1500
G1 X91.364 Y118.297 Z0.750 E0.04995 F1500
G1 X90.955 Y117.311 Z0.750 E0.04995 F1500
G1 X90.598 Y116.304 Z0.750 E0.04995 F1500
G1 X90.295 Y115.280 Z0.750 E0.04995 F1500
G1 X90.046 Y114.241 Z0.750 E0.04995 F1500
G1 X89.851 Y113.191 Z0.750 E0.04995 F1500
G1 X89.712 Y112.132 Z0.750 E0.04995 F1500
G1 X89.628 Y111.068 Z0.750 E0.04995 F1500
G1 X89.600 Y110.000 Z0.750 E0.04995 F1500
G1 X89.628 Y108.932 Z0.750 E0.04995 F1500
G1 X89.712 Y107.868 Z0.750 E0.04995 F1500
G1 X89.851 Y106.809 Z0.750 E0.04995 F1500
G1 X90.046 Y105.759 Z0.750 E0.04995 F1500
G1 X90.295 Y104.720 Z0.750 E0.04995 F1500
G1 X90.598 Y103.696 Z0.750 E0.04995 F1500
G1 X90.955 Y102.689 Z0.750 E0.04995 F1500
G1 X91.364 Y101.703 Z0.750 E0.04995 F1500
G1 X91.823 Y100.739 Z0.750 E0.04995 F1500
G1 X92.333 Y99.800 Z0.750 E0.04995 F1500
G1 X92.891 Y98.889 Z0.750 E0.04995 F1500
G1 X93.496 Y98.009 Z0.750 E0.04995 F1500
G1 X94.146 Y97.162 Z0.750 E0.04995 F1500
G1 X94.840 Y96.350 Z0.750 E0.04995 F1500
G1 X95.575 Y95.575 Z0.750 E0.04995 F1500
G1 X96.350 Y94.840 Z0.750 E0.04995 F1500
G1 X97.162 Y94.146 Z0.750 E0.04995 F1500
G1 X98.009 Y93.496 Z0.750 E0.04995 F1500
G1 X98.889 Y92.891 Z0.750 E0.04995 F1500
G1 X99.800 Y92.333 Z0.750 E0.04995 F1500
G1 X100.739 Y91.823 Z0.750 E0.04995 F1500
G1 X101.703 Y91.364 Z0.750 E0.04995 F1500
G1 X102.689 Y90.955 Z0.750 E0.04995 F1500
G1 X103.696 Y90.598 Z0.750 E0.04995 F1500
G1 X104.720 Y90.295 Z0.750 E0.04995 F1500
G1 X105.759 Y90.046 Z0.750 E0.04995 F1500
G1 X106.809 Y89.851 Z0.750 E0.04995 F1500
G1 X107.868 Y89.712 Z0.750 E0.04995 F1500
G1 X108.932 Y89.628 Z0.750 E0.04995 F1500
G1 X110.000 Y89.600 Z0.750 E0.04995 F1500
G1 X111.068 Y89.628 Z0.750 E0.04995 F1500
G1 X112.132 Y89.712 Z0.750 E0.04995 F1500
G1 X113.191 Y89.851 Z0.750 E0.04995 F1500
G1 X114.241 Y90.046 Z0.750 E0.04995 F1500
G1 X115.280 Y90.295 Z0.750 E0.04995 F1500
G1 X116.304 Y90.598 Z0.750 E0.04995 F1500
G1 X117.311 Y90.955 Z0.750 E0.04995 F1500
G1 X118.297 Y91.364 Z0.750 E0.04995 F1500
G1 X119.261 Y91.823 Z0.750 E0.04995 F1500
G1 X120.200 Y92.333 Z0.750 E0.04995 F1500
G1 X121.111 Y92.891 Z0.750 E0.04995 F1500
G1 X121.991 Y93.496 Z0.750 E0.04995 F1500
G1 X122.838 Y94.146 Z0.750 E0.04995 F1500
G1 X123.650 Y94.840 Z0.750 E0.04995 F1500
G1 X124.425 Y95.575 Z0.750 E0.04995 F1500
G1 X125.160 Y96.350 Z0.750 E0.04995 F1500
G1 X125.854 Y97.162 Z0.750 E0.04995 F1500
G1 X126.504 Y98.009 Z0.750 E0.04995 F1500
G1 X127.109 Y98.889 Z0.750 E0.04995 F1500
G1 X127.667 Y99.800 Z0.750 E0.04995 F1500
G1 X128.177 Y100.739 Z0.750 E0.04995 F1500
G1 X128.636 Y101.703 Z0.750 E0.04995 F1500
G1 X129.045 Y102.689 Z0.750 E0.04995 F1500
G1 X129.402 Y103.696 Z0.750 E0.04995 F1500
G1 X129.705 Y104.720 Z0.750 E0.04995 F1500
G1 X129.954 Y105.759 Z0.750 E0.04995 F1500
G1 X130.149 Y106.809 Z0.750 E0.04995 F1500
G1 X130.288 Y107.868 Z0.750 E0.04995 F1500
G1 X130.372 Y108.932 Z0.750 E0.04995 F1500
G1 X130.400 Y110.000 Z0.750 E0.04995 F1500
G1 E-0.800 F2400
G0 X130.400 Y110.000 Z1.750 F1800
G0 X130.850 Y110.000 Z1.750 F7200
G0 X130.850 Y110.000 Z0.750 F1800
G1 E0.800 F1800
G1 X130.821 Y111.091 Z0.750 E0.05106 F1500
G1 X130.736 Y112.179 Z0.750 E0.05106 F1500
G1 X130.593 Y113.262 Z0.750 E0.05106 F1500
G1 X130.394 Y114.335 Z0.750 E0.05106 F1500
G1 X130.140 Y115.396 Z0.750 E0.05106 F1500
G1 X129.830 Y116.443 Z0.750 E0.05106 F1500
G1 X129.465 Y117.472 Z0.750 E0.05106 F1500
G1 X129.047 Y118.480 Z0.750 E0.05106 F1500
G1 X128.577 Y119.466 Z0.750 E0.05106 F1500
G1 X128.057 Y120.425 Z0.750 E0.05106 F1500
G1 X127.486 Y121.356 Z0.750 E0.05106 F1500
G1 X126.868 Y122.255 Z0.750 E0.05106 F1500
G1 X126.203 Y123.121 Z0.750 E0.05106 F1500
G1 X125.495 Y123.951 Z0.750 E0.05106 F1500
G1 X124.743 Y124.743 Z0.750 E0.05106 F1500
G1 X123.951 Y125.495 Z0.750 E0.05106 F1500
G1 X123.121 Y126.203 Z0.750 E0.05106 F1500
G1 X122.255 Y126.868 Z0.750 E0.05106 F1500
G1 X121.356 Y127.486 Z0.750 E0.05106 F1500
G1 X120.425 Y128.057 Z0.750 E0.05106 F1500
G1 X119.466 Y128.577 Z0.750 E0.05106 F1500
G1 X118.480 Y129.047 Z0.750 E0.05106 F1500
G1 X117.472 Y129.465 Z0.750 E0.05106 F1500
G1 X116.443 Y129.830 Z0.750 E0.05106 F1500
G1 X115.396 Y130.140 Z0.750 E0.05106 F1500
G1 X114.335 Y130.394 Z0.750 E0.05106 F1500
G1 X113.262 Y130.593 Z0.750 E0.05106 F1500
G1 X112.179 Y130.736 Z0.750 E0.05106 F1500
G1 X111.091 Y130.821 Z0.750 E0.05106 F1500
G1 X110.000 Y130.850 Z0.750 E0.05106 F1500
G1 X108.909 Y130.821 Z0.750 E0.05106 F1500
G1 X107.821 Y130.736 Z0.750 E0.05106 F1500
G1 X106.738 Y130.593 Z0.750 E0.05106 F1500
G1 X105.665 Y130.394 Z0.750 E0.05106 F1500
G1 X104.604 Y130.140 Z0.750 E0.05106 F1500
G1 X103.557 Y129.830 Z0.750 E0.05106 F1500
G1 X102.528 Y129.465 Z0.750 E0.05106 F1500
G1 X101.520 Y129.047 Z0.750 E0.05106 F1500
G1 X100.534 Y128.577 Z0.750 E0.05106 F1500
G1 X99.575 Y128.057 Z0.750 E0.05106 F1500
G1 X98.644 Y127.486 Z0.750 E0.05106 F1500
G1 X97.745 Y126.868 Z0.750 E0.05106 F1500
G1 X96.879 Y126.203 Z0.750 E0.05106 F1500
G1 X96.049 Y125.495 Z0.750 E0.05106 F1500
G1 X95.257 Y124.743 Z0.750 E0.05106 F1500
G1 X94.505 Y123.951 Z0.750 E0.05106 F1500
G1 X93.797 Y123.121 Z0.750 E0.05106 F1500
G1 X93.132 Y122.255 Z0.750 E0.05106 F1500
G1 X92.514 Y121.356 Z0.750 E0.05106 F1500
G1 X91.943 Y120.425 Z0.750 E0.05106 F1500
G1 X91.423 Y119.466 Z0.750 E0.05106 F1500
G1 X90.953 Y118.480 Z0.750 E0.05106 F1500
G1 X90.535 Y117.472 Z0.750 E0.05106 F1500
G1 X90.170 Y116.443 Z0.750 E0.05106 F1500
G1 X89.860 Y115.396 Z0.750 E0.05106 F1500
G1 X89.606 Y114.335 Z0.750 E0.05106 F1500
G1 X89.407 Y113.262 Z0.750 E0.05106 F1500
G1 X89.264 Y112.179 Z0.750 E0.05106 F1500
G1 X89.179 Y111.091 Z0.750 E0.05106 F1500
G1 X89.150 Y110.000 Z0.750 E0.05106 F1500
G1 X89.179 Y108.909 Z0.750 E0.05106 F1500
G1 X89.264 Y107.821 Z0.750 E0.05106 F1500
G1 X89.407 Y106.738 Z0.750 E0.05106 F1500
G1 X89.606 Y105.665 Z0.750 E0.05106 F1500
G1 X89.860 Y104.604 Z0.750 E0.05106 F1500
G1 X90.170 Y103.557 Z0.750 E0.05106 F1500
G1 X90.535 Y102.528 Z0.750 E0.05106 F1500
G1 X90.953 Y101.520 Z0.750 E0.05106 F1500
G1 X91.423 Y100.534 Z0.750 E0.05106 F1500
G1 X91.943 Y99.575 Z0.750 E0.05106 F1500
G1 X92.514 Y98.644 Z0.750 E0.05106 F1500
G1 X93.132 Y97.745 Z0.750 E0.05106 F1500
G1 X93.797 Y96.879 Z0.750 E0.05106 F1500
G1 X94.505 Y96.049 Z0.750 E0.05106 F1500
G1 X95.257 Y95.257 Z0.750 E0.05106 F1500
G1 X96.049 Y94.505 Z0.750 E0.05106 F1500
G1 X96.879 Y93.797 Z0.750 E0.05106 F1500
G1 X97.745 Y93.132 Z0.750 E0.05106 F1500
G1 X98.644 Y92.514 Z0.750 E0.05106 F1500
G1 X99.575 Y91.943 Z0.750 E0.05106 F1500
G1 X100.534 Y91.423 Z0.750 E0.05106 F1500
G1 X101.520 Y90.953 Z0.750 E0.05106 F1500
G1 X102.528 Y90.535 Z0.750 E0.05106 F1500
G1 X103.557 Y90.170 Z0.750 E0.05106 F1500
G1 X104.604 Y89.860 Z0.750 E0.05106 F1500
G1 X105.665 Y89.606 Z0.750 E0.05106 F1500
G1 X106.738 Y89.407 Z0.750 E0.05106 F1500
G1 X107.821 Y89.264 Z0.750 E0.05106 F1500
G1 X108.909 Y89.179 Z0.750 E0.05106 F1500
G1 X110.000 Y89.150 Z0.750 E0.05106 F1500
G1 X111.091 Y89.179 Z0.750 E0.05106 F1500
G1 X112.179 Y89.264 Z0.750 E0.05106 F1500
G1 X113.262 Y89.407 Z0.750 E0.05106 F1500
G1 X114.335 Y89.606 Z0.750 E0.05106 F1500
G1 X115.396 Y89.860 Z0.750 E0.05106 F1500
G1 X116.443 Y90.170 Z0.750 E0.05106 F1500
G1 X117.472 Y90.535 Z0.750 E0.05106 F1500
G1 X118.480 Y90.953 Z0.750 E0.05106 F1500
G1 X119.466 Y91.423 Z0.750 E0.05106 F1500
G1 X120.425 Y91.943 Z0.750 E0.05106 F1500
G1 X121.356 Y92.514 Z0.750 E0.05106 F1500
G1 X122.255 Y93.132 Z0.750 E0.05106 F1500
G1 X123.121 Y93.797 Z0.750 E0.05106 F1500
G1 X123.951 Y94.505 Z0.750 E0.05106 F1500
G1 X124.743 Y95.257 Z0.750 E0.05106 F1500
G1 X125.495 Y96.049 Z0.750 E0.05106 F1500
G1 X126.203 Y96.879 Z0.750 E0.05106 F1500
G1 X126.868 Y97.745 Z0.750 E0.05106 F1500
G1 X127.486 Y98.644 Z0.750 E0.05106 F1500
G1 X128.057 Y99.575 Z0.750 E0.05106 F1500
G1 X128.577 Y100.534 Z0.750 E0.05106 F1500
G1 X129.047 Y101.520 Z0.750 E0.05106 F1500
G1 X129.465 Y102.528 Z0.750 E0.05106 F1500
G1 X129.830 Y103.557 Z0.750 E0.05106 F1500
G1 X130.140 Y104.604 Z0.750 E0.05106 F1500
G1 X130.394 Y105.665 Z0.750 E0.05106 F1500
G1 X130.593 Y106.738 Z0.750 E0.05106 F1500
G1 X130.736 Y107.821 Z0.750 E0.05106 F1500
G1 X130.821 Y108.909 Z0.750 E0.05106 F1500
G1 X130.850 Y110.000 Z0.750 E0.05106 F1500
G1 E-0.800 F2400
G0 X130.850 Y110.000 Z1.750 F1800
G0 X131.300 Y110.000 Z1.750 F7200
G0 X131.300 Y110.000 Z0.750 F1800
G1 E0.800 F1800
G1 X131.271 Y111.115 Z0.750 E0.05216 F1500
G1 X131.183 Y112.226 Z0.750 E0.05216 F1500
G1 X131.038 Y113.332 Z0.750 E0.05216 F1500
G1 X130.835 Y114.429 Z0.750 E0.05216 F1500
G1 X130.574 Y115.513 Z0.750 E0.05216 F1500
G1 X130.258 Y116.582 Z0.750 E0.05216 F1500
G1 X129.885 Y117.633 Z0.750 E0.05216 F1500
G1 X129.459 Y118.663 Z0.750 E0.05216 F1500
G1 X128.978 Y119.670 Z0.750 E0.05216 F1500
G1 X128.446 Y120.650 Z0.750 E0.05216 F1500
G1 X127.864 Y121.601 Z0.750 E0.05216 F1500
G1 X127.232 Y122.520 Z0.750 E0.05216 F1500
G1 X126.553 Y123.405 Z0.750 E0.05216 F1500
G1 X125.829 Y124.252 Z0.750 E0.05216 F1500
G1 X125.061 Y125.061 Z0.750 E0.05216 F1500
G1 X124.252 Y125.829 Z0.750 E0.05216 F1500
G1 X123.405 Y126.553 Z0.750 E0.05216 F1500
G1 X122.520 Y127.232 Z0.750 E0.05216 F1500
G1 X121.601 Y127.864 Z0.750 E0.05216 F1500
G1 X120.650 Y128.446 Z0.750 E0.05216 F1500
G1 X119.670 Y128.978 Z0.750 E0.05216 F1500
G1 X118.663 Y129.459 Z0.750 E0.05216 F1500
G1 X117.633 Y129.885 Z0.750 E0.05216 F1500
G1 X116.582 Y130.258 Z0.750 E0.05216 F1500
G1 X115.513 Y130.574 Z0.750 E0.05216 F1500
G1 X114.429 Y130.835 Z0.750 E0.05216 F1500
G1 X113.332 Y131.038 Z0.750 E0.05216 F1500
G1 X112.226 Y131.183 Z0.750 E0.05216 F1500
G1 X111.115 Y131.271 Z0.750 E0.05216 F1500
G1 X110.000 Y131.300 Z0.750 E0.05216 F1500
G1 X108.885 Y131.271 Z0.750 E0.05216 F1500
G1 X107.774 Y131.183 Z0.750 E0.05216 F1500
G1 X106.668 Y131.038 Z0.750 E0.05216 F1500
G1 X105.571 Y130.835 Z0.750 E0.05216 F1500
G1 X104.487 Y130.574 Z0.750 E0.05216 F1500
G1 X103.418 Y130.258 Z0.750 E0.05216 F1500
G1 X102.367 Y129.885 Z0.750 E0.05216 F1500
G1 X101.337 Y129.459 Z0.750 E0.05216 F1500
G1 X100.330 Y128.978 Z0.750 E0.05216 F1500
G1 X99.350 Y128.446 Z0.750 E0.05216 F1500
G1 X98.399 Y127.864 Z0.750 E0.05216 F1500
G1 X97.480 Y127.232 Z0.750 E0.05216 F1500
G1 X96.595 Y126.553 Z0.750 E0.05216 F1500
G1 X95.748 Y125.829 Z0.750 E0.05216 F1500
G1 X94.939 Y125.061 Z0.750 E0.05216 F1500
G1 X94.171 Y124.252 Z0.750 E0.05216 F1500
G1 X93.447 Y123.405 Z0.750 E0.05216 F1500
G1 X92.768 Y122.520 Z0.750 E0.05216 F1500
G1 X92.136 Y121.601 Z0.750 E0.05216 F1500
G1 X91.554 Y120.650 Z0.750 E0.05216 F1500
G1 X91.022 Y119.670 Z0.750 E0.05216 F1500
G1 X90.541 Y118.663 Z0.750 E0.05216 F1500
G1 X90.115 Y117.633 Z0.750 E0.05216 F1500
G1 X89.742 Y116.582 Z0.750 E0.05216 F1500
G1 X89.426 Y115.513 Z0.750 E0.05216 F1500
G1 X89.165 Y114.429 Z0.750 E0.05216 F1500
G1 X88.962 Y113.332 Z0.750 E0.05216 F1500
G1 X88.817 Y112.226 Z0.750 E0.05216 F1500
G1 X88.729 Y111.115 Z0.750 E0.05216 F1500
G1 X88.700 Y110.000 Z0.750 E0.05216 F1500
G1 X88.729 Y108.885 Z0.750 E0.05216 F1500
G1 X88.817 Y107.774 Z0.750 E0.05216 F1500
G1 X88.962 Y106.668 Z0.750 E0.05216 F1500
G1 X89.165 Y105.571 Z0.750 E0.05216 F1500
G1 X89.426 Y104.487 Z0.750 E0.05216 F1500
G1 X89.742 Y103.418 Z0.750 E0.05216 F1500
G1 X90.115 Y102.367 Z0.750 E0.05216 F1500
G1 X90.541 Y101.337 Z0.750 E0.05216 F1500
G1 X91.022 Y100.330 Z0.750 E0.05216 F1500
G1 X91.554 Y99.350 Z0.750 E0.05216 F1500
G1 X92.136 Y98.399 Z0.750 E0.05216 F1500
G1 X92.768 Y97.480 Z0.750 E0.05216 F1500
G1 X93.447 Y96.595 Z0.750 E0.05216 F1500
G1 X94.171 Y95.748 Z0.750 E0.05216 F1500
G1 X94.939 Y94.939 Z0.750 E0.05216 F1500
G1 X95.748 Y94.171 Z0.750 E0.05216 F1500
G1 X96.595 Y93.447 Z0.750 E0.05216 F1500
G1 X97.480 Y92.768 Z0.750 E0.05216 F1500
G1 X98.399 Y92.136 Z0.750 E0.05216 F1500
G1 X99.350 Y91.554 Z0.750 E0.05216 F1500
G1 X100.330 Y91.022 Z0.750 E0.05216 F1500
G1 X101.337 Y90.541 Z0.750 E0.05216 F1500
G1 X102.367 Y90.115 Z0.750 E0.05216 F1500
G1 X103.418 Y89.742 Z0.750 E0.05216 F1500
G1 X104.487 Y89.426 Z0.750 E0.05216 F1500
G1 X105.571 Y89.165 Z0.750 E0.05216 F1500
G1 X106.668 Y88.962 Z0.750 E0.05216 F1500
G1 X107.774 Y88.817 Z0.750 E0.05216 F1500
G1 X108.885 Y88.729 Z0.750 E0.05216 F1500
G1 X110.000 Y88.700 Z0.750 E0.05216 F1500
G1 X111.115 Y88.729 Z0.750 E0.05216 F1500
G1 X112.226 Y88.817 Z0.750 E0.05216 F1500
G1 X113.332 Y88.962 Z0.750 E0.05216 F1500
G1 X114.429 Y89.165 Z0.750 E0.05216 F1500
G1 X115.513 Y89.426 Z0.750 E0.05216 F1500
G1 X116.582 Y89.742 Z0.750 E0.05216 F1500
G1 X117.633 Y90.115 Z0.750 E0.05216 F1500
G1 X118.663 Y90.541 Z0.750 E0.05216 F1500
G1 X119.670 Y91.022 Z0.750 E0.05216 F1500
G1 X120.650 Y91.554 Z0.750 E0.05216 F1500
G1 X121.601 Y92.136 Z0.750 E0.05216 F1500
G1 X122.520 Y92.768 Z0.750 E0.05216 F1500
G1 X123.405 Y93.447 Z0.750 E0.05216 F1500
G1 X124.252 Y94.171 Z0.750 E0.05216 F1500
G1 X125.061 Y94.939 Z0.750 E0.05216 F1500
G1 X125.829 Y95.748 Z0.750 E0.05216 F1500
G1 X126.553 Y96.595 Z0.750 E0.05216 F1500
G1 X127.232 Y97.480 Z0.750 E0.05216 F1500
G1 X127.864 Y98.399 Z0.750 E0.05216 F1500
G1 X128.446 Y99.350 Z0.750 E0.05216 F1500
G1 X128.978 Y100.330 Z0.750 E0.05216 F1500
G1 X129.459 Y101.337 Z0.750 E0.05216 F1500
G1 X129.885 Y102.367 Z0.750 E0.05216 F1500
G1 X130.258 Y103.418 Z0.750 E0.05216 F1500
G1 X130.574 Y104.487 Z0.750 E0.05216 F1500
G1 X130.835 Y105.571 Z0.750 E0.05216 F1500
G1 X131.038 Y106.668 Z0.750 E0.05216 F1500
G1 X131.183 Y107.774 Z0.750 E0.05216 F1500
G1 X131.271 Y108.885 Z0.750 E0.05216 F1500
G1 X131.300 Y110.000 Z0.750 E0.05216 F1500
G1 E-0.800 F2400
G0 X131.300 Y110.000 Z1.750 F1800
G0 X131.750 Y110.000 Z1.750 F7200
G0 X131.750 Y110.000 Z0.750 F1800
G1 E0.800 F1800
G1 X131.720 Y111.138 Z0.750 E0.05326 F1500
G1 X131.631 Y112.273 Z0.750 E0.05326 F1500
G1 X131.482 Y113.402 Z0.750 E0.05326 F1500
G1 X131.275 Y114.522 Z0.750 E0.05326 F1500
G1 X131.009 Y115.629 Z0.750 E0.05326 F1500
G1 X130.685 Y116.721 Z0.750 E0.05326 F1500
G1 X130.305 Y117.795 Z0.750 E0.05326 F1500
G1 X129.870 Y118.847 Z0.750 E0.05326 F1500
G1 X129.379 Y119.874 Z0.750 E0.05326 F1500
G1 X128.836 Y120.875 Z0.750 E0.05326 F1500
G1 X128.241 Y121.846 Z0.750 E0.05326 F1500
G1 X127.596 Y122.784 Z0.750 E0.05326 F1500
G1 X126.903 Y123.688 Z0.750 E0.05326 F1500
G1 X126.163 Y124.554 Z0.750 E0.05326 F1500
G1 X125.380 Y125.380 Z0.750 E0.05326 F1500
G1 X124.554 Y126.163 Z0.750 E0.05326 F1500
G1 X123.688 Y126.903 Z0.750 E0.05326 F1500
G1 X122.784 Y127.596 Z0.750 E0.05326 F1500
G1 X121.846 Y128.241 Z0.750 E0.05326 F1500
G1 X120.875 Y128.836 Z0.750 E0.05326 F1500
G1 X119.874 Y129.379 Z0.750 E0.05326 F1500
G1 X118.847 Y129.870 Z0.750 E0.05326 F1500
G1 X117.795 Y130.305 Z0.750 E0.05326 F1500
G1 X116.721 Y130.685 Z0.750 E0.05326 F1500
G1 X115.629 Y131.009 Z0.750 E0.05326 F1500
G1 X114.522 Y131.275 Z0.750 E0.05326 F1500
G1 X113.402 Y131.482 Z0.750 E0.05326 F1500
G1 X112.273 Y131.631 Z0.750 E0.05326 F1500
G1 X111.138 Y131.720 Z0.750 E0.05326 F1500
G1 X110.000 Y131.750 Z0.750 E0.05326 F1500
G1 X108.862 Y131.720 Z0.750 E0.05326 F1500
G1 X107.727 Y131.631 Z0.750 E0.05326 F1500
G1 X106.598 Y131.482 Z0.750 E0.05326 F1500
G1 X105.478 Y131.275 Z0.750 E0.05326 F1500
G1 X104.371 Y131.009 Z0.750 E0.05326 F1500
G1 X103.279 Y130.685 Z0.750 E0.05326 F1500
G1 X102.205 Y130.305 Z0.750 E0.05326 F1500
G1 X101.153 Y129.870 Z0.750 E0.05326 F1500
G1 X100.126 Y129.379 Z0.750 E0.05326 F1500
G1 X99.125 Y128.836 Z0.750 E0.05326 F1500
G1 X98.154 Y128.241 Z0.750 E0.05326 F1500
G1 X97.216 Y127.596 Z0.750 E0.05326 F1500
G1 X96.312 Y126.903 Z0.750 E0.05326 F1500
G1 X95.446 Y126.163 Z0.750 E0.05326 F1500
G1 X94.620 Y125.380 Z0.750 E0.05326 F1500
G1 X93.837 Y124.554 Z0.750 E0.05326 F1500
G1 X93.097 Y123.688 Z0.750 E0.05326 F1500
G1 X92.404 Y122.784 Z0.750 E0.05326 F1500
G1 X91.759 Y121.846 Z0.750 E0.05326 F1500
G1 X91.164 Y120.875 Z0.750 E0.05326 F1500
G1 X90.621 Y119.874 Z0.750 E0.05326 F1500
G1 X90.130 Y118.847 Z0.750 E0.05326 F1500
G1 X89.695 Y117.795 Z0.750 E0.05326 F1500
G1 X89.315 Y116.721 Z0.750 E0.05326 F1500
G1 X88.991 Y115.629 Z0.750 E0.05326 F1500
G1 X88.725 Y114.522 Z0.750 E0.05326 F1500
G1 X88.518 Y113.402 Z0.750 E0.05326 F1500
G1 X88.369 Y112.273 Z0.750 E0.05326 F1500
G1 X88.280 Y111.138 Z0.750 E0.05326 F1500
G1 X88.250 Y110.000 Z0.750 E0.05326 F1500
G1 X88.280 Y108.862 Z0.750 E0.05326 F1500
G1 X88.369 Y107.727 Z0.750 E0.05326 F1500
G1 X88.518 Y106.598 Z0.750 E0.05326 F1500
G1 X88.725 Y105.478 Z0.750 E0.05326 F1500
G1 X88.991 Y104.371 Z0.750 E0.05326 F1500
G1 X89.315 Y103.279 Z0.750 E0.05326 F1500
G1 X89.695 Y102.205 Z0.750 E0.05326 F1500
G1 X90.130 Y101.153 Z0.750 E0.05326 F1500
G1 X90.621 Y100.126 Z0.750 E0.05326 F1500
G1 X91.164 Y99.125 Z0.750 E0.05326 F1500
G1 X91.759 Y98.154 Z0.750 E0.05326 F1500
G1 X92.404 Y97.216 Z0.750 E0.05326 F1500
G1 X93.097 Y96.312 Z0.750 E0.05326 F1500
G1 X93.837 Y95.446 Z0.750 E0.05326 F1500
G1 X94.620 Y94.620 Z0.750 E0.05326 F1500
G1 X95.446 Y93.837 Z0.750 E0.05326 F1500
G1 X96.312 Y93.097 Z0.750 E0.05326 F1500
G1 X97.216 Y92.404 Z0.750 E0.05326 F1500
G1 X98.154 Y91.759 Z0.750 E0.05326 F1500
G1 X99.125 Y91.164 Z0.750 E0.05326 F1500
G1 X100.126 Y90.621 Z0.750 E0.05326 F1500
G1 X101.153 Y90.130 Z0.750 E0.05326 F1500
G1 X102.205 Y89.695 Z0.750 E0.05326 F1500
G1 X103.279 Y89.315 Z0.750 E0.05326 F1500
G1 X104.371 Y88.991 Z0.750 E0.05326 F1500
G1 X105.478 Y88.725 Z0.750 E0.05326 F1500
G1 X106.598 Y88.518 Z0.750 E0.05326 F1500
G1 X107.727 Y88.369 Z0.750 E0.05326 F1500
G1 X108.862 Y88.280 Z0.750 E0.05326 F1500
G1 X110.000 Y88.250 Z0.750 E0.05326 F1500
G1 X111.138 Y88.280 Z0.750 E0.05326 F1500
G1 X112.273 Y88.369 Z0.750 E0.05326 F1500
G1 X113.402 Y88.518 Z0.750 E0.05326 F1500
G1 X114.522 Y88.725 Z0.750 E0.05326 F1500
G1 X115.629 Y88.991 Z0.750 E0.05326 F1500
G1 X116.721 Y89.315 Z0.750 E0.05326 F1500
G1 X117.795 Y89.695 Z0.750 E0.05326 F1500
G1 X118.847 Y90.130 Z0.750 E0.05326 F1500
G1 X119.874 Y90.621 Z0.750 E0.05326 F1500
G1 X120.875 Y91.164 Z0.750 E0.05326 F1500
G1 X121.846 Y91.759 Z0.750 E0.05326 F1500
G1 X122.784 Y92.404 Z0.750 E0.05326 F1500
G1 X123.688 Y93.097 Z0.750 E0.05326 F1500
G1 X124.554 Y93.837 Z0.750 E0.05326 F1500
G1 X125.380 Y94.620 Z0.750 E0.05326 F1500
G1 X126.163 Y95.446 Z0.750 E0.05326 F1500
G1 X126.903 Y96.312 Z0.750 E0.05326 F1500
G1 X127.596 Y97.216 Z0.750 E0.05326 F1500
G1 X128.241 Y98.154 Z0.750 E0.05326 F1500
G1 X128.836 Y99.125 Z0.750 E0.05326 F1500
G1 X129.379 Y100.126 Z0.750 E0.05326 F1500
G1 X129.870 Y101.153 Z0.750 E0.05326 F1500
G1 X130.305 Y102.205 Z0.750 E0.05326 F1500
G1 X130.685 Y103.279 Z0.750 E0.05326 F1500
G1 X131.009 Y104.371 Z0.750 E0.05326 F1500
G1 X131.275 Y105.478 Z0.750 E0.05326 F1500
G1 X131.482 Y106.598 Z0.750 E0.05326 F1500
G1 X131.631 Y107.727 Z0.750 E0.05326 F1500
G1 X131.720 Y108.862 Z0.750 E0.05326 F1500
G1 X131.750 Y110.000 Z0.750 E0.05326 F1500
G1 E-0.800 F2400
G0 X131.750 Y110.000 Z1.750 F1800
G0 X132.200 Y110.000 Z1.750 F7200
G0 X132.200 Y110.000 Z0.750 F1800
G1 E0.800 F1800
G1 X132.170 Y111.162 Z0.750 E0.05436 F1500
G1 X132.078 Y112.321 Z0.750 E0.05436 F1500
G1 X131.927 Y113.473 Z0.750 E0.05436 F1500
G1 X131.715 Y114.616 Z0.750 E0.05436 F1500
G1 X131.444 Y115.746 Z0.750 E0.05436 F1500
G1 X131.113 Y116.860 Z0.750 E0.05436 F1500
G1 X130.725 Y117.956 Z0.750 E0.05436 F1500
G1 X130.281 Y119.030 Z0.750 E0.05436 F1500
G1 X129.780 Y120.079 Z0.750 E0.05436 F1500
G1 X129.226 Y121.100 Z0.750 E0.05436 F1500
G1 X128.618 Y122.091 Z0.750 E0.05436 F1500
G1 X127.960 Y123.049 Z0.750 E0.05436 F1500
G1 X127.253 Y123.971 Z0.750 E0.05436 F1500
G1 X126.498 Y124.855 Z0.750 E0.05436 F1500
G1 X125.698 Y125.698 Z0.750 E0.05436 F1500
G1 X124.855 Y126.498 Z0.750 E0.05436 F1500
G1 X123.971 Y127.253 Z0.750 E0.05436 F1500
G1 X123.049 Y127.960 Z0.750 E0.05436 F1500
G1 X122.091 Y128.618 Z0.750 E0.05436 F1500
G1 X121.100 Y129.226 Z0.750 E0.05436 F1500
G1 X120.079 Y129.780 Z0.750 E0.05436 F1500
G1 X119.030 Y130.281 Z0.750 E0.05436 F1500
G1 X117.956 Y130.725 Z0.750 E0.05436 F1500
G1 X116.860 Y131.113 Z0.750 E0.05436 F1500
G1 X115.746 Y131.444 Z0.750 E0.05436 F1500
G1 X114.616 Y131.715 Z0.750 E0.05436 F1500
G1 X113.473 Y131.927 Z0.750 E0.05436 F1500
G1 X112.321 Y132.078 Z0.750 E0.05436 F1500
G1 X111.162 Y132.170 Z0.750 E0.05436 F1500
G1 X110.000 Y132.200 Z0.750 E0.05436 F1500
G1 X108.838 Y132.170 Z0.750 E0.05436 F1500
G1 X107.679 Y132.078 Z0.750 E0.05436 F1500
G1 X106.527 Y131.927 Z0.750 E0.05436 F1500
G1 X105.384 Y131.715 Z0.750 E0.05436 F1500
G1 X104.254 Y131.444 Z0.750 E0.05436 F1500
G1 X103.140 Y131.113 Z0.750 E0.05436 F1500
G1 X102.044 Y130.725 Z0.750 E0.05436 F1500
G1 X100.970 Y130.281 Z0.750 E0.05436 F1500
G1 X99.921 Y129.780 Z0.750 E0.05436 F1500
G1 X98.900 Y129.226 Z0.750 E0.05436 F1500
G1 X97.909 Y128.618 Z0.750 E0.05436 F1500
G1 X96.951 Y127.960 Z0.750 E0.05436 F1500
G1 X96.029 Y127.253 Z0.750 E0.05436 F1500
G1 X95.145 Y126.498 Z0.750 E0.05436 F1500
G1 X94.302 Y125.698 Z0.750 E0.05436 F1500
G1 X93.502 Y124.855 Z0.750 E0.05436 F1500
G1 X92.747 Y123.971 Z0.750 E0.05436 F1500
G1 X92.040 Y123.049 Z0.750 E0.05436 F1500
G1 X91.382 Y122.091 Z0.750 E0.05436 F1500
G1 X90.774 Y121.100 Z0.750 E0.05436 F1500
G1 X90.220 Y120.079 Z0.750 E0.05436 F1500
G1 X89.719 Y119.030 Z0.750 E0.05436 F1500
G1 X89.275 Y117.956 Z0.750 E0.05436 F1500
G1 X88.887 Y116.860 Z0.750 E0.05436 F1500
G1 X88.556 Y115.746 Z0.750 E0.05436 F1500
G1 X88.285 Y114.616 Z0.750 E0.05436 F1500
G1 X88.073 Y113.473 Z0.750 E0.05436 F1500
G1 X87.922 Y112.321 Z0.750 E0.05436 F1500
G1 X87.830 Y111.162 Z0.750 E0.05436 F1500
G1 X87.800 Y110.000 Z0.750 E0.05436 F1500
G1 X87.830 Y108.838 Z0.750 E0.05436 F1500
G1 X87.922 Y107.679 Z0.750 E0.05436 F1500
G1 X88.073 Y106.527 Z0.750 E0.05436 F1500
G1 X88.285 Y105.384 Z0.750 E0.05436 F1500
G1 X88.556 Y104.254 Z0.750 E0.05436 F1500
G1 X88.887 Y103.140 Z0.750 E0.05436 F1500
G1 X89.275 Y102.044 Z0.750 E0.05436 F1500
G1 X89.719 Y100.970 Z0.750 E0.05436 F1500
G1 X90.220 Y99.921 Z0.750 E0.05436 F1500
G1 X90.774 Y98.900 Z0.750 E0.05436 F1500
G1 X91.382 Y97.909 Z0.750 E0.05436 F1500
G1 X92.040 Y96.951 Z0.750 E0.05436 F1500
G1 X92.747 Y96.029 Z0.750 E0.05436 F1500
G1 X93.502 Y95.145 Z0.750 E0.05436 F1500
G1 X94.302 Y94.302 Z0.750 E0.05436 F1500
G1 X95.145 Y93.502 Z0.750 E0.05436 F1500
G1 X96.029 Y92.747 Z0.750 E0.05436 F1500
G1 X96.951 Y92.040 Z0.750 E0.05436 F1500
G1 X97.909 Y91.382 Z0.750 E0.05436 F1500
G1 X98.900 Y90.774 Z0.750 E0.05436 F1500
G1 X99.921 Y90.220 Z0.750 E0.05436 F1500
G1 X100.970 Y89.719 Z0.750 E0.05436 F1500
G1 X102.044 Y89.275 Z0.750 E0.05436 F1500
G1 X103.140 Y88.887 Z0.750 E0.05436 F1500
G1 X104.254 Y88.556 Z0.750 E0.05436 F1500
G1 X105.384 Y88.285 Z0.750 E0.05436 F1500
G1 X106.527 Y88.073 Z0.750 E0.05436 F1500
G1 X107.679 Y87.922 Z0.750 E0.05436 F1500
G1 X108.838 Y87.830 Z0.750 E0.05436 F1500
G1 X110.000 Y87.800 Z0.750 E0.05436 F1500
G1 X111.162 Y87.830 Z0.750 E0.05436 F1500
G1 X112.321 Y87.922 Z0.750 E0.05436 F1500
G1 X113.473 Y88.073 Z0.750 E0.05436 F1500
G1 X114.616 Y88.285 Z0.750 E0.05436 F1500
G1 X115.746 Y88.556 Z0.750 E0.05436 F1500
G1 X116.860 Y88.887 Z0.750 E0.05436 F1500
G1 X117.956 Y89.275 Z0.750 E0.05436 F1500
G1 X119.030 Y89.719 Z0.750 E0.05436 F1500
G1 X120.079 Y90.220 Z0.750 E0.05436 F1500
G1 X121.100 Y90.774 Z0.750 E0.05436 F1500
G1 X122.091 Y91.382 Z0.750 E0.05436 F1500
G1 X123.049 Y92.040 Z0.750 E0.05436 F1500
G1 X123.971 Y92.747 Z0.750 E0.05436 F1500
G1 X124.855 Y93.502 Z0.750 E0.05436 F1500
G1 X125.698 Y94.302 Z0.750 E0.05436 F1500
G1 X126.498 Y95.145 Z0.750 E0.05436 F1500
G1 X127.253 Y96.029 Z0.750 E0.05436 F1500
G1 X127.960 Y96.951 Z0.750 E0.05436 F1500
G1 X128.618 Y97.909 Z0.750 E0.05436 F1500
G1 X129.226 Y98.900 Z0.750 E0.05436 F1500
G1 X129.780 Y99.921 Z0.750 E0.05436 F1500
G1 X130.281 Y100.970 Z0.750 E0.05436 F1500
G1 X130.725 Y102.044 Z0.750 E0.05436 F1500
G1 X131.113 Y103.140 Z0.750 E0.05436 F1500
G1 X131.444 Y104.254 Z0.750 E0.05436 F1500
G1 X131.715 Y105.384 Z0.750 E0.05436 F1500
G1 X131.927 Y106.527 Z0.750 E0.05436 F1500
G1 X132.078 Y107.679 Z0.750 E0.05436 F1500
G1 X132.170 Y108.838 Z0.750 E0.05436 F1500
G1 X132.200 Y110.000 Z0.750 E0.05436 F1500
G1 E-0.800 F2400
G0 X132.200 Y110.000 Z1.750 F1800
G0 X132.650 Y110.000 Z1.750 F7200
G0 X132.650 Y110.000 Z0.750 F1800
G1 E0.800 F1800
G1 X132.619 Y111.185 Z0.750 E0.05546 F1500
G1 X132.526 Y112.368 Z0.750 E0.05546 F1500
G1 X132.371 Y113.543 Z0.750 E0.05546 F1500
G1 X132.155 Y114.709 Z0.750 E0.05546 F1500
G1 X131.878 Y115.862 Z0.750 E0.05546 F1500
G1 X131.541 Y116.999 Z0.750 E0.05546 F1500
G1 X131.146 Y118.117 Z0.750 E0.05546 F1500
G1 X130.692 Y119.213 Z0.750 E0.05546 F1500
G1 X130.181 Y120.283 Z0.750 E0.05546 F1500
G1 X129.615 Y121.325 Z0.750 E0.05546 F1500
G1 X128.996 Y122.336 Z0.750 E0.05546 F1500
G1 X128.324 Y123.313 Z0.750 E0.05546 F1500
G1 X127.602 Y124.254 Z0.750 E0.05546 F1500
G1 X126.832 Y125.156 Z0.750 E0.05546 F1500
G1 X126.016 Y126.016 Z0.750 E0.05546 F1500
G1 X125.156 Y126.832 Z0.750 E0.05546 F1500
G1 X124.254 Y127.602 Z0.750 E0.05546 F1500
G1 X123.313 Y128.324 Z0.750 E0.05546 F1500
G1 X122.336 Y128.996 Z0.750 E0.05546 F1500
G1 X121.325 Y129.615 Z0.750 E0.05546 F1500
G1 X120.283 Y130.181 Z0.750 E0.05546 F1500
G1 X119.213 Y130.692 Z0.750 E0.05546 F1500
G1 X118.117 Y131.146 Z0.750 E0.05546 F1500
G1 X116.999 Y131.541 Z0.750 E0.05546 F1500
G1 X115.862 Y131.878 Z0.750 E0.05546 F1500
G1 X114.709 Y132.155 Z0.750 E0.05546 F1500
G1 X113.543 Y132.371 Z0.750 E0.05546 F1500
G1 X112.368 Y132.526 Z0.750 E0.05546 F1500
G1 X111.185 Y132.619 Z0.750 E0.05546 F1500
G1 X110.000 Y132.650 Z0.750 E0.05546 F1500
G1 X108.815 Y132.619 Z0.750 E0.05546 F1500
G1 X107.632 Y132.526 Z0.750 E0.05546 F1500
G1 X106.457 Y132.371 Z0.750 E0.05546 F1500
G1 X105.291 Y132.155 Z0.750 E0.05546 F1500
G1 X104.138 Y131.878 Z0.750 E0.05546 F1500
G1 X103.001 Y131.541 Z0.750 E0.05546 F1500
G1 X101.883 Y131.146 Z0.750 E0.05546 F1500
G1 X100.787 Y130.692 Z0.750 E0.05546 F1500
G1 X99.717 Y130.181 Z0.750 E0.05546 F1500
G1 X98.675 Y129.615 Z0.750 E0.05546 F1500
G1 X97.664 Y128.996 Z0.750 E0.05546 F1500
G1 X96.687 Y128.324 Z0.750 E0.05546 F1500
G1 X95.746 Y127.602 Z0.750 E0.05546 F1500
G1 X94.844 Y126.832 Z0.750 E0.05546 F1500
G1 X93.984 Y126.016 Z0.750 E0.05546 F1500
G1 X93.168 Y125.156 Z0.750 E0.05546 F1500
G1 X92.398 Y124.254 Z0.750 E0.05546 F1500
G1 X91.676 Y123.313 Z0.750 E0.05546 F1500
G1 X91.004 Y122.336 Z0.750 E0.05546 F1500
G1 X90.385 Y121.325 Z0.750 E0.05546 F1500
G1 X89.819 Y120.283 Z0.750 E0.05546 F1500
G1 X89.308 Y119.213 Z0.750 E0.05546 F1500
G1 X88.854 Y118.117 Z0.750 E0.05546 F1500
G1 X88.459 Y116.999 Z0.750 E0.05546 F1500
G1 X88.122 Y115.862 Z0.750 E0.05546 F1500
G1 X87.845 Y114.709 Z0.750 E0.05546 F1500
G1 X87.629 Y113.543 Z0.750 E0.05546 F1500
G1 X87.474 Y112.368 Z0.750 E0.05546 F1500
G1 X87.381 Y111.185 Z0.750 E0.05546 F1500
G1 X87.350 Y110.000 Z0.750 E0.05546 F1500
G1 X87.381 Y108.815 Z0.750 E0.05546 F1500
G1 X87.474 Y107.632 Z0.750 E0.05546 F1500
G1 X87.629 Y106.457 Z0.750 E0.05546 F1500
G1 X87.845 Y105.291 Z0.750 E0.05546 F1500
G1 X88.122 Y104.138 Z0.750 E0.05546 F1500
G1 X88.459 Y103.001 Z0.750 E0.05546 F1500
G1 X88.854 Y101.883 Z0.750 E0.05546 F1500
G1 X89.308 Y100.787 Z0.750 E0.05546 F1500
G1 X89.819 Y99.717 Z0.750 E0.05546 F1500
G1 X90.385 Y98.675 Z0.750 E0.05546 F1500
G1 X91.004 Y97.664 Z0.750 E0.05546 F1500
G1 X91.676 Y96.687 Z0.750 E0.05546 F1500
G1 X92.398 Y95.746 Z0.750 E0.05546 F1500
G1 X93.168 Y94.844 Z0.750 E0.05546 F1500
G1 X93.984 Y93.984 Z0.750 E0.05546 F1500
G1 X94.844 Y93.168 Z0.750 E0.05546 F1500
G1 X95.746 Y92.398 Z0.750 E0.05546 F1500
G1 X96.687 Y91.676 Z0.750 E0.05546 F1500
G1 X97.664 Y91.004 Z0.750 E0.05546 F1500
G1 X98.675 Y90.385 Z0.750 E0.05546 F1500
G1 X99.717 Y89.819 Z0.750 E0.05546 F1500
G1 X100.787 Y89.308 Z0.750 E0.05546 F1500
G1 X101.883 Y88.854 Z0.750 E0.05546 F1500
G1 X103.001 Y88.459 Z0.750 E0.05546 F1500
G1 X104.138 Y88.122 Z0.750 E0.05546 F1500
G1 X105.291 Y87.845 Z0.750 E0.05546 F1500
G1 X106.457 Y87.629 Z0.750 E0.05546 F1500
G1 X107.632 Y87.474 Z0.750 E0.05546 F1500
G1 X108.815 Y87.381 Z0.750 E0.05546 F1500
G1 X110.000 Y87.350 Z0.750 E0.05546 F1500
G1 X111.185 Y87.381 Z0.750 E0.05546 F1500
G1 X112.368 Y87.474 Z0.750 E0.05546 F1500
G1 X113.543 Y87.629 Z0.750 E0.05546 F1500
G1 X114.709 Y87.845 Z0.750 E0.05546 F1500
G1 X115.862 Y88.122 Z0.750 E0.05546 F1500
G1 X116.999 Y88.459 Z0.750 E0.05546 F1500
G1 X118.117 Y88.854 Z0.750 E0.05546 F1500
G1 X119.213 Y89.308 Z0.750 E0.05546 F1500
G1 X120.283 Y89.819 Z0.750 E0.05546 F1500
G1 X121.325 Y90.385 Z0.750 E0.05546 F1500
G1 X122.336 Y91.004 Z0.750 E0.05546 F1500
G1 X123.313 Y91.676 Z0.750 E0.05546 F1500
G1 X124.254 Y92.398 Z0.750 E0.05546 F1500
G1 X125.156 Y93.168 Z0.750 E0.05546 F1500
G1 X126.016 Y93.984 Z0.750 E0.05546 F1500
G1 X126.832 Y94.844 Z0.750 E0.05546 F1500
G1 X127.602 Y95.746 Z0.750 E0.05546 F1500
G1 X128.324 Y96.687 Z0.750 E0.05546 F1500
G1 X128.996 Y97.664 Z0.750 E0.05546 F1500
G1 X129.615 Y98.675 Z0.750 E0.05546 F1500
G1 X130.181 Y99.717 Z0.750 E0.05546 F1500
G1 X130.692 Y100.787 Z0.750 E0.05546 F1500
G1 X131.146 Y101.883 Z0.750 E0.05546 F1500
G1 X131.541 Y103.001 Z0.750 E0.05546 F1500
G1 X131.878 Y104.138 Z0.750 E0.05546 F1500
G1 X132.155 Y105.291 Z0.750 E0.05546 F1500
G1 X132.371 Y106.457 Z0.750 E0.05546 F1500
G1 X132.526 Y107.632 Z0.750 E0.05546 F1500
G1 X132.619 Y108.815 Z0.750 E0.05546 F1500
G1 X132.650 Y110.000 Z0.750 E0.05546 F1500
G1 E-0.800 F2400
G0 X132.650 Y110.000 Z1.750 F1800
G0 X133.100 Y110.000 Z1.750 F7200
G0 X133.100 Y110.000 Z0.750 F1800
G1 E0.800 F1800
G1 X133.068 Y111.209 Z0.750 E0.05656 F1500
G1 X132.973 Y112.415 Z0.750 E0.05656 F1500
G1 X132.816 Y113.614 Z0.750 E0.05656 F1500
G1 X132.595 Y114.803 Z0.750 E0.05656 F1500
G1 X132.313 Y115.979 Z0.750 E0.05656 F1500
G1 X131.969 Y117.138 Z0.750 E0.05656 F1500
G1 X131.566 Y118.278 Z0.750 E0.05656 F1500
G1 X131.103 Y119.396 Z0.750 E0.05656 F1500
G1 X130.582 Y120.487 Z0.750 E0.05656 F1500
G1 X130.005 Y121.550 Z0.750 E0.05656 F1500
G1 X129.373 Y122.581 Z0.750 E0.05656 F1500
G1 X128.688 Y123.578 Z0.750 E0.05656 F1500
G1 X127.952 Y124.537 Z0.750 E0.05656 F1500
G1 X127.167 Y125.457 Z0.750 E0.05656 F1500
G1 X126.334 Y126.334 Z0.750 E0.05656 F1500
G1 X125.457 Y127.167 Z0.750 E0.05656 F1500
G1 X124.537 Y127.952 Z0.750 E0.05656 F1500
G1 X123.578 Y128.688 Z0.750 E0.05656 F1500
G1 X122.581 Y129.373 Z0.750 E0.05656 F1500
G1 X121.550 Y130.005 Z0.750 E0.05656 F1500
G1 X120.487 Y130.582 Z0.750 E0.05656 F1500
G1 X119.396 Y131.103 Z0.750 E0.05656 F1500
G1 X118.278 Y131.566 Z0.750 E0.05656 F1500
G1 X117.138 Y131.969 Z0.750 E0.05656 F1500
G1 X115.979 Y132.313 Z0.750 E0.05656 F1500
G1 X114.803 Y132.595 Z0.750 E0.05656 F1500
G1 X113.614 Y132.816 Z0.750 E0.05656 F1500
G1 X112.415 Y132.973 Z0.750 E0.05656 F1500
G1 X111.209 Y133.068 Z0.750 E0.05656 F1500
G1 X110.000 Y133.100 Z0.750 E0.05656 F1500
G1 X108.791 Y133.068 Z0.750 E0.05656 F1500
G1 X107.585 Y132.973 Z0.750 E0.05656 F1500
G1 X106.386 Y132.816 Z0.750 E0.05656 F1500
G1 X105.197 Y132.595 Z0.750 E0.05656 F1500
G1 X104.021 Y132.313 Z0.750 E0.05656 F1500
G1 X102.862 Y131.969 Z0.750 E0.05656 F1500
G1 X101.722 Y131.566 Z0.750 E0.05656 F1500
G1 X100.604 Y131.103 Z0.750 E0.05656 F1500
G1 X99.513 Y130.582 Z0.750 E0.05656 F1500
G1 X98.450 Y130.005 Z0.750 E0.05656 F1500
G1 X97.419 Y129.373 Z0.750 E0.05656 F1500
G1 X96.422 Y128.688 Z0.750 E0.05656 F1500
G1 X95.463 Y127.952 Z0.750 E0.05656 F1500
G1 X94.543 Y127.167 Z0.750 E0.05656 F1500
G1 X93.666 Y126.334 Z0.750 E0.05656 F1500
G1 X92.833 Y125.457 Z0.750 E0.05656 F1500
G1 X92.048 Y124.537 Z0.750 E0.05656 F1500
G1 X91.312 Y123.578 Z0.750 E0.05656 F1500
G1 X90.627 Y122.581 Z0.750 E0.05656 F1500
G1 X89.995 Y121.550 Z0.750 E0.05656 F1500
G1 X89.418 Y120.487 Z0.750 E0.05656 F1500
G1 X88.897 Y119.396 Z0.750 E0.05656 F1500
G1 X88.434 Y118.278 Z0.750 E0.05656 F1500
G1 X88.031 Y117.138 Z0.750 E0.05656 F1500
G1 X87.687 Y115.979 Z0.750 E0.05656 F1500
G1 X87.405 Y114.803 Z0.750 E0.05656 F1500
G1 X87.184 Y113.614 Z0.750 E0.05656 F1500
G1 X87.027 Y112.415 Z0.750 E0.05656 F1500
G1 X86.932 Y111.209 Z0.750 E0.05656 F1500
G1 X86.900 Y110.000 Z0.750 E0.05656 F1500
G1 X86.932 Y108.791 Z0.750 E0.05656 F1500
G1 X87.027 Y107.585 Z0.750 E0.05656 F1500
G1 X87.184 Y106.386 Z0.750 E0.05656 F1500
G1 X87.405 Y105.197 Z0.750 E0.05656 F1500
G1 X87.687 Y104.021 Z0.750 E0.05656 F1500
G1 X88.031 Y102.862 Z0.750 E0.05656 F1500
G1 X88.434 Y101.722 Z0.750 E0.05656 F1500
G1 X88.897 Y100.604 Z0.750 E0.05656 F1500
G1 X89.418 Y99.513 Z0.750 E0.05656 F1500
G1 X89.995 Y98.450 Z0.750 E0.05656 F1500
G1 X90.627 Y97.419 Z0.750 E0.05656 F1500
G1 X91.312 Y96.422 Z0.750 E0.05656 F1500
G1 X92.048 Y95.463 Z0.750 E0.05656 F1500
G1 X92.833 Y94.543 Z0.750 E0.05656 F1500
G1 X93.666 Y93.666 Z0.750 E0.05656 F1500
G1 X94.543 Y92.833 Z0.750 E0.05656 F1500
G1 X95.463 Y92.048 Z0.750 E0.05656 F1500
G1 X96.422 Y91.312 Z0.750 E0.05656 F1500
G1 X97.419 Y90.627 Z0.750 E0.05656 F1500
G1 X98.450 Y89.995 Z0.750 E0.05656 F1500
G1 X99.513 Y89.418 Z0.750 E0.05656 F1500
G1 X100.604 Y88.897 Z0.750 E0.05656 F1500
G1 X101.722 Y88.434 Z0.750 E0.05656 F1500
G1 X102.862 Y88.031 Z0.750 E0.05656 F1500
G1 X104.021 Y87.687 Z0.750 E0.05656 F1500
G1 X105.197 Y87.405 Z0.750 E0.05656 F1500
G1 X106.386 Y87.184 Z0.750 E0.05656 F1500
G1 X107.585 Y87.027 Z0.750 E0.05656 F1500
G1 X108.791 Y86.932 Z0.750 E0.05656 F1500
G1 X110.000 Y86.900 Z0.750 E0.05656 F1500
G1 X111.209 Y86.932 Z0.750 E0.05656 F1500
G1 X112.415 Y87.027 Z0.750 E0.05656 F1500
G1 X113.614 Y87.184 Z0.750 E0.05656 F1500
G1 X114.803 Y87.405 Z0.750 E0.05656 F1500
G1 X115.979 Y87.687 Z0.750 E0.05656 F1500
G1 X117.138 Y88.031 Z0.750 E0.05656 F1500
G1 X118.278 Y88.434 Z0.750 E0.05656 F1500
G1 X119.396 Y88.897 Z0.750 E0.05656 F1500
G1 X120.487 Y89.418 Z0.750 E0.05656 F1500
G1 X121.550 Y89.995 Z0.750 E0.05656 F1500
G1 X122.581 Y90.627 Z0.750 E0.05656 F1500
G1 X123.578 Y91.312 Z0.750 E0.05656 F1500
G1 X124.537 Y92.048 Z0.750 E0.05656 F1500
G1 X125.457 Y92.833 Z0.750 E0.05656 F1500
G1 X126.334 Y93.666 Z0.750 E0.05656 F1500
G1 X127.167 Y94.543 Z0.750 E0.05656 F1500
G1 X127.952 Y95.463 Z0.750 E0.05656 F1500
G1 X128.688 Y96.422 Z0.750 E0.05656 F1500
G1 X129.373 Y97.419 Z0.750 E0.05656 F1500
G1 X130.005 Y98.450 Z0.750 E0.05656 F1500
G1 X130.582 Y99.513 Z0.750 E0.05656 F1500
G1 X131.103 Y100.604 Z0.750 E0.05656 F1500
G1 X131.566 Y101.722 Z0.750 E0.05656 F1500
G1 X131.969 Y102.862 Z0.750 E0.05656 F1500
G1 X132.313 Y104.021 Z0.750 E0.05656 F1500
G1 X132.595 Y105.197 Z0.750 E0.05656 F1500
G1 X132.816 Y106.386 Z0.750 E0.05656 F1500
G1 X132.973 Y107.585 Z0.750 E0.05656 F1500
G1 X133.068 Y108.791 Z0.750 E0.05656 F1500
G1 X133.100 Y110.000 Z0.750 E0.05656 F1500
G1 E-0.800 F2400
G0 X133.100 Y110.000 Z1.750 F1800
G0 X133.550 Y110.000 Z1.750 F7200
G0 X133.550 Y110.000 Z0.750 F1800
G1 E0.800 F1800
G1 X133.518 Y111.233 Z0.750 E0.05767 F1500
G1 X133.421 Y112.462 Z0.750 E0.05767 F1500
G1 X133.260 Y113.684 Z0.750 E0.05767 F1500
G1 X133.035 Y114.896 Z0.750 E0.05767 F1500
G1 X132.748 Y116.095 Z0.750 E0.05767 F1500
G1 X132.397 Y117.277 Z0.750 E0.05767 F1500
G1 X131.986 Y118.440 Z0.750 E0.05767 F1500
G1 X131.514 Y119.579 Z0.750 E0.05767 F1500
G1 X130.983 Y120.691 Z0.750 E0.05767 F1500
G1 X130.395 Y121.775 Z0.750 E0.05767 F1500
G1 X129.751 Y122.826 Z0.750 E0.05767 F1500
G1 X129.052 Y123.842 Z0.750 E0.05767 F1500
G1 X128.302 Y124.820 Z0.750 E0.05767 F1500
G1 X127.501 Y125.758 Z0.750 E0.05767 F1500
G1 X126.652 Y126.652 Z0.750 E0.05767 F1500
G1 X125.758 Y127.501 Z0.750 E0.05767 F1500
G1 X124.820 Y128.302 Z0.750 E0.05767 F1500
G1 X123.842 Y129.052 Z0.750 E0.05767 F1500
G1 X122.826 Y129.751 Z0.750 E0.05767 F1500
G1 X121.775 Y130.395 Z0.750 E0.05767 F1500
G1 X120.691 Y130.983 Z0.750 E0.05767 F1500
G1 X119.579 Y131.514 Z0.750 E0.05767 F1500
G1 X118.440 Y131.986 Z0.750 E0.05767 F1500
G1 X117.277 Y132.397 Z0.750 E0.05767 F1500
G1 X116.095 Y132.748 Z0.750 E0.05767 F1500
G1 X114.896 Y133.035 Z0.750 E0.05767 F1500
G1 X113.684 Y133.260 Z0.750 E0.05767 F1500
G1 X112.462 Y133.421 Z0.750 E0.05767 F1500
G1 X111.233 Y133.518 Z0.750 E0.05767 F1500
G1 X110.000 Y133.550 Z0.750 E0.05767 F1500
G1 X108.767 Y133.518 Z0.750 E0.05767 F1500
G1 X107.538 Y133.421 Z0.750 E0.05767 F1500
G1 X106.316 Y133.260 Z0.750 E0.05767 F1500
G1 X105.104 Y133.035 Z0.750 E0.05767 F1500
G1 X103.905 Y132.748 Z0.750 E0.05767 F1500
G1 X102.723 Y132.397 Z0.750 E0.05767 F1500
G1 X101.560 Y131.986 Z0.750 E0.05767 F1500
G1 X100.421 Y131.514 Z0.750 E0.05767 F1500
G1 X99.309 Y130.983 Z0.750 E0.05767 F1500
G1 X98.225 Y130.395 Z0.750 E0.05767 F1500
G1 X97.174 Y129.751 Z0.750 E0.05767 F1500
G1 X96.158 Y129.052 Z0.750 E0.05767 F1500
G1 X95.180 Y128.302 Z0.750 E0.05767 F1500
G1 X94.242 Y127.501 Z0.750 E0.05767 F1500
G1 X93.348 Y126.652 Z0.750 E0.05767 F1500
G1 X92.499 Y125.758 Z0.750 E0.05767 F1500
G1 X91.698 Y124.820 Z0.750 E0.05767 F1500
G1 X90.948 Y123.842 Z0.750 E0.05767 F1500
G1 X90.249 Y122.826 Z0.750 E0.05767 F1500
G1 X89.605 Y121.775 Z0.750 E0.05767 F1500
G1 X89.017 Y120.691 Z0.750 E0.05767 F1500
G1 X88.486 Y119.579 Z0.750 E0.05767 F1500
G1 X88.014 Y118.440 Z0.750 E0.05767 F1500
G1 X87.603 Y117.277 Z0.750 E0.05767 F1500
G1 X87.252 Y116.095 Z0.750 E0.05767 F1500
G1 X86.965 Y114.896 Z0.750 E0.05767 F1500
G1 X86.740 Y113.684 Z0.750 E0.05767 F1500
G1 X86.579 Y112.462 Z0.750 E0.05767 F1500
G1 X86.482 Y111.233 Z0.750 E0.05767 F1500
G1 X86.450 Y110.000 Z0.750 E0.05767 F1500
G1 X86.482 Y108.767 Z0.750 E0.05767 F1500
G1 X86.579 Y107.538 Z0.750 E0.05767 F1500
G1 X86.740 Y106.316 Z0.750 E0.05767 F1500
G1 X86.965 Y105.104 Z0.750 E0.05767 F1500
G1 X87.252 Y103.905 Z0.750 E0.05767 F1500
G1 X87.603 Y102.723 Z0.750 E0.05767 F1500
G1 X88.014 Y101.560 Z0.750 E0.05767 F1500
G1 X88.486 Y100.421 Z0.750 E0.05767 F1500
G1 X89.017 Y99.309 Z0.750 E0.05767 F1500
G1 X89.605 Y98.225 Z0.750 E0.05767 F1500
G1 X90.249 Y97.174 Z0.750 E0.05767 F1500
G1 X90.948 Y96.158 Z0.750 E0.05767 F1500
G1 X91.698 Y95.180 Z0.750 E0.05767 F1500
G1 X92.499 Y94.242 Z0.750 E0.05767 F1500
G1 X93.348 Y93.348 Z0.750 E0.05767 F1500
G1 X94.242 Y92.499 Z0.750 E0.05767 F1500
G1 X95.180 Y91.698 Z0.750 E0.05767 F1500
G1 X96.158 Y90.948 Z0.750 E0.05767 F1500
G1 X97.174 Y90.249 Z0.750 E0.05767 F1500
G1 X98.225 Y89.605 Z0.750 E0.05767 F1500
G1 X99.309 Y89.017 Z0.750 E0.05767 F1500
G1 X100.421 Y88.486 Z0.750 E0.05767 F1500
G1 X101.560 Y88.014 Z0.750 E0.05767 F1500
G1 X102.723 Y87.603 Z0.750 E0.05767 F1500
G1 X103.905 Y87.252 Z0.750 E0.05767 F1500
G1 X105.104 Y86.965 Z0.750 E0.05767 F1500
G1 X106.316 Y86.740 Z0.750 E0.05767 F1500
G1 X107.538 Y86.579 Z0.750 E0.05767 F1500
G1 X108.767 Y86.482 Z0.750 E0.05767 F1500
G1 X110.000 Y86.450 Z0.750 E0.05767 F1500
G1 X111.233 Y86.482 Z0.750 E0.05767 F1500
G1 X112.462 Y86.579 Z0.750 E0.05767 F1500
G1 X113.684 Y86.740 Z0.750 E0.05767 F1500
G1 X114.896 Y86.965 Z0.750 E0.05767 F1500
G1 X116.095 Y87.252 Z0.750 E0.05767 F1500
G1 X117.277 Y87.603 Z0.750 E0.05767 F1500
G1 X118.440 Y88.014 Z0.750 E0.05767 F1500
G1 X119.579 Y88.486 Z0.750 E0.05767 F1500
G1 X120.691 Y89.017 Z0.750 E0.05767 F1500
G1 X121.775 Y89.605 Z0.750 E0.05767 F1500
G1 X122.826 Y90.249 Z0.750 E0.05767 F1500
G1 X123.842 Y90.948 Z0.750 E0.05767 F1500
G1 X124.820 Y91.698 Z0.750 E0.05767 F1500
G1 X125.758 Y92.499 Z0.750 E0.05767 F1500
G1 X126.652 Y93.348 Z0.750 E0.05767 F1500
G1 X127.501 Y94.242 Z0.750 E0.05767 F1500
G1 X128.302 Y95.180 Z0.750 E0.05767 F1500
G1 X129.052 Y96.158 Z0.750 E0.05767 F1500
G1 X129.751 Y97.174 Z0.750 E0.05767 F1500
G1 X130.395 Y98.225 Z0.750 E0.05767 F1500
G1 X130.983 Y99.309 Z0.750 E0.05767 F1500
G1 X131.514 Y100.421 Z0.750 E0.05767 F1500
G1 X131.986 Y101.560 Z0.750 E0.05767 F1500
G1 X132.397 Y102.723 Z0.750 E0.05767 F1500
G1 X132.748 Y103.905 Z0.750 E0.05767 F1500
G1 X133.035 Y105.104 Z0.750 E0.05767 F1500
G1 X133.260 Y106.316 Z0.750 E0.05767 F1500
G1 X133.421 Y107.538 Z0.750 E0.05767 F1500
G1 X133.518 Y108.767 Z0.750 E0.05767 F1500
G1 X133.550 Y110.000 Z0.750 E0.05767 F1500
G1 E-0.800 F2400
G0 X133.550 Y110.000 Z1.750 F1800
G0 X134.000 Y110.000 Z1.750 F7200
G0 X134.000 Y110.000 Z0.750 F1800
G1 E0.800 F1800
G1 X133.967 Y111.256 Z0.750 E0.05877 F1500
G1 X133.869 Y112.509 Z0.750 E0.05877 F1500
G1 X133.705 Y113.754 Z0.750 E0.05877 F1500
G1 X133.476 Y114.990 Z0.750 E0.05877 F1500
G1 X133.182 Y116.212 Z0.750 E0.05877 F1500
G1 X132.825 Y117.416 Z0.750 E0.05877 F1500
G1 X132.406 Y118.601 Z0.750 E0.05877 F1500
G1 X131.925 Y119.762 Z0.750 E0.05877 F1500
G1 X131.384 Y120.896 Z0.750 E0.05877 F1500
G1 X130.785 Y122.000 Z0.750 E0.05877 F1500
G1 X130.128 Y123.071 Z0.750 E0.05877 F1500
G1 X129.416 Y124.107 Z0.750 E0.05877 F1500
G1 X128.652 Y125.104 Z0.750 E0.05877 F1500
G1 X127.835 Y126.059 Z0.750 E0.05877 F1500
G1 X126.971 Y126.971 Z0.750 E0.05877 F1500
G1 X126.059 Y127.835 Z0.750 E0.05877 F1500
G1 X125.104 Y128.652 Z0.750 E0.05877 F1500
G1 X124.107 Y129.416 Z0.750 E0.05877 F1500
G1 X123.071 Y130.128 Z0.750 E0.05877 F1500
G1 X122.000 Y130.785 Z0.750 E0.05877 F1500
G1 X120.896 Y131.384 Z0.750 E0.05877 F1500
G1 X119.762 Y131.925 Z0.750 E0.05877 F1500
G1 X118.601 Y132.406 Z0.750 E0.05877 F1500
G1 X117.416 Y132.825 Z0.750 E0.05877 F1500
G1 X116.212 Y133.182 Z0.750 E0.05877 F1500
G1 X114.990 Y133.476 Z0.750 E0.05877 F1500
G1 X113.754 Y133.705 Z0.750 E0.05877 F1500
G1 X112.509 Y133.869 Z0.750 E0.05877 F1500
G1 X111.256 Y133.967 Z0.750 E0.05877 F1500
G1 X110.000 Y134.000 Z0.750 E0.05877 F1500
G1 X108.744 Y133.967 Z0.750 E0.05877 F1500
G1 X107.491 Y133.869 Z0.750 E0.05877 F1500
G1 X106.246 Y133.705 Z0.750 E0.05877 F1500
G1 X105.010 Y133.476 Z0.750 E0.05877 F1500
G1 X103.788 Y133.182 Z0.750 E0.05877 F1500
G1 X102.584 Y132.825 Z0.750 E0.05877 F1500
G1 X101.399 Y132.406 Z0.750 E0.05877 F1500
G1 X100.238 Y131.925 Z0.750 E0.05877 F1500
G1 X99.104 Y131.384 Z0.750 E0.05877 F1500
G1 X98.000 Y130.785 Z0.750 E0.05877 F1500
G1 X96.929 Y130.128 Z0.750 E0.05877 F1500
G1 X95.893 Y129.416 Z0.750 E0.05877 F1500
G1 X94.896 Y128.652 Z0.750 E0.05877 F1500
G1 X93.941 Y127.835 Z0.750 E0.05877 F1500
G1 X93.029 Y126.971 Z0.750 E0.05877 F1500
G1 X92.165 Y126.059 Z0.750 E0.05877 F1500
G1 X91.348 Y125.104 Z0.750 E0.05877 F1500
G1 X90.584 Y124.107 Z0.750 E0.05877 F1500
G1 X89.872 Y123.071 Z0.750 E0.05877 F1500
G1 X89.215 Y122.000 Z0.750 E0.05877 F1500
G1 X88.616 Y120.896 Z0.750 E0.05877 F1500
G1 X88.075 Y119.762 Z0.750 E0.05877 F1500
G1 X87.594 Y118.601 Z0.750 E0.05877 F1500
G1 X87.175 Y117.416 Z0.750 E0.05877 F1500
G1 X86.818 Y116.212 Z0.750 E0.05877 F1500
G1 X86.524 Y114.990 Z0.750 E0.05877 F1500
G1 X86.295 Y113.754 Z0.750 E0.05877 F1500
G1 X86.131 Y112.509 Z0.750 E0.05877 F1500
G1 X86.033 Y111.256 Z0.750 E0.05877 F1500
G1 X86.000 Y110.000 Z0.750 E0.05877 F1500
G1 X86.033 Y108.744 Z0.750 E0.05877 F1500
G1 X86.131 Y107.491 Z0.750 E0.05877 F1500
G1 X86.295 Y106.246 Z0.750 E0.05877 F1500
G1 X86.524 Y105.010 Z0.750 E0.05877 F1500
G1 X86.818 Y103.788 Z0.750 E0.05877 F1500
G1 X87.175 Y102.584 Z0.750 E0.05877 F1500
G1 X87.594 Y101.399 Z0.750 E0.05877 F1500
G1 X88.075 Y100.238 Z0.750 E0.05877 F1500
G1 X88.616 Y99.104 Z0.750 E0.05877 F1500
G1 X89.215 Y98.000 Z0.750 E0.05877 F1500
G1 X89.872 Y96.929 Z0.750 E0.05877 F1500
G1 X90.584 Y95.893 Z0.750 E0.05877 F1500
G1 X91.348 Y94.896 Z0.750 E0.05877 F1500
G1 X92.165 Y93.941 Z0.750 E0.05877 F1500
G1 X93.029 Y93.029 Z0.750 E0.05877 F1500
G1 X93.941 Y92.165 Z0.750 E0.05877 F1500
G1 X94.896 Y91.348 Z0.750 E0.05877 F1500
G1 X95.893 Y90.584 Z0.750 E0.05877 F1500
G1 X96.929 Y89.872 Z0.750 E0.05877 F1500
G1 X98.000 Y89.215 Z0.750 E0.05877 F1500
G1 X99.104 Y88.616 Z0.750 E0.05877 F1500
G1 X100.238 Y88.075 Z0.750 E0.05877 F1500
G1 X101.399 Y87.594 Z0.750 E0.05877 F1500
G1 X102.584 Y87.175 Z0.750 E0.05877 F1500
G1 X103.788 Y86.818 Z0.750 E0.05877 F1500
G1 X105.010 Y86.524 Z0.750 E0.05877 F1500
G1 X106.246 Y86.295 Z0.750 E0.05877 F1500
G1 X107.491 Y86.131 Z0.750 E0.05877 F1500
G1 X108.744 Y86.033 Z0.750 E0.05877 F1500
G1 X110.000 Y86.000 Z0.750 E0.05877 F1500
G1 X111.256 Y86.033 Z0.750 E0.05877 F1500
G1 X112.509 Y86.131 Z0.750 E0.05877 F1500
G1 X113.754 Y86.295 Z0.750 E0.05877 F1500
G1 X114.990 Y86.524 Z0.750 E0.05877 F1500
G1 X116.212 Y86.818 Z0.750 E0.05877 F1500
G1 X117.416 Y87.175 Z0.750 E0.05877 F1500
G1 X118.601 Y87.594 Z0.750 E0.05877 F1500
G1 X119.762 Y88.075 Z0.750 E0.05877 F1500
G1 X120.896 Y88.616 Z0.750 E0.05877 F1500
G1 X122.000 Y89.215 Z0.750 E0.05877 F1500
G1 X123.071 Y89.872 Z0.750 E0.05877 F1500
G1 X124.107 Y90.584 Z0.750 E0.05877 F1500
G1 X125.104 Y91.348 Z0.750 E0.05877 F1500
G1 X126.059 Y92.165 Z0.750 E0.05877 F1500
G1 X126.971 Y93.029 Z0.750 E0.05877 F1500
G1 X127.835 Y93.941 Z0.750 E0.05877 F1500
G1 X128.652 Y94.896 Z0.750 E0.05877 F1500
G1 X129.416 Y95.893 Z0.750 E0.05877 F1500
G1 X130.128 Y96.929 Z0.750 E0.05877 F1500
G1 X130.785 Y98.000 Z0.750 E0.05877 F1500
G1 X131.384 Y99.104 Z0.750 E0.05877 F1500
G1 X131.925 Y100.238 Z0.750 E0.05877 F1500
G1 X132.406 Y101.399 Z0.750 E0.05877 F1500
G1 X132.825 Y102.584 Z0.750 E0.05877 F1500
G1 X133.182 Y103.788 Z0.750 E0.05877 F1500
G1 X133.476 Y105.010 Z0.750 E0.05877 F1500
G1 X133.705 Y106.246 Z0.750 E0.05877 F1500
G1 X133.869 Y107.491 Z0.750 E0.05877 F1500
G1 X133.967 Y108.744 Z0.750 E0.05877 F1500
G1 X134.000 Y110.000 Z0.750 E0.05877 F1500
G1 E-0.800 F2400
G0 X134.000 Y110.000 Z1.750 F1800
G0 X134.450 Y110.000 Z1.750 F7200
G0 X134.450 Y110.000 Z0.750 F1800
G1 E0.800 F1800
G1 X134.416 Y111.280 Z0.750 E0.05987 F1500
G1 X134.316 Y112.556 Z0.750 E0.05987 F1500
G1 X134.149 Y113.825 Z0.750 E0.05987 F1500
G1 X133.916 Y115.083 Z0.750 E0.05987 F1500
G1 X133.617 Y116.328 Z0.750 E0.05987 F1500
G1 X133.253 Y117.555 Z0.750 E0.05987 F1500
G1 X132.826 Y118.762 Z0.750 E0.05987 F1500
G1 X132.336 Y119.945 Z0.750 E0.05987 F1500
G1 X131.785 Y121.100 Z0.750 E0.05987 F1500
G1 X131.174 Y122.225 Z0.750 E0.05987 F1500
G1 X130.505 Y123.316 Z0.750 E0.05987 F1500
G1 X129.780 Y124.371 Z0.750 E0.05987 F1500
G1 X129.001 Y125.387 Z0.750 E0.05987 F1500
G1 X128.170 Y126.360 Z0.750 E0.05987 F1500
G1 X127.289 Y127.289 Z0.750 E0.05987 F1500
G1 X126.360 Y128.170 Z0.750 E0.05987 F1500
G1 X125.387 Y129.001 Z0.750 E0.05987 F1500
G1 X124.371 Y129.780 Z0.750 E0.05987 F1500
G1 X123.316 Y130.505 Z0.750 E0.05987 F1500
G1 X122.225 Y131.174 Z0.750 E0.05987 F1500
G1 X121.100 Y131.785 Z0.750 E0.05987 F1500
G1 X119.945 Y132.336 Z0.750 E0.05987 F1500
G1 X118.762 Y132.826 Z0.750 E0.05987 F1500
G1 X117.555 Y133.253 Z0.750 E0.05987 F1500
G1 X116.328 Y133.617 Z0.750 E0.05987 F1500
G1 X115.083 Y133.916 Z0.750 E0.05987 F1500
G1 X113.825 Y134.149 Z0.750 E0.05987 F1500
G1 X112.556 Y134.316 Z0.750 E0.05987 F1500
G1 X111.280 Y134.416 Z0.750 E0.05987 F1500
G1 X110.000 Y134.450 Z0.750 E0.05987 F1500
G1 X108.720 Y134.416 Z0.750 E0.05987 F1500
G1 X107.444 Y134.316 Z0.750 E0.05987 F1500
G1 X106.175 Y134.149 Z0.750 E0.05987 F1500
G1 X104.917 Y133.916 Z0.750 E0.05987 F1500
G1 X103.672 Y133.617 Z0.750 E0.05987 F1500
G1 X102.445 Y133.253 Z0.750 E0.05987 F1500
G1 X101.238 Y132.826 Z0.750 E0.05987 F1500
G1 X100.055 Y132.336 Z0.750 E0.05987 F1500
G1 X98.900 Y131.785 Z0.750 E0.05987 F1500
G1 X97.775 Y131.174 Z0.750 E0.05987 F1500
G1 X96.684 Y130.505 Z0.750 E0.05987 F1500
G1 X95.629 Y129.780 Z0.750 E0.05987 F1500
G1 X94.613 Y129.001 Z0.750 E0.05987 F1500
G1 X93.640 Y128.170 Z0.750 E0.05987 F1500
G1 X92.711 Y127.289 Z0.750 E0.05987 F1500
G1 X91.830 Y126.360 Z0.750 E0.05987 F1500
G1 X90.999 Y125.387 Z0.750 E0.05987 F1500
G1 X90.220 Y124.371 Z0.750 E0.05987 F1500
G1 X89.495 Y123.316 Z0.750 E0.05987 F1500
G1 X88.826 Y122.225 Z0.750 E0.05987 F1500
G1 X88.215 Y121.100 Z0.750 E0.05987 F1500
G1 X87.664 Y119.945 Z0.750 E0.05987 F1500
G1 X87.174 Y118.762 Z0.750 E0.05987 F1500
G1 X86.747 Y117.555 Z0.750 E0.05987 F1500
G1 X86.383 Y116.328 Z0.750 E0.05987 F1500
G1 X86.084 Y115.083 Z0.750 E0.05987 F1500
G1 X85.851 Y113.825 Z0.750 E0.05987 F1500
G1 X85.684 Y112.556 Z0.750 E0.05987 F1500
G1 X85.584 Y111.280 Z0.750 E0.05987 F1500
G1 X85.550 Y110.000 Z0.750 E0.05987 F1500
G1 X85.584 Y108.720 Z0.750 E0.05987 F1500
G1 X85.684 Y107.444 Z0.750 E0.05987 F1500
G1 X85.851 Y106.175 Z0.750 E0.05987 F1500
G1 X86.084 Y104.917 Z0.750 E0.05987 F1500
G1 X86.383 Y103.672 Z0.750 E0.05987 F1500
G1 X86.747 Y102.445 Z0.750 E0.05987 F1500
G1 X87.174 Y101.238 Z0.750 E0.05987 F1500
G1 X87.664 Y100.055 Z0.750 E0.05987 F1500
G1 X88.215 Y98.900 Z0.750 E0.05987 F1500
G1 X88.826 Y97.775 Z0.750 E0.05987 F1500
G1 X89.495 Y96.684 Z0.750 E0.05987 F1500
G1 X90.220 Y95.629 Z0.750 E0.05987 F1500
G1 X90.999 Y94.613 Z0.750 E0.05987 F1500
G1 X91.830 Y93.640 Z0.750 E0.05987 F1500
G1 X92.711 Y92.711 Z0.750 E0.05987 F1500
G1 X93.640 Y91.830 Z0.750 E0.05987 F1500
G1 X94.613 Y90.999 Z0.750 E0.05987 F1500
G1 X95.629 Y90.220 Z0.750 E0.05987 F1500
G1 X96.684 Y89.495 Z0.750 E0.05987 F1500
G1 X97.775 Y88.826 Z0.750 E0.05987 F1500
G1 X98.900 Y88.215 Z0.750 E0.05987 F1500
G1 X100.055 Y87.664 Z0.750 E0.05987 F1500
G1 X101.238 Y87.174 Z0.750 E0.05987 F1500
G1 X102.445 Y86.747 Z0.750 E0.05987 F1500
G1 X103.672 Y86.383 Z0.750 E0.05987 F1500
G1 X104.917 Y86.084 Z0.750 E0.05987 F1500
G1 X106.175 Y85.851 Z0.750 E0.05987 F1500
G1 X107.444 Y85.684 Z0.750 E0.05987 F1500
G1 X108.720 Y85.584 Z0.750 E0.05987 F1500
G1 X110.000 Y85.550 Z0.750 E0.05987 F1500
G1 X111.280 Y85.584 Z0.750 E0.05987 F1500
G1 X112.556 Y85.684 Z0.750 E0.05987 F1500
G1 X113.825 Y85.851 Z0.750 E0.05987 F1500
G1 X115.083 Y86.084 Z0.750 E0.05987 F1500
G1 X116.328 Y86.383 Z0.750 E0.05987 F1500
G1 X117.555 Y86.747 Z0.750 E0.05987 F1500
G1 X118.762 Y87.174 Z0.750 E0.05987 F1500
G1 X119.945 Y87.664 Z0.750 E0.05987 F1500
G1 X121.100 Y88.215 Z0.750 E0.05987 F1500
G1 X122.225 Y88.826 Z0.750 E0.05987 F1500
G1 X123.316 Y89.495 Z0.750 E0.05987 F1500
G1 X124.371 Y90.220 Z0.750 E0.05987 F1500
G1 X125.387 Y90.999 Z0.750 E0.05987 F1500
G1 X126.360 Y91.830 Z0.750 E0.05987 F1500
G1 X127.289 Y92.711 Z0.750 E0.05987 F1500
G1 X128.170 Y93.640 Z0.750 E0.05987 F1500
G1 X129.001 Y94.613 Z0.750 E0.05987 F1500
G1 X129.780 Y95.629 Z0.750 E0.05987 F1500
G1 X130.505 Y96.684 Z0.750 E0.05987 F1500
G1 X131.174 Y97.775 Z0.750 E0.05987 F1500
G1 X131.785 Y98.900 Z0.750 E0.05987 F1500
G1 X132.336 Y100.055 Z0.750 E0.05987 F1500
G1 X132.826 Y101.238 Z0.750 E0.05987 F1500
G1 X133.253 Y102.445 Z0.750 E0.05987 F1500
G1 X133.617 Y103.672 Z0.750 E0.05987 F1500
G1 X133.916 Y104.917 Z0.750 E0.05987 F1500
G1 X134.149 Y106.175 Z0.750 E0.05987 F1500
G1 X134.316 Y107.444 Z0.750 E0.05987 F1500
G1 X134.416 Y108.720 Z0.750 E0.05987 F1500
G1 X134.450 Y110.000 Z0.750 E0.05987 F1500
; WIRE PRINTING
M106 S255 ; full fan for wires
; LEVEL 1/14  z 0.75 -> 5.25
G1 E-0.800 F2400
G0 X134.450 Y110.000 Z1.750 F1800
G0 X132.000 Y110.000 Z1.750 F7200
G0 X132.000 Y110.000 Z0.750 F1800
G1 E0.800 F1800
G1 E0.1500 F120
G4 P300
G1 X133.650 Y112.486 Z5.550 E0.46136 F180
G4 P800
G0 X133.650 Y112.486 Z5.250 F180
G1 X130.325 Y118.419 Z0.750 E0.59916 F360
G1 E0.1500 F120
G4 P300
G1 X130.898 Y121.347 Z5.550 E0.46136 F180
G4 P800
G0 X130.898 Y121.347 Z5.250 F180
G1 X125.556 Y125.556 Z0.750 E0.59916 F360
G1 E0.1500 F120
G4 P300
G1 X124.965 Y128.481 Z5.550 E0.46136 F180
G4 P800
G0 X124.965 Y128.481 Z5.250 F180
G1 X118.419 Y130.325 Z0.750 E0.59916 F360
G1 E0.1500 F120
G4 P300
G1 X116.754 Y132.801 Z5.550 E0.46136 F180
G4 P800
G0 X116.754 Y132.801 Z5.250 F180
G1 X110.000 Y132.000 Z0.750 E0.59916 F360
G1 E0.1500 F120
G4 P300
G1 X107.514 Y133.650 Z5.550 E0.46136 F180
G4 P800
G0 X107.514 Y133.650 Z5.250 F180
G1 X101.581 Y130.325 Z0.750 E0.59916 F360
G1 E0.1500 F120
G4 P300
G1 X98.653 Y130.898 Z5.550 E0.46136 F180
G4 P800
G0 X98.653 Y130.898 Z5.250 F180
G1 X94.444 Y125.556 Z0.750 E0.59916 F360
G1 E0.1500 F120
G4 P300
G1 X91.519 Y124.965 Z5.550 E0.46136 F180
G4 P800
G0 X91.519 Y124.965 Z5.250 F180
G1 X89.675 Y118.419 Z0.750 E0.59916 F360
G1 E0.1500 F120
G4 P300
G1 X87.199 Y116.754 Z5.550 E0.46136 F180
G4 P800
G0 X87.199 Y116.754 Z5.250 F180
G1 X88.000 Y110.000 Z0.750 E0.59916 F360
G1 E0.1500 F120
G4 P300
G1 X86.350 Y107.514 Z5.550 E0.46136 F180
G4 P800
G0 X86.350 Y107.514 Z5.250 F180
G1 X89.675 Y101.581 Z0.750 E0.59916 F360
G1 E0.1500 F120
G4 P300
G1 X89.102 Y98.653 Z5.550 E0.46136 F180
G4 P800
G0 X89.102 Y98.653 Z5.250 F180
G1 X94.444 Y94.444 Z0.750 E0.59916 F360
G1 E0.1500 F120
G4 P300
G1 X95.035 Y91.519 Z5.550 E0.46136 F180
G4 P800
G0 X95.035 Y91.519 Z5.250 F180
G1 X101.581 Y89.675 Z0.750 E0.59916 F360
G1 E0.1500 F120
G4 P300
G1 X103.246 Y87.199 Z5.550 E0.46136 F180
G4 P800
G0 X103.246 Y87.199 Z5.250 F180
G1 X110.000 Y88.000 Z0.750 E0.59916 F360
G1 E0.1500 F120
G4 P300
G1 X112.486 Y86.350 Z5.550 E0.46136 F180
G4 P800
G0 X112.486 Y86.350 Z5.250 F180
G1 X118.419 Y89.675 Z0.750 E0.59916 F360
G1 E0.1500 F120
G4 P300
G1 X121.347 Y89.102 Z5.550 E0.46136 F180
G4 P800
G0 X121.347 Y89.102 Z5.250 F180
G1 X125.556 Y94.444 Z0.750 E0.59916 F360
G1 E0.1500 F120
G4 P300
G1 X128.481 Y95.035 Z5.550 E0.46136 F180
G4 P800
G0 X128.481 Y95.035 Z5.250 F180
G1 X130.325 Y101.581 Z0.750 E0.59916 F360
G1 E0.1500 F120
G4 P300
G1 X132.801 Y103.246 Z5.550 E0.46136 F180
G4 P800
G0 X132.801 Y103.246 Z5.250 F180
G1 E-0.800 F2400
G0 X132.801 Y103.246 Z6.250 F1800
G0 X133.650 Y112.486 Z6.250 F7200
G0 X133.650 Y112.486 Z5.250 F1800
G1 E0.800 F1800
G1 E0.1500 F120
G4 P300
G1 X130.898 Y121.347 Z5.250 E0.75743 F360
G1 E0.0750 F120
G4 P300
G1 X124.965 Y128.481 Z5.250 E0.75743 F360
G1 E0.0750 F120
G4 P300
G1 X116.754 Y132.801 Z5.250 E0.75743 F360
G1 E0.0750 F120
G4 P300
G1 X107.514 Y133.650 Z5.250 E0.75743 F360
G1 E0.0750 F120
G4 P300
G1 X98.653 Y130.898 Z5.250 E0.75743 F360
G1 E0.0750 F120
G4 P300
G1 X91.519 Y124.965 Z5.250 E0.75743 F360
G1 E0.0750 F120
G4 P300
G1 X87.199 Y116.754 Z5.250 E0.75743 F360
G1 E0.0750 F120
G4 P300
G1 X86.350 Y107.514 Z5.250 E0.75743 F360
G1 E0.0750 F120
G4 P300
G1 X89.102 Y98.653 Z5.250 E0.75743 F360
G1 E0.0750 F120
G4 P300
G1 X95.035 Y91.519 Z5.250 E0.75743 F360
G1 E0.0750 F120
G4 P300
G1 X103.246 Y87.199 Z5.250 E0.75743 F360
G1 E0.0750 F120
G4 P300
G1 X112.486 Y86.350 Z5.250 E0.75743 F360
G1 E0.0750 F120
G4 P300
G1 X121.347 Y89.102 Z5.250 E0.75743 F360
G1 E0.0750 F120
G4 P300
G1 X128.481 Y95.035 Z5.250 E0.75743 F360
G1 E0.0750 F120
G4 P300
G1 X132.801 Y103.246 Z5.250 E0.75743 F360
G1 E0.0750 F120
G4 P300
G1 X133.650 Y112.486 Z5.250 E0.75743 F360
G1 E0.0750 F120
G4 P300
G1 E-0.800 F2400
; LEVEL 2/14  z 5.25 -> 9.75
G1 E0.800 F1800
G1 E0.1500 F120
G4 P300
G1 X134.914 Y115.296 Z10.050 E0.46563 F180
G4 P800
G0 X134.914 Y115.296 Z9.750 F180
G1 X130.898 Y121.347 Z5.250 E0.62770 F360
G1 E0.1500 F120
G4 P300
G1 X130.991 Y124.427 Z10.050 E0.46563 F180
G4 P800
G0 X130.991 Y124.427 Z9.750 F180
G1 X124.965 Y128.481 Z5.250 E0.62770 F360
G1 E0.1500 F120
G4 P300
G1 X123.873 Y131.362 Z10.050 E0.46563 F180
G4 P800
G0 X123.873 Y131.362 Z9.750 F180
G1 X116.754 Y132.801 Z5.250 E0.62770 F360
G1 E0.1500 F120
G4 P300
G1 X114.642 Y135.045 Z10.050 E0.46563 F180
G4 P800
G0 X114.642 Y135.045 Z9.750 F180
G1 X107.514 Y133.650 Z5.250 E0.62770 F360
G1 E0.1500 F120
G4 P300
G1 X104.704 Y134.914 Z10.050 E0.46563 F180
G4 P800
G0 X104.704 Y134.914 Z9.750 F180
G1 X98.653 Y130.898 Z5.250 E0.62770 F360
G1 E0.1500 F120
G4 P300
G1 X95.573 Y130.991 Z10.050 E0.46563 F180
G4 P800
G0 X95.573 Y130.991 Z9.750 F180
G1 X91.519 Y124.965 Z5.250 E0.62770 F360
G1 E0.1500 F120
G4 P300
G1 X88.638 Y123.873 Z10.050 E0.46563 F180
G4 P800
G0 X88.638 Y123.873 Z9.750 F180
G1 X87.199 Y116.754 Z5.250 E0.62770 F360
G1 E0.1500 F120
G4 P300
G1 X84.955 Y114.642 Z10.050 E0.46563 F180
G4 P800
G0 X84.955 Y114.642 Z9.750 F180
G1 X86.350 Y107.514 Z5.250 E0.62770 F360
G1 E0.1500 F120
G4 P300
G1 X85.086 Y104.704 Z10.050 E0.46563 F180
G4 P800
G0 X85.086 Y104.704 Z9.750 F180
G1 X89.102 Y98.653 Z5.250 E0.62770 F360
G1 E0.1500 F120
G4 P300
G1 X89.009 Y95.573 Z10.050 E0.46563 F180
G4 P800
G0 X89.009 Y95.573 Z9.750 F180
G1 X95.035 Y91.519 Z5.250 E0.62770 F360
G1 E0.1500 F120
G4 P300
G1 X96.127 Y88.638 Z10.050 E0.46563 F180
G4 P800
G0 X96.127 Y88.638 Z9.750 F180
G1 X103.246 Y87.199 Z5.250 E0.62770 F360
G1 E0.1500 F120
G4 P300
G1 X105.358 Y84.955 Z10.050 E0.46563 F180
G4 P800
G0 X105.358 Y84.955 Z9.750 F180
G1 X112.486 Y86.350 Z5.250 E0.62770 F360
G1 E0.1500 F120
G4 P300
G1 X115.296 Y85.086 Z10.050 E0.46563 F180
G4 P800
G0 X115.296 Y85.086 Z9.750 F180
G1 X121.347 Y89.102 Z5.250 E0.62770 F360
G1 E0.1500 F120
G4 P300
G1 X124.427 Y89.009 Z10.050 E0.46563 F180
G4 P800
G0 X124.427 Y89.009 Z9.750 F180
G1 X128.481 Y95.035 Z5.250 E0.62770 F360
G1 E0.1500 F120
G4 P300
G1 X131.362 Y96.127 Z10.050 E0.46563 F180
G4 P800
G0 X131.362 Y96.127 Z9.750 F180
G1 X132.801 Y103.246 Z5.250 E0.62770 F360
G1 E0.1500 F120
G4 P300
G1 X135.045 Y105.358 Z10.050 E0.46563 F180
G4 P800
G0 X135.045 Y105.358 Z9.750 F180
G1 E-0.800 F2400
G0 X135.045 Y105.358 Z10.750 F1800
G0 X134.914 Y115.296 Z10.750 F7200
G0 X134.914 Y115.296 Z9.750 F1800
G1 E0.800 F1800
G1 E0.1500 F120
G4 P300
G1 X130.991 Y124.427 Z9.750 E0.81129 F360
G1 E0.0750 F120
G4 P300
G1 X123.873 Y131.362 Z9.750 E0.81129 F360
G1 E0.0750 F120
G4 P300
G1 X114.642 Y135.045 Z9.750 E0.81129 F360
G1 E0.0750 F120
G4 P300
G1 X104.704 Y134.914 Z9.750 E0.81129 F360
G1 E0.0750 F120
G4 P300
G1 X95.573 Y130.991 Z9.750 E0.81129 F360
G1 E0.0750 F120
G4 P300
G1 X88.638 Y123.873 Z9.750 E0.81129 F360
G1 E0.0750 F120
G4 P300
G1 X84.955 Y114.642 Z9.750 E0.81129 F360
G1 E0.0750 F120
G4 P300
G1 X85.086 Y104.704 Z9.750 E0.81129 F360
G1 E0.0750 F120
G4 P300
G1 X89.009 Y95.573 Z9.750 E0.81129 F360
G1 E0.0750 F120
G4 P300
G1 X96.127 Y88.638 Z9.750 E0.81129 F360
G1 E0.0750 F120
G4 P300
G1 X105.358 Y84.955 Z9.750 E0.81129 F360
G1 E0.0750 F120
G4 P300
G1 X115.296 Y85.086 Z9.750 E0.81129 F360
G1 E0.0750 F120
G4 P300
G1 X124.427 Y89.009 Z9.750 E0.81129 F360
G1 E0.0750 F120
G4 P300
G1 X131.362 Y96.127 Z9.750 E0.81129 F360
G1 E0.0750 F120
G4 P300
G1 X135.045 Y105.358 Z9.750 E0.81129 F360
G1 E0.0750 F120
G4 P300
G1 X134.914 Y115.296 Z9.750 E0.81129 F360
G1 E0.0750 F120
G4 P300
G1 E-0.800 F2400
; LEVEL 3/14  z 9.75 -> 14.25
G1 E0.800 F1800
G1 E0.1500 F120
G4 P300
G1 X135.667 Y118.340 Z14.550 E0.46804 F180
G4 P800
G0 X135.667 Y118.340 Z14.250 F180
G1 X130.991 Y124.427 Z9.750 E0.65370 F360
G1 E0.1500 F120
G4 P300
G1 X130.522 Y127.527 Z14.550 E0.46804 F180
G4 P800
G0 X130.522 Y127.527 Z14.250 F180
G1 X123.873 Y131.362 Z9.750 E0.65370 F360
G1 E0.1500 F120
G4 P300
G1 X122.252 Y134.046 Z14.550 E0.46804 F180
G4 P800
G0 X122.252 Y134.046 Z14.250 F180
G1 X114.642 Y135.045 Z9.750 E0.65370 F360
G1 E0.1500 F120
G4 P300
G1 X112.117 Y136.905 Z14.550 E0.46804 F180
G4 P800
G0 X112.117 Y136.905 Z14.250 F180
G1 X104.704 Y134.914 Z9.750 E0.65370 F360
G1 E0.1500 F120
G4 P300
G1 X101.660 Y135.667 Z14.550 E0.46804 F180
G4 P800
G0 X101.660 Y135.667 Z14.250 F180
G1 X95.573 Y130.991 Z9.750 E0.65370 F360
G1 E0.1500 F120
G4 P300
G1 X92.473 Y130.522 Z14.550 E0.46804 F180
G4 P800
G0 X92.473 Y130.522 Z14.250 F180
G1 X88.638 Y123.873 Z9.750 E0.65370 F360
G1 E0.1500 F120
G4 P300
G1 X85.954 Y122.252 Z14.550 E0.46804 F180
G4 P800
G0 X85.954 Y122.252 Z14.250 F180
G1 X84.955 Y114.642 Z9.750 E0.65370 F360
G1 E0.1500 F120
G4 P300
G1 X83.095 Y112.117 Z14.550 E0.46804 F180
G4 P800
G0 X83.095 Y112.117 Z14.250 F180
G1 X85.086 Y104.704 Z9.750 E0.65370 F360
G1 E0.1500 F120
G4 P300
G1 X84.333 Y101.660 Z14.550 E0.46804 F180
G4 P800
G0 X84.333 Y101.660 Z14.250 F180
G1 X89.009 Y95.573 Z9.750 E0.65370 F360
G1 E0.1500 F120
G4 P300
G1 X89.478 Y92.473 Z14.550 E0.46804 F180
G4 P800
G0 X89.478 Y92.473 Z14.250 F180
G1 X96.127 Y88.638 Z9.750 E0.65370 F360
G1 E0.1500 F120
G4 P300
G1 X97.748 Y85.954 Z14.550 E0.46804 F180
G4 P800
G0 X97.748 Y85.954 Z14.250 F180
G1 X105.358 Y84.955 Z9.750 E0.65370 F360
G1 E0.1500 F120
G4 P300
G1 X107.883 Y83.095 Z14.550 E0.46804 F180
G4 P800
G0 X107.883 Y83.095 Z14.250 F180
G1 X115.296 Y85.086 Z9.750 E0.65370 F360
G1 E0.1500 F120
G4 P300
G1 X118.340 Y84.333 Z14.550 E0.46804 F180
G4 P800
G0 X118.340 Y84.333 Z14.250 F180
G1 X124.427 Y89.009 Z9.750 E0.65370 F360
G1 E0.1500 F120
G4 P300
G1 X127.527 Y89.478 Z14.550 E0.46804 F180
G4 P800
G0 X127.527 Y89.478 Z14.250 F180
G1 X131.362 Y96.127 Z9.750 E0.65370 F360
G1 E0.1500 F120
G4 P300
G1 X134.046 Y97.748 Z14.550 E0.46804 F180
G4 P800
G0 X134.046 Y97.748 Z14.250 F180
G1 X135.045 Y105.358 Z9.750 E0.65370 F360
G1 E0.1500 F120
G4 P300
G1 X136.905 Y107.883 Z14.550 E0.46804 F180
G4 P800
G0 X136.905 Y107.883 Z14.250 F180
G1 E-0.800 F2400
G0 X136.905 Y107.883 Z15.250 F1800
G0 X135.667 Y118.340 Z15.250 F7200
G0 X135.667 Y118.340 Z14.250 F1800
G1 E0.800 F1800
G1 E0.1500 F120
G4 P300
G1 X130.522 Y127.527 Z14.250 E0.85961 F360
G1 E0.0750 F120
G4 P300
G1 X122.252 Y134.046 Z14.250 E0.85961 F360
G1 E0.0750 F120
G4 P300
G1 X112.117 Y136.905 Z14.250 E0.85961 F360
G1 E0.0750 F120
G4 P300
G1 X101.660 Y135.667 Z14.250 E0.85961 F360
G1 E0.0750 F120
G4 P300
G1 X92.473 Y130.522 Z14.250 E0.85961 F360
G1 E0.0750 F120
G4 P300
G1 X85.954 Y122.252 Z14.250 E0.85961 F360
G1 E0.0750 F120
G4 P300
G1 X83.095 Y112.117 Z14.250 E0.85961 F360
G1 E0.0750 F120
G4 P300
G1 X84.333 Y101.660 Z14.250 E0.85961 F360
G1 E0.0750 F120
G4 P300
G1 X89.478 Y92.473 Z14.250 E0.85961 F360
G1 E0.0750 F120
G4 P300
G1 X97.748 Y85.954 Z14.250 E0.85961 F360
G1 E0.0750 F120
G4 P300
G1 X107.883 Y83.095 Z14.250 E0.85961 F360
G1 E0.0750 F120
G4 P300
G1 X118.340 Y84.333 Z14.250 E0.85961 F360
G1 E0.0750 F120
G4 P300
G1 X127.527 Y89.478 Z14.250 E0.85961 F360
G1 E0.0750 F120
G4 P300
G1 X134.046 Y97.748 Z14.250 E0.85961 F360
G1 E0.0750 F120
G4 P300
G1 X136.905 Y107.883 Z14.250 E0.85961 F360
G1 E0.0750 F120
G4 P300
G1 X135.667 Y118.340 Z14.250 E0.85961 F360
G1 E0.0750 F120
G4 P300
G1 E-0.800 F2400
; LEVEL 4/14  z 14.25 -> 18.75
G1 E0.800 F1800
G1 E0.1500 F120
G4 P300
G1 X135.812 Y121.492 Z19.050 E0.46894 F180
G4 P800
G0 X135.812 Y121.492 Z18.750 F180
G1 X130.522 Y127.527 Z14.250 E0.67599 F360
G1 E0.1500 F120
G4 P300
G1 X129.449 Y130.495 Z19.050 E0.46894 F180
G4 P800
G0 X129.449 Y130.495 Z18.750 F180
G1 X122.252 Y134.046 Z14.250 E0.67599 F360
G1 E0.1500 F120
G4 P300
G1 X120.126 Y136.378 Z19.050 E0.46894 F180
G4 P800
G0 X120.126 Y136.378 Z18.750 F180
G1 X112.117 Y136.905 Z14.250 E0.67599 F360
G1 E0.1500 F120
G4 P300
G1 X109.260 Y138.245 Z19.050 E0.46894 F180
G4 P800
G0 X109.260 Y138.245 Z18.750 F180
G1 X101.660 Y135.667 Z14.250 E0.67599 F360
G1 E0.1500 F120
G4 P300
G1 X98.508 Y135.812 Z19.050 E0.46894 F180
G4 P800
G0 X98.508 Y135.812 Z18.750 F180
G1 X92.473 Y130.522 Z14.250 E0.67599 F360
G1 E0.1500 F120
G4 P300
G1 X89.505 Y129.449 Z19.050 E0.46894 F180
G4 P800
G0 X89.505 Y129.449 Z18.750 F180
G1 X85.954 Y122.252 Z14.250 E0.67599 F360
G1 E0.1500 F120
G4 P300
G1 X83.622 Y120.126 Z19.050 E0.46894 F180
G4 P800
G0 X83.622 Y120.126 Z18.750 F180
G1 X83.095 Y112.117 Z14.250 E0.67599 F360
G1 E0.1500 F120
G4 P300
G1 X81.755 Y109.260 Z19.050 E0.46894 F180
G4 P800
G0 X81.755 Y109.260 Z18.750 F180
G1 X84.333 Y101.660 Z14.250 E0.67599 F360
G1 E0.1500 F120
G4 P300
G1 X84.188 Y98.508 Z19.050 E0.46894 F180
G4 P800
G0 X84.188 Y98.508 Z18.750 F180
G1 X89.478 Y92.473 Z14.250 E0.67599 F360
G1 E0.1500 F120
G4 P300
G1 X90.551 Y89.505 Z19.050 E0.46894 F180
G4 P800
G0 X90.551 Y89.505 Z18.750 F180
G1 X97.748 Y85.954 Z14.250 E0.67599 F360
G1 E0.1500 F120
G4 P300
G1 X99.874 Y83.622 Z19.050 E0.46894 F180
G4 P800
G0 X99.874 Y83.622 Z18.750 F180
G1 X107.883 Y83.095 Z14.250 E0.67599 F360
G1 E0.1500 F120
G4 P300
G1 X110.740 Y81.755 Z19.050 E0.46894 F180
G4 P800
G0 X110.740 Y81.755 Z18.750 F180
G1 X118.340 Y84.333 Z14.250 E0.67599 F360
G1 E0.1500 F120
G4 P300
G1 X121.492 Y84.188 Z19.050 E0.46894 F180
G4 P800
G0 X121.492 Y84.188 Z18.750 F180
G1 X127.527 Y89.478 Z14.250 E0.67599 F360
G1 E0.1500 F120
G4 P300
G1 X130.495 Y90.551 Z19.050 E0.46894 F180
G4 P800
G0 X130.495 Y90.551 Z18.750 F180
G1 X134.046 Y97.748 Z14.250 E0.67599 F360
G1 E0.1500 F120
G4 P300
G1 X136.378 Y99.874 Z19.050 E0.46894 F180
G4 P800
G0 X136.378 Y99.874 Z18.750 F180
G1 X136.905 Y107.883 Z14.250 E0.67599 F360
G1 E0.1500 F120
G4 P300
G1 X138.245 Y110.740 Z19.050 E0.46894 F180
G4 P800
G0 X138.245 Y110.740 Z18.750 F180
G1 E-0.800 F2400
G0 X138.245 Y110.740 Z19.750 F1800
G0 X135.812 Y121.492 Z19.750 F7200
G0 X135.812 Y121.492 Z18.750 F1800
G1 E0.800 F1800
G1 E0.1500 F120
G4 P300
G1 X129.449 Y130.495 Z18.750 E0.89995 F360
G1 E0.0750 F120
G4 P300
G1 X120.126 Y136.378 Z18.750 E0.89995 F360
G1 E0.0750 F120
G4 P300
G1 X109.260 Y138.245 Z18.750 E0.89995 F360
G1 E0.0750 F120
G4 P300
G1 X98.508 Y135.812 Z18.750 E0.89995 F360
G1 E0.0750 F120
G4 P300
G1 X89.505 Y129.449 Z18.750 E0.89995 F360
G1 E0.0750 F120
G4 P300
G1 X83.622 Y120.126 Z18.750 E0.89995 F360
G1 E0.0750 F120
G4 P300
G1 X81.755 Y109.260 Z18.750 E0.89995 F360
G1 E0.0750 F120
G4 P300
G1 X84.188 Y98.508 Z18.750 E0.89995 F360
G1 E0.0750 F120
G4 P300
G1 X90.551 Y89.505 Z18.750 E0.89995 F360
G1 E0.0750 F120
G4 P300
G1 X99.874 Y83.622 Z18.750 E0.89995 F360
G1 E0.0750 F120
G4 P300
G1 X110.740 Y81.755 Z18.750 E0.89995 F360
G1 E0.0750 F120
G4 P300
G1 X121.492 Y84.188 Z18.750 E0.89995 F360
G1 E0.0750 F120
G4 P300
G1 X130.495 Y90.551 Z18.750 E0.89995 F360
G1 E0.0750 F120
G4 P300
G1 X136.378 Y99.874 Z18.750 E0.89995 F360
G1 E0.0750 F120
G4 P300
G1 X138.245 Y110.740 Z18.750 E0.89995 F360
G1 E0.0750 F120
G4 P300
G1 X135.812 Y121.492 Z18.750 E0.89995 F360
G1 E0.0750 F120
G4 P300
G1 E-0.800 F2400
; LEVEL 5/14  z 18.75 -> 23.25
G1 E0.800 F1800
G1 E0.1500 F120
G4 P300
G1 X135.295 Y124.604 Z23.550 E0.46887 F180
G4 P800
G0 X135.295 Y124.604 Z23.250 F180
G1 X129.449 Y130.495 Z18.750 E0.69360 F360
G1 E0.1500 F120
G4 P300
G1 X127.781 Y133.172 Z23.550 E0.46887 F180
G4 P800
G0 X127.781 Y133.172 Z23.250 F180
G1 X120.126 Y136.378 Z18.750 E0.69360 F360
G1 E0.1500 F120
G4 P300
G1 X117.560 Y138.213 Z23.550 E0.46887 F180
G4 P800
G0 X117.560 Y138.213 Z23.250 F180
G1 X109.260 Y138.245 Z18.750 E0.69360 F360
G1 E0.1500 F120
G4 P300
G1 X106.188 Y138.958 Z23.550 E0.46887 F180
G4 P800
G0 X106.188 Y138.958 Z23.250 F180
G1 X98.508 Y135.812 Z18.750 E0.69360 F360
G1 E0.1500 F120
G4 P300
G1 X95.396 Y135.295 Z23.550 E0.46887 F180
G4 P800
G0 X95.396 Y135.295 Z23.250 F180
G1 X89.505 Y129.449 Z18.750 E0.69360 F360
G1 E0.1500 F120
G4 P300
G1 X86.828 Y127.781 Z23.550 E0.46887 F180
G4 P800
G0 X86.828 Y127.781 Z23.250 F180
G1 X83.622 Y120.126 Z18.750 E0.69360 F360
G1 E0.1500 F120
G4 P300
G1 X81.787 Y117.560 Z23.550 E0.46887 F180
G4 P800
G0 X81.787 Y117.560 Z23.250 F180
G1 X81.755 Y109.260 Z18.750 E0.69360 F360
G1 E0.1500 F120
G4 P300
G1 X81.042 Y106.188 Z23.550 E0.46887 F180
G4 P800
G0 X81.042 Y106.188 Z23.250 F180
G1 X84.188 Y98.508 Z18.750 E0.69360 F360
G1 E0.1500 F120
G4 P300
G1 X84.705 Y95.396 Z23.550 E0.46887 F180
G4 P800
G0 X84.705 Y95.396 Z23.250 F180
G1 X90.551 Y89.505 Z18.750 E0.69360 F360
G1 E0.1500 F120
G4 P300
G1 X92.219 Y86.828 Z23.550 E0.46887 F180
G4 P800
G0 X92.219 Y86.828 Z23.250 F180
G1 X99.874 Y83.622 Z18.750 E0.69360 F360
G1 E0.1500 F120
G4 P300
G1 X102.440 Y81.787 Z23.550 E0.46887 F180
G4 P800
G0 X102.440 Y81.787 Z23.250 F180
G1 X110.740 Y81.755 Z18.750 E0.69360 F360
G1 E0.1500 F120
G4 P300
G1 X113.812 Y81.042 Z23.550 E0.46887 F180
G4 P800
G0 X113.812 Y81.042 Z23.250 F180
G1 X121.492 Y84.188 Z18.750 E0.69360 F360
G1 E0.1500 F120
G4 P300
G1 X124.604 Y84.705 Z23.550 E0.46887 F180
G4 P800
G0 X124.604 Y84.705 Z23.250 F180
G1 X130.495 Y90.551 Z18.750 E0.69360 F360
G1 E0.1500 F120
G4 P300
G1 X133.172 Y92.219 Z23.550 E0.46887 F180
G4 P800
G0 X133.172 Y92.219 Z23.250 F180
G1 X136.378 Y99.874 Z18.750 E0.69360 F360
G1 E0.1500 F120
G4 P300
G1 X138.213 Y102.440 Z23.550 E0.46887 F180
G4 P800
G0 X138.213 Y102.440 Z23.250 F180
G1 X138.245 Y110.740 Z18.750 E0.69360 F360
G1 E0.1500 F120
G4 P300
G1 X138.958 Y113.812 Z23.550 E0.46887 F180
G4 P800
G0 X138.958 Y113.812 Z23.250 F180
G1 E-0.800 F2400
G0 X138.958 Y113.812 Z24.250 F1800
G0 X135.295 Y124.604 Z24.250 F7200
G0 X135.295 Y124.604 Z23.250 F1800
G1 E0.800 F1800
G1 E0.1500 F120
G4 P300
G1 X127.781 Y133.172 Z23.250 E0.93031 F360
G1 E0.0750 F120
G4 P300
G1 X117.560 Y138.213 Z23.250 E0.93031 F360
G1 E0.0750 F120
G4 P300
G1 X106.188 Y138.958 Z23.250 E0.93031 F360
G1 E0.0750 F120
G4 P300
G1 X95.396 Y135.295 Z23.250 E0.93031 F360
G1 E0.0750 F120
G4 P300
G1 X86.828 Y127.781 Z23.250 E0.93031 F360
G1 E0.0750 F120
G4 P300
G1 X81.787 Y117.560 Z23.250 E0.93031 F360
G1 E0.0750 F120
G4 P300
G1 X81.042 Y106.188 Z23.250 E0.93031 F360
G1 E0.0750 F120
G4 P300
G1 X84.705 Y95.396 Z23.250 E0.93031 F360
G1 E0.0750 F120
G4 P300
G1 X92.219 Y86.828 Z23.250 E0.93031 F360
G1 E0.0750 F120
G4 P300
G1 X102.440 Y81.787 Z23.250 E0.93031 F360
G1 E0.0750 F120
G4 P300
G1 X113.812 Y81.042 Z23.250 E0.93031 F360
G1 E0.0750 F120
G4 P300
G1 X124.604 Y84.705 Z23.250 E0.93031 F360
G1 E0.0750 F120
G4 P300
G1 X133.172 Y92.219 Z23.250 E0.93031 F360
G1 E0.0750 F120
G4 P300
G1 X138.213 Y102.440 Z23.250 E0.93031 F360
G1 E0.0750 F120
G4 P300
G1 X138.958 Y113.812 Z23.250 E0.93031 F360
G1 E0.0750 F120
G4 P300
G1 X135.295 Y124.604 Z23.250 E0.93031 F360
G1 E0.0750 F120
G4 P300
G1 E-0.800 F2400
; LEVEL 6/14  z 23.25 -> 27.75
G1 E0.800 F1800
G1 E0.1500 F120
G4 P300
G1 X134.108 Y127.516 Z28.050 E0.46842 F180
G4 P800
G0 X134.108 Y127.516 Z27.750 F180
G1 X127.781 Y133.172 Z23.250 E0.70578 F360
G1 E0.1500 F120
G4 P300
G1 X125.570 Y135.408 Z28.050 E0.46842 F180
G4 P800
G0 X125.570 Y135.408 Z27.750 F180
G1 X117.560 Y138.213 Z23.250 E0.70578 F360
G1 E0.1500 F120
G4 P300
G1 X114.662 Y139.433 Z28.050 E0.46842 F180
G4 P800
G0 X114.662 Y139.433 Z27.750 F180
G1 X106.188 Y138.958 Z23.250 E0.70578 F360
G1 E0.1500 F120
G4 P300
G1 X103.043 Y138.976 Z28.050 E0.46842 F180
G4 P800
G0 X103.043 Y138.976 Z27.750 F180
G1 X95.396 Y135.295 Z23.250 E0.70578 F360
G1 E0.1500 F120
G4 P300
G1 X92.484 Y134.108 Z28.050 E0.46842 F180
G4 P800
G0 X92.484 Y134.108 Z27.750 F180
G1 X86.828 Y127.781 Z23.250 E0.70578 F360
G1 E0.1500 F120
G4 P300
G1 X84.592 Y125.570 Z28.050 E0.46842 F180
G4 P800
G0 X84.592 Y125.570 Z27.750 F180
G1 X81.787 Y117.560 Z23.250 E0.70578 F360
G1 E0.1500 F120
G4 P300
G1 X80.567 Y114.662 Z28.050 E0.46842 F180
G4 P800
G0 X80.567 Y114.662 Z27.750 F180
G1 X81.042 Y106.188 Z23.250 E0.70578 F360
G1 E0.1500 F120
G4 P300
G1 X81.024 Y103.043 Z28.050 E0.46842 F180
G4 P800
G0 X81.024 Y103.043 Z27.750 F180
G1 X84.705 Y95.396 Z23.250 E0.70578 F360
G1 E0.1500 F120
G4 P300
G1 X85.892 Y92.484 Z28.050 E0.46842 F180
G4 P800
G0 X85.892 Y92.484 Z27.750 F180
G1 X92.219 Y86.828 Z23.250 E0.70578 F360
G1 E0.1500 F120
G4 P300
G1 X94.430 Y84.592 Z28.050 E0.46842 F180
G4 P800
G0 X94.430 Y84.592 Z27.750 F180
G1 X102.440 Y81.787 Z23.250 E0.70578 F360
G1 E0.1500 F120
G4 P300
G1 X105.338 Y80.567 Z28.050 E0.46842 F180
G4 P800
G0 X105.338 Y80.567 Z27.750 F180
G1 X113.812 Y81.042 Z23.250 E0.70578 F360
G1 E0.1500 F120
G4 P300
G1 X116.957 Y81.024 Z28.050 E0.46842 F180
G4 P800
G0 X116.957 Y81.024 Z27.750 F180
G1 X124.604 Y84.705 Z23.250 E0.70578 F360
G1 E0.1500 F120
G4 P300
G1 X127.516 Y85.892 Z28.050 E0.46842 F180
G4 P800
G0 X127.516 Y85.892 Z27.750 F180
G1 X133.172 Y92.219 Z23.250 E0.70578 F360
G1 E0.1500 F120
G4 P300
G1 X135.408 Y94.430 Z28.050 E0.46842 F180
G4 P800
G0 X135.408 Y94.430 Z27.750 F180
G1 X138.213 Y102.440 Z23.250 E0.70578 F360
G1 E0.1500 F120
G4 P300
G1 X139.433 Y105.338 Z28.050 E0.46842 F180
G4 P800
G0 X139.433 Y105.338 Z27.750 F180
G1 X138.958 Y113.812 Z23.250 E0.70578 F360
G1 E0.1500 F120
G4 P300
G1 X138.976 Y116.957 Z28.050 E0.46842 F180
G4 P800
G0 X138.976 Y116.957 Z27.750 F180
G1 E-0.800 F2400
G0 X138.976 Y116.957 Z28.750 F1800
G0 X134.108 Y127.516 Z28.750 F7200
G0 X134.108 Y127.516 Z27.750 F1800
G1 E0.800 F1800
G1 E0.1500 F120
G4 P300
G1 X125.570 Y135.408 Z27.750 E0.94916 F360
G1 E0.0750 F120
G4 P300
G1 X114.662 Y139.433 Z27.750 E0.94916 F360
G1 E0.0750 F120
G4 P300
G1 X103.043 Y138.976 Z27.750 E0.94916 F360
G1 E0.0750 F120
G4 P300
G1 X92.484 Y134.108 Z27.750 E0.94916 F360
G1 E0.0750 F120
G4 P300
G1 X84.592 Y125.570 Z27.750 E0.94916 F360
G1 E0.0750 F120
G4 P300
G1 X80.567 Y114.662 Z27.750 E0.94916 F360
G1 E0.0750 F120
G4 P300
G1 X81.024 Y103.043 Z27.750 E0.94916 F360
G1 E0.0750 F120
G4 P300
G1 X85.892 Y92.484 Z27.750 E0.94916 F360
G1 E0.0750 F120
G4 P300
G1 X94.430 Y84.592 Z27.750 E0.94916 F360
G1 E0.0750 F120
G4 P300
G1 X105.338 Y80.567 Z27.750 E0.94916 F360
G1 E0.0750 F120
G4 P300
G1 X116.957 Y81.024 Z27.750 E0.94916 F360
G1 E0.0750 F120
G4 P300
G1 X127.516 Y85.892 Z27.750 E0.94916 F360
G1 E0.0750 F120
G4 P300
G1 X135.408 Y94.430 Z27.750 E0.94916 F360
G1 E0.0750 F120
G4 P300
G1 X139.433 Y105.338 Z27.750 E0.94916 F360
G1 E0.0750 F120
G4 P300
G1 X138.976 Y116.957 Z27.750 E0.94916 F360
G1 E0.0750 F120
G4 P300
G1 X134.108 Y127.516 Z27.750 E0.94916 F360
G1 E0.0750 F120
G4 P300
G1 E-0.800 F2400
; LEVEL 7/14  z 27.75 -> 32.25
G1 E0.800 F1800
G1 E0.1500 F120
G4 P300
G1 X132.294 Y130.074 Z32.550 E0.46805 F180
G4 P800
G0 X132.294 Y130.074 Z32.250 F180
G1 X125.570 Y135.408 Z27.750 E0.71201 F360
G1 E0.1500 F120
G4 P300
G1 X122.915 Y137.078 Z32.550 E0.46805 F180
G4 P800
G0 X122.915 Y137.078 Z32.250 F180
G1 X114.662 Y139.433 Z27.750 E0.71201 F360
G1 E0.1500 F120
G4 P300
G1 X111.570 Y139.959 Z32.550 E0.46805 F180
G4 P800
G0 X111.570 Y139.959 Z32.250 F180
G1 X103.043 Y138.976 Z27.750 E0.71201 F360
G1 E0.1500 F120
G4 P300
G1 X99.986 Y138.279 Z32.550 E0.46805 F180
G4 P800
G0 X99.986 Y138.279 Z32.250 F180
G1 X92.484 Y134.108 Z27.750 E0.71201 F360
G1 E0.1500 F120
G4 P300
G1 X89.926 Y132.294 Z32.550 E0.46805 F180
G4 P800
G0 X89.926 Y132.294 Z32.250 F180
G1 X84.592 Y125.570 Z27.750 E0.71201 F360
G1 E0.1500 F120
G4 P300
G1 X82.922 Y122.915 Z32.550 E0.46805 F180
G4 P800
G0 X82.922 Y122.915 Z32.250 F180
G1 X80.567 Y114.662 Z27.750 E0.71201 F360
G1 E0.1500 F120
G4 P300
G1 X80.041 Y111.570 Z32.550 E0.46805 F180
G4 P800
G0 X80.041 Y111.570 Z32.250 F180
G1 X81.024 Y103.043 Z27.750 E0.71201 F360
G1 E0.1500 F120
G4 P300
G1 X81.721 Y99.986 Z32.550 E0.46805 F180
G4 P800
G0 X81.721 Y99.986 Z32.250 F180
G1 X85.892 Y92.484 Z27.750 E0.71201 F360
G1 E0.1500 F120
G4 P300
G1 X87.706 Y89.926 Z32.550 E0.46805 F180
G4 P800
G0 X87.706 Y89.926 Z32.250 F180
G1 X94.430 Y84.592 Z27.750 E0.71201 F360
G1 E0.1500 F120
G4 P300
G1 X97.085 Y82.922 Z32.550 E0.46805 F180
G4 P800
G0 X97.085 Y82.922 Z32.250 F180
G1 X105.338 Y80.567 Z27.750 E0.71201 F360
G1 E0.1500 F120
G4 P300
G1 X108.430 Y80.041 Z32.550 E0.46805 F180
G4 P800
G0 X108.430 Y80.041 Z32.250 F180
G1 X116.957 Y81.024 Z27.750 E0.71201 F360
G1 E0.1500 F120
G4 P300
G1 X120.014 Y81.721 Z32.550 E0.46805 F180
G4 P800
G0 X120.014 Y81.721 Z32.250 F180
G1 X127.516 Y85.892 Z27.750 E0.71201 F360
G1 E0.1500 F120
G4 P300
G1 X130.074 Y87.706 Z32.550 E0.46805 F180
G4 P800
G0 X130.074 Y87.706 Z32.250 F180
G1 X135.408 Y94.430 Z27.750 E0.71201 F360
G1 E0.1500 F120
G4 P300
G1 X137.078 Y97.085 Z32.550 E0.46805 F180
G4 P800
G0 X137.078 Y97.085 Z32.250 F180
G1 X139.433 Y105.338 Z27.750 E0.71201 F360
G1 E0.1500 F120
G4 P300
G1 X139.959 Y108.430 Z32.550 E0.46805 F180
G4 P800
G0 X139.959 Y108.430 Z32.250 F180
G1 X138.976 Y116.957 Z27.750 E0.71201 F360
G1 E0.1500 F120
G4 P300
G1 X138.279 Y120.014 Z32.550 E0.46805 F180
G4 P800
G0 X138.279 Y120.014 Z32.250 F180
G1 E-0.800 F2400
G0 X138.279 Y120.014 Z33.250 F1800
G0 X132.294 Y130.074 Z33.250 F7200
G0 X132.294 Y130.074 Z32.250 F1800
G1 E0.800 F1800
G1 E0.1500 F120
G4 P300
G1 X122.915 Y137.078 Z32.250 E0.95554 F360
G1 E0.0750 F120
G4 P300
G1 X111.570 Y139.959 Z32.250 E0.95554 F360
G1 E0.0750 F120
G4 P300
G1 X99.986 Y138.279 Z32.250 E0.95554 F360
G1 E0.0750 F120
G4 P300
G1 X89.926 Y132.294 Z32.250 E0.95554 F360
G1 E0.0750 F120
G4 P300
G1 X82.922 Y122.915 Z32.250 E0.95554 F360
G1 E0.0750 F120
G4 P300
G1 X80.041 Y111.570 Z32.250 E0.95554 F360
G1 E0.0750 F120
G4 P300
G1 X81.721 Y99.986 Z32.250 E0.95554 F360
G1 E0.0750 F120
G4 P300
G1 X87.706 Y89.926 Z32.250 E0.95554 F360
G1 E0.0750 F120
G4 P300
G1 X97.085 Y82.922 Z32.250 E0.95554 F360
G1 E0.0750 F120
G4 P300
G1 X108.430 Y80.041 Z32.250 E0.95554 F360
G1 E0.0750 F120
G4 P300
G1 X120.014 Y81.721 Z32.250 E0.95554 F360
G1 E0.0750 F120
G4 P300
G1 X130.074 Y87.706 Z32.250 E0.95554 F360
G1 E0.0750 F120
G4 P300
G1 X137.078 Y97.085 Z32.250 E0.95554 F360
G1 E0.0750 F120
G4 P300
G1 X139.959 Y108.430 Z32.250 E0.95554 F360
G1 E0.0750 F120
G4 P300
G1 X138.279 Y120.014 Z32.250 E0.95554 F360
G1 E0.0750 F120
G4 P300
G1 X132.294 Y130.074 Z32.250 E0.95554 F360
G1 E0.0750 F120
G4 P300
G1 E-0.800 F2400
; LEVEL 8/14  z 32.25 -> 36.75
G1 E0.800 F1800
G1 E0.1500 F120
G4 P300
G1 X129.940 Y132.145 Z37.050 E0.46805 F180
G4 P800
G0 X129.940 Y132.145 Z36.750 F180
G1 X122.915 Y137.078 Z32.250 E0.71201 F360
G1 E0.1500 F120
G4 P300
G1 X119.947 Y138.090 Z37.050 E0.46805 F180
G4 P800
G0 X119.947 Y138.090 Z36.750 F180
G1 X111.570 Y139.959 Z32.250 E0.71201 F360
G1 E0.1500 F120
G4 P300
G1 X108.440 Y139.759 Z37.050 E0.46805 F180
G4 P800
G0 X108.440 Y139.759 Z36.750 F180
G1 X99.986 Y138.279 Z32.250 E0.71201 F360
G1 E0.1500 F120
G4 P300
G1 X97.171 Y136.897 Z37.050 E0.46805 F180
G4 P800
G0 X97.171 Y136.897 Z36.750 F180
G1 X89.926 Y132.294 Z32.250 E0.71201 F360
G1 E0.1500 F120
G4 P300
G1 X87.855 Y129.940 Z37.050 E0.46805 F180
G4 P800
G0 X87.855 Y129.940 Z36.750 F180
G1 X82.922 Y122.915 Z32.250 E0.71201 F360
G1 E0.1500 F120
G4 P300
G1 X81.910 Y119.947 Z37.050 E0.46805 F180
G4 P800
G0 X81.910 Y119.947 Z36.750 F180
G1 X80.041 Y111.570 Z32.250 E0.71201 F360
G1 E0.1500 F120
G4 P300
G1 X80.241 Y108.440 Z37.050 E0.46805 F180
G4 P800
G0 X80.241 Y108.440 Z36.750 F180
G1 X81.721 Y99.986 Z32.250 E0.71201 F360
G1 E0.1500 F120
G4 P300
G1 X83.103 Y97.171 Z37.050 E0.46805 F180
G4 P800
G0 X83.103 Y97.171 Z36.750 F180
G1 X87.706 Y89.926 Z32.250 E0.71201 F360
G1 E0.1500 F120
G4 P300
G1 X90.060 Y87.855 Z37.050 E0.46805 F180
G4 P800
G0 X90.060 Y87.855 Z36.750 F180
G1 X97.085 Y82.922 Z32.250 E0.71201 F360
G1 E0.1500 F120
G4 P300
G1 X100.053 Y81.910 Z37.050 E0.46805 F180
G4 P800
G0 X100.053 Y81.910 Z36.750 F180
G1 X108.430 Y80.041 Z32.250 E0.71201 F360
G1 E0.1500 F120
G4 P300
G1 X111.560 Y80.241 Z37.050 E0.46805 F180
G4 P800
G0 X111.560 Y80.241 Z36.750 F180
G1 X120.014 Y81.721 Z32.250 E0.71201 F360
G1 E0.1500 F120
G4 P300
G1 X122.829 Y83.103 Z37.050 E0.46805 F180
G4 P800
G0 X122.829 Y83.103 Z36.750 F180
G1 X130.074 Y87.706 Z32.250 E0.71201 F360
G1 E0.1500 F120
G4 P300
G1 X132.145 Y90.060 Z37.050 E0.46805 F180
G4 P800
G0 X132.145 Y90.060 Z36.750 F180
G1 X137.078 Y97.085 Z32.250 E0.71201 F360
G1 E0.1500 F120
G4 P300
G1 X138.090 Y100.053 Z37.050 E0.46805 F180
G4 P800
G0 X138.090 Y100.053 Z36.750 F180
G1 X139.959 Y108.430 Z32.250 E0.71201 F360
G1 E0.1500 F120
G4 P300
G1 X139.759 Y111.560 Z37.050 E0.46805 F180
G4 P800
G0 X139.759 Y111.560 Z36.750 F180
G1 X138.279 Y120.014 Z32.250 E0.71201 F360
G1 E0.1500 F120
G4 P300
G1 X136.897 Y122.829 Z37.050 E0.46805 F180
G4 P800
G0 X136.897 Y122.829 Z36.750 F180
G1 E-0.800 F2400
G0 X136.897 Y122.829 Z37.750 F1800
G0 X129.940 Y132.145 Z37.750 F7200
G0 X129.940 Y132.145 Z36.750 F1800
G1 E0.800 F1800
G1 E0.1500 F120
G4 P300
G1 X119.947 Y138.090 Z36.750 E0.94916 F360
G1 E0.0750 F120
G4 P300
G1 X108.440 Y139.759 Z36.750 E0.94916 F360
G1 E0.0750 F120
G4 P300
G1 X97.171 Y136.897 Z36.750 E0.94916 F360
G1 E0.0750 F120
G4 P300
G1 X87.855 Y129.940 Z36.750 E0.94916 F360
G1 E0.0750 F120
G4 P300
G1 X81.910 Y119.947 Z36.750 E0.94916 F360
G1 E0.0750 F120
G4 P300
G1 X80.241 Y108.440 Z36.750 E0.94916 F360
G1 E0.0750 F120
G4 P300
G1 X83.103 Y97.171 Z36.750 E0.94916 F360
G1 E0.0750 F120
G4 P300
G1 X90.060 Y87.855 Z36.750 E0.94916 F360
G1 E0.0750 F120
G4 P300
G1 X100.053 Y81.910 Z36.750 E0.94916 F360
G1 E0.0750 F120
G4 P300
G1 X111.560 Y80.241 Z36.750 E0.94916 F360
G1 E0.0750 F120
G4 P300
G1 X122.829 Y83.103 Z36.750 E0.94916 F360
G1 E0.0750 F120
G4 P300
G1 X132.145 Y90.060 Z36.750 E0.94916 F360
G1 E0.0750 F120
G4 P300
G1 X138.090 Y100.053 Z36.750 E0.94916 F360
G1 E0.0750 F120
G4 P300
G1 X139.759 Y111.560 Z36.750 E0.94916 F360
G1 E0.0750 F120
G4 P300
G1 X136.897 Y122.829 Z36.750 E0.94916 F360
G1 E0.0750 F120
G4 P300
G1 X129.940 Y132.145 Z36.750 E0.94916 F360
G1 E0.0750 F120
G4 P300
G1 E-0.800 F2400
; LEVEL 9/14  z 36.75 -> 41.25
G1 E0.800 F1800
G1 E0.1500 F120
G4 P300
G1 X127.168 Y133.630 Z41.550 E0.46842 F180
G4 P800
G0 X127.168 Y133.630 Z41.250 F180
G1 X119.947 Y138.090 Z36.750 E0.70578 F360
G1 E0.1500 F120
G4 P300
G1 X116.818 Y138.401 Z41.550 E0.46842 F180
G4 P800
G0 X116.818 Y138.401 Z41.250 F180
G1 X108.440 Y139.759 Z36.750 E0.70578 F360
G1 E0.1500 F120
G4 P300
G1 X105.431 Y138.848 Z41.550 E0.46842 F180
G4 P800
G0 X105.431 Y138.848 Z41.250 F180
G1 X97.171 Y136.897 Z36.750 E0.70578 F360
G1 E0.1500 F120
G4 P300
G1 X94.739 Y134.904 Z41.550 E0.46842 F180
G4 P800
G0 X94.739 Y134.904 Z41.250 F180
G1 X87.855 Y129.940 Z36.750 E0.70578 F360
G1 E0.1500 F120
G4 P300
G1 X86.370 Y127.168 Z41.550 E0.46842 F180
G4 P800
G0 X86.370 Y127.168 Z41.250 F180
G1 X81.910 Y119.947 Z36.750 E0.70578 F360
G1 E0.1500 F120
G4 P300
G1 X81.599 Y116.818 Z41.550 E0.46842 F180
G4 P800
G0 X81.599 Y116.818 Z41.250 F180
G1 X80.241 Y108.440 Z36.750 E0.70578 F360
G1 E0.1500 F120
G4 P300
G1 X81.152 Y105.431 Z41.550 E0.46842 F180
G4 P800
G0 X81.152 Y105.431 Z41.250 F180
G1 X83.103 Y97.171 Z36.750 E0.70578 F360
G1 E0.1500 F120
G4 P300
G1 X85.096 Y94.739 Z41.550 E0.46842 F180
G4 P800
G0 X85.096 Y94.739 Z41.250 F180
G1 X90.060 Y87.855 Z36.750 E0.70578 F360
G1 E0.1500 F120
G4 P300
G1 X92.832 Y86.370 Z41.550 E0.46842 F180
G4 P800
G0 X92.832 Y86.370 Z41.250 F180
G1 X100.053 Y81.910 Z36.750 E0.70578 F360
G1 E0.1500 F120
G4 P300
G1 X103.182 Y81.599 Z41.550 E0.46842 F180
G4 P800
G0 X103.182 Y81.599 Z41.250 F180
G1 X111.560 Y80.241 Z36.750 E0.70578 F360
G1 E0.1500 F120
G4 P300
G1 X114.569 Y81.152 Z41.550 E0.46842 F180
G4 P800
G0 X114.569 Y81.152 Z41.250 F180
G1 X122.829 Y83.103 Z36.750 E0.70578 F360
G1 E0.1500 F120
G4 P300
G1 X125.261 Y85.096 Z41.550 E0.46842 F180
G4 P800
G0 X125.261 Y85.096 Z41.250 F180
G1 X132.145 Y90.060 Z36.750 E0.70578 F360
G1 E0.1500 F120
G4 P300
G1 X133.630 Y92.832 Z41.550 E0.46842 F180
G4 P800
G0 X133.630 Y92.832 Z41.250 F180
G1 X138.090 Y100.053 Z36.750 E0.70578 F360
G1 E0.1500 F120
G4 P300
G1 X138.401 Y103.182 Z41.550 E0.46842 F180
G4 P800
G0 X138.401 Y103.182 Z41.250 F180
G1 X139.759 Y111.560 Z36.750 E0.70578 F360
G1 E0.1500 F120
G4 P300
G1 X138.848 Y114.569 Z41.550 E0.46842 F180
G4 P800
G0 X138.848 Y114.569 Z41.250 F180
G1 X136.897 Y122.829 Z36.750 E0.70578 F360
G1 E0.1500 F120
G4 P300
G1 X134.904 Y125.261 Z41.550 E0.46842 F180
G4 P800
G0 X134.904 Y125.261 Z41.250 F180
G1 E-0.800 F2400
G0 X134.904 Y125.261 Z42.250 F1800
G0 X127.168 Y133.630 Z42.250 F7200
G0 X127.168 Y133.630 Z41.250 F1800
G1 E0.800 F1800
G1 E0.1500 F120
G4 P300
G1 X116.818 Y138.401 Z41.250 E0.93031 F360
G1 E0.0750 F120
G4 P300
G1 X105.431 Y138.848 Z41.250 E0.93031 F360
G1 E0.0750 F120
G4 P300
G1 X94.739 Y134.904 Z41.250 E0.93031 F360
G1 E0.0750 F120
G4 P300
G1 X86.370 Y127.168 Z41.250 E0.93031 F360
G1 E0.0750 F120
G4 P300
G1 X81.599 Y116.818 Z41.250 E0.93031 F360
G1 E0.0750 F120
G4 P300
G1 X81.152 Y105.431 Z41.250 E0.93031 F360
G1 E0.0750 F120
G4 P300
G1 X85.096 Y94.739 Z41.250 E0.93031 F360
G1 E0.0750 F120
G4 P300
G1 X92.832 Y86.370 Z41.250 E0.93031 F360
G1 E0.0750 F120
G4 P300
G1 X103.182 Y81.599 Z41.250 E0.93031 F360
G1 E0.0750 F120
G4 P300
G1 X114.569 Y81.152 Z41.250 E0.93031 F360
G1 E0.0750 F120
G4 P300
G1 X125.261 Y85.096 Z41.250 E0.93031 F360
G1 E0.0750 F120
G4 P300
G1 X133.630 Y92.832 Z41.250 E0.93031 F360
G1 E0.0750 F120
G4 P300
G1 X138.401 Y103.182 Z41.250 E0.93031 F360
G1 E0.0750 F120
G4 P300
G1 X138.848 Y114.569 Z41.250 E0.93031 F360
G1 E0.0750 F120
G4 P300
G1 X134.904 Y125.261 Z41.250 E0.93031 F360
G1 E0.0750 F120
G4 P300
G1 X127.168 Y133.630 Z41.250 E0.93031 F360
G1 E0.0750 F120
G4 P300
G1 E-0.800 F2400
; LEVEL 10/14  z 41.25 -> 45.75
G1 E0.800 F1800
G1 E0.1500 F120
G4 P300
G1 X124.127 Y134.469 Z46.050 E0.46887 F180
G4 P800
G0 X124.127 Y134.469 Z45.750 F180
G1 X116.818 Y138.401 Z41.250 E0.69360 F360
G1 E0.1500 F120
G4 P300
G1 X113.688 Y138.013 Z46.050 E0.46887 F180
G4 P800
G0 X113.688 Y138.013 Z45.750 F180
G1 X105.431 Y138.848 Z41.250 E0.69360 F360
G1 E0.1500 F120
G4 P300
G1 X102.687 Y137.292 Z46.050 E0.46887 F180
G4 P800
G0 X102.687 Y137.292 Z45.750 F180
G1 X94.739 Y134.904 Z41.250 E0.69360 F360
G1 E0.1500 F120
G4 P300
G1 X92.800 Y132.416 Z46.050 E0.46887 F180
G4 P800
G0 X92.800 Y132.416 Z45.750 F180
G1 X86.370 Y127.168 Z41.250 E0.69360 F360
G1 E0.1500 F120
G4 P300
G1 X85.531 Y124.127 Z46.050 E0.46887 F180
G4 P800
G0 X85.531 Y124.127 Z45.750 F180
G1 X81.599 Y116.818 Z41.250 E0.69360 F360
G1 E0.1500 F120
G4 P300
G1 X81.987 Y113.688 Z46.050 E0.46887 F180
G4 P800
G0 X81.987 Y113.688 Z45.750 F180
G1 X81.152 Y105.431 Z41.250 E0.69360 F360
G1 E0.1500 F120
G4 P300
G1 X82.708 Y102.687 Z46.050 E0.46887 F180
G4 P800
G0 X82.708 Y102.687 Z45.750 F180
G1 X85.096 Y94.739 Z41.250 E0.69360 F360
G1 E0.1500 F120
G4 P300
G1 X87.584 Y92.800 Z46.050 E0.46887 F180
G4 P800
G0 X87.584 Y92.800 Z45.750 F180
G1 X92.832 Y86.370 Z41.250 E0.69360 F360
G1 E0.1500 F120
G4 P300
G1 X95.873 Y85.531 Z46.050 E0.46887 F180
G4 P800
G0 X95.873 Y85.531 Z45.750 F180
G1 X103.182 Y81.599 Z41.250 E0.69360 F360
G1 E0.1500 F120
G4 P300
G1 X106.312 Y81.987 Z46.050 E0.46887 F180
G4 P800
G0 X106.312 Y81.987 Z45.750 F180
G1 X114.569 Y81.152 Z41.250 E0.69360 F360
G1 E0.1500 F120
G4 P300
G1 X117.313 Y82.708 Z46.050 E0.46887 F180
G4 P800
G0 X117.313 Y82.708 Z45.750 F180
G1 X125.261 Y85.096 Z41.250 E0.69360 F360
G1 E0.1500 F120
G4 P300
G1 X127.200 Y87.584 Z46.050 E0.46887 F180
G4 P800
G0 X127.200 Y87.584 Z45.750 F180
G1 X133.630 Y92.832 Z41.250 E0.69360 F360
G1 E0.1500 F120
G4 P300
G1 X134.469 Y95.873 Z46.050 E0.46887 F180
G4 P800
G0 X134.469 Y95.873 Z45.750 F180
G1 X138.401 Y103.182 Z41.250 E0.69360 F360
G1 E0.1500 F120
G4 P300
G1 X138.013 Y106.312 Z46.050 E0.46887 F180
G4 P800
G0 X138.013 Y106.312 Z45.750 F180
G1 X138.848 Y114.569 Z41.250 E0.69360 F360
G1 E0.1500 F120
G4 P300
G1 X137.292 Y117.313 Z46.050 E0.46887 F180
G4 P800
G0 X137.292 Y117.313 Z45.750 F180
G1 X134.904 Y125.261 Z41.250 E0.69360 F360
G1 E0.1500 F120
G4 P300
G1 X132.416 Y127.200 Z46.050 E0.46887 F180
G4 P800
G0 X132.416 Y127.200 Z45.750 F180
G1 E-0.800 F2400
G0 X132.416 Y127.200 Z46.750 F1800
G0 X124.127 Y134.469 Z46.750 F7200
G0 X124.127 Y134.469 Z45.750 F1800
G1 E0.800 F1800
G1 E0.1500 F120
G4 P300
G1 X113.688 Y138.013 Z45.750 E0.89995 F360
G1 E0.0750 F120
G4 P300
G1 X102.687 Y137.292 Z45.750 E0.89995 F360
G1 E0.0750 F120
G4 P300
G1 X92.800 Y132.416 Z45.750 E0.89995 F360
G1 E0.0750 F120
G4 P300
G1 X85.531 Y124.127 Z45.750 E0.89995 F360
G1 E0.0750 F120
G4 P300
G1 X81.987 Y113.688 Z45.750 E0.89995 F360
G1 E0.0750 F120
G4 P300
G1 X82.708 Y102.687 Z45.750 E0.89995 F360
G1 E0.0750 F120
G4 P300
G1 X87.584 Y92.800 Z45.750 E0.89995 F360
G1 E0.0750 F120
G4 P300
G1 X95.873 Y85.531 Z45.750 E0.89995 F360
G1 E0.0750 F120
G4 P300
G1 X106.312 Y81.987 Z45.750 E0.89995 F360
G1 E0.0750 F120
G4 P300
G1 X117.313 Y82.708 Z45.750 E0.89995 F360
G1 E0.0750 F120
G4 P300
G1 X127.200 Y87.584 Z45.750 E0.89995 F360
G1 E0.0750 F120
G4 P300
G1 X134.469 Y95.873 Z45.750 E0.89995 F360
G1 E0.0750 F120
G4 P300
G1 X138.013 Y106.312 Z45.750 E0.89995 F360
G1 E0.0750 F120
G4 P300
G1 X137.292 Y117.313 Z45.750 E0.89995 F360
G1 E0.0750 F120
G4 P300
G1 X132.416 Y127.200 Z45.750 E0.89995 F360
G1 E0.0750 F120
G4 P300
G1 X124.127 Y134.469 Z45.750 E0.89995 F360
G1 E0.0750 F120
G4 P300
G1 E-0.800 F2400
; LEVEL 11/14  z 45.75 -> 50.25
G1 E0.800 F1800
G1 E0.1500 F120
G4 P300
G1 X120.977 Y134.655 Z50.550 E0.46894 F180
G4 P800
G0 X120.977 Y134.655 Z50.250 F180
G1 X113.688 Y138.013 Z45.750 E0.67599 F360
G1 E0.1500 F120
G4 P300
G1 X110.706 Y136.979 Z50.550 E0.46894 F180
G4 P800
G0 X110.706 Y136.979 Z50.250 F180
G1 X102.687 Y137.292 Z45.750 E0.67599 F360
G1 E0.1500 F120
G4 P300
G1 X100.328 Y135.195 Z50.550 E0.46894 F180
G4 P800
G0 X100.328 Y135.195 Z50.250 F180
G1 X92.800 Y132.416 Z45.750 E0.67599 F360
G1 E0.1500 F120
G4 P300
G1 X91.423 Y129.576 Z50.550 E0.46894 F180
G4 P800
G0 X91.423 Y129.576 Z50.250 F180
G1 X85.531 Y124.127 Z45.750 E0.67599 F360
G1 E0.1500 F120
G4 P300
G1 X85.345 Y120.977 Z50.550 E0.46894 F180
G4 P800
G0 X85.345 Y120.977 Z50.250 F180
G1 X81.987 Y113.688 Z45.750 E0.67599 F360
G1 E0.1500 F120
G4 P300
G1 X83.021 Y110.706 Z50.550 E0.46894 F180
G4 P800
G0 X83.021 Y110.706 Z50.250 F180
G1 X82.708 Y102.687 Z45.750 E0.67599 F360
G1 E0.1500 F120
G4 P300
G1 X84.805 Y100.328 Z50.550 E0.46894 F180
G4 P800
G0 X84.805 Y100.328 Z50.250 F180
G1 X87.584 Y92.800 Z45.750 E0.67599 F360
G1 E0.1500 F120
G4 P300
G1 X90.424 Y91.423 Z50.550 E0.46894 F180
G4 P800
G0 X90.424 Y91.423 Z50.250 F180
G1 X95.873 Y85.531 Z45.750 E0.67599 F360
G1 E0.1500 F120
G4 P300
G1 X99.023 Y85.345 Z50.550 E0.46894 F180
G4 P800
G0 X99.023 Y85.345 Z50.250 F180
G1 X106.312 Y81.987 Z45.750 E0.67599 F360
G1 E0.1500 F120
G4 P300
G1 X109.294 Y83.021 Z50.550 E0.46894 F180
G4 P800
G0 X109.294 Y83.021 Z50.250 F180
G1 X117.313 Y82.708 Z45.750 E0.67599 F360
G1 E0.1500 F120
G4 P300
G1 X119.672 Y84.805 Z50.550 E0.46894 F180
G4 P800
G0 X119.672 Y84.805 Z50.250 F180
G1 X127.200 Y87.584 Z45.750 E0.67599 F360
G1 E0.1500 F120
G4 P300
G1 X128.577 Y90.424 Z50.550 E0.46894 F180
G4 P800
G0 X128.577 Y90.424 Z50.250 F180
G1 X134.469 Y95.873 Z45.750 E0.67599 F360
G1 E0.1500 F120
G4 P300
G1 X134.655 Y99.023 Z50.550 E0.46894 F180
G4 P800
G0 X134.655 Y99.023 Z50.250 F180
G1 X138.013 Y106.312 Z45.750 E0.67599 F360
G1 E0.1500 F120
G4 P300
G1 X136.979 Y109.294 Z50.550 E0.46894 F180
G4 P800
G0 X136.979 Y109.294 Z50.250 F180
G1 X137.292 Y117.313 Z45.750 E0.67599 F360
G1 E0.1500 F120
G4 P300
G1 X135.195 Y119.672 Z50.550 E0.46894 F180
G4 P800
G0 X135.195 Y119.672 Z50.250 F180
G1 X132.416 Y127.200 Z45.750 E0.67599 F360
G1 E0.1500 F120
G4 P300
G1 X129.576 Y128.577 Z50.550 E0.46894 F180
G4 P800
G0 X129.576 Y128.577 Z50.250 F180
G1 E-0.800 F2400
G0 X129.576 Y128.577 Z51.250 F1800
G0 X120.977 Y134.655 Z51.250 F7200
G0 X120.977 Y134.655 Z50.250 F1800
G1 E0.800 F1800
G1 E0.1500 F120
G4 P300
G1 X110.706 Y136.979 Z50.250 E0.85961 F360
G1 E0.0750 F120
G4 P300
G1 X100.328 Y135.195 Z50.250 E0.85961 F360
G1 E0.0750 F120
G4 P300
G1 X91.423 Y129.576 Z50.250 E0.85961 F360
G1 E0.0750 F120
G4 P300
G1 X85.345 Y120.977 Z50.250 E0.85961 F360
G1 E0.0750 F120
G4 P300
G1 X83.021 Y110.706 Z50.250 E0.85961 F360
G1 E0.0750 F120
G4 P300
G1 X84.805 Y100.328 Z50.250 E0.85961 F360
G1 E0.0750 F120
G4 P300
G1 X90.424 Y91.423 Z50.250 E0.85961 F360
G1 E0.0750 F120
G4 P300
G1 X99.023 Y85.345 Z50.250 E0.85961 F360
G1 E0.0750 F120
G4 P300
G1 X109.294 Y83.021 Z50.250 E0.85961 F360
G1 E0.0750 F120
G4 P300
G1 X119.672 Y84.805 Z50.250 E0.85961 F360
G1 E0.0750 F120
G4 P300
G1 X128.577 Y90.424 Z50.250 E0.85961 F360
G1 E0.0750 F120
G4 P300
G1 X134.655 Y99.023 Z50.250 E0.85961 F360
G1 E0.0750 F120
G4 P300
G1 X136.979 Y109.294 Z50.250 E0.85961 F360
G1 E0.0750 F120
G4 P300
G1 X135.195 Y119.672 Z50.250 E0.85961 F360
G1 E0.0750 F120
G4 P300
G1 X129.576 Y128.577 Z50.250 E0.85961 F360
G1 E0.0750 F120
G4 P300
G1 X120.977 Y134.655 Z50.250 E0.85961 F360
G1 E0.0750 F120
G4 P300
G1 E-0.800 F2400
; LEVEL 12/14  z 50.25 -> 54.75
G1 E0.800 F1800
G1 E0.1500 F120
G4 P300
G1 X117.871 Y134.224 Z55.050 E0.46804 F180
G4 P800
G0 X117.871 Y134.224 Z54.750 F180
G1 X110.706 Y136.979 Z50.250 E0.65370 F360
G1 E0.1500 F120
G4 P300
G1 X108.002 Y135.393 Z55.050 E0.46804 F180
G4 P800
G0 X108.002 Y135.393 Z54.750 F180
G1 X100.328 Y135.195 Z50.250 E0.65370 F360
G1 E0.1500 F120
G4 P300
G1 X98.436 Y132.695 Z55.050 E0.46804 F180
G4 P800
G0 X98.436 Y132.695 Z54.750 F180
G1 X91.423 Y129.576 Z50.250 E0.65370 F360
G1 E0.1500 F120
G4 P300
G1 X90.632 Y126.542 Z55.050 E0.46804 F180
G4 P800
G0 X90.632 Y126.542 Z54.750 F180
G1 X85.345 Y120.977 Z50.250 E0.65370 F360
G1 E0.1500 F120
G4 P300
G1 X85.776 Y117.871 Z55.050 E0.46804 F180
G4 P800
G0 X85.776 Y117.871 Z54.750 F180
G1 X83.021 Y110.706 Z50.250 E0.65370 F360
G1 E0.1500 F120
G4 P300
G1 X84.607 Y108.002 Z55.050 E0.46804 F180
G4 P800
G0 X84.607 Y108.002 Z54.750 F180
G1 X84.805 Y100.328 Z50.250 E0.65370 F360
G1 E0.1500 F120
G4 P300
G1 X87.305 Y98.436 Z55.050 E0.46804 F180
G4 P800
G0 X87.305 Y98.436 Z54.750 F180
G1 X90.424 Y91.423 Z50.250 E0.65370 F360
G1 E0.1500 F120
G4 P300
G1 X93.458 Y90.632 Z55.050 E0.46804 F180
G4 P800
G0 X93.458 Y90.632 Z54.750 F180
G1 X99.023 Y85.345 Z50.250 E0.65370 F360
G1 E0.1500 F120
G4 P300
G1 X102.129 Y85.776 Z55.050 E0.46804 F180
G4 P800
G0 X102.129 Y85.776 Z54.750 F180
G1 X109.294 Y83.021 Z50.250 E0.65370 F360
G1 E0.1500 F120
G4 P300
G1 X111.998 Y84.607 Z55.050 E0.46804 F180
G4 P800
G0 X111.998 Y84.607 Z54.750 F180
G1 X119.672 Y84.805 Z50.250 E0.65370 F360
G1 E0.1500 F120
G4 P300
G1 X121.564 Y87.305 Z55.050 E0.46804 F180
G4 P800
G0 X121.564 Y87.305 Z54.750 F180
G1 X128.577 Y90.424 Z50.250 E0.65370 F360
G1 E0.1500 F120
G4 P300
G1 X129.368 Y93.458 Z55.050 E0.46804 F180
G4 P800
G0 X129.368 Y93.458 Z54.750 F180
G1 X134.655 Y99.023 Z50.250 E0.65370 F360
G1 E0.1500 F120
G4 P300
G1 X134.224 Y102.129 Z55.050 E0.46804 F180
G4 P800
G0 X134.224 Y102.129 Z54.750 F180
G1 X136.979 Y109.294 Z50.250 E0.65370 F360
G1 E0.1500 F120
G4 P300
G1 X135.393 Y111.998 Z55.050 E0.46804 F180
G4 P800
G0 X135.393 Y111.998 Z54.750 F180
G1 X135.195 Y119.672 Z50.250 E0.65370 F360
G1 E0.1500 F120
G4 P300
G1 X132.695 Y121.564 Z55.050 E0.46804 F180
G4 P800
G0 X132.695 Y121.564 Z54.750 F180
G1 X129.576 Y128.577 Z50.250 E0.65370 F360
G1 E0.1500 F120
G4 P300
G1 X126.542 Y129.368 Z55.050 E0.46804 F180
G4 P800
G0 X126.542 Y129.368 Z54.750 F180
G1 E-0.800 F2400
G0 X126.542 Y129.368 Z55.750 F1800
G0 X117.871 Y134.224 Z55.750 F7200
G0 X117.871 Y134.224 Z54.750 F1800
G1 E0.800 F1800
G1 E0.1500 F120
G4 P300
G1 X108.002 Y135.393 Z54.750 E0.81129 F360
G1 E0.0750 F120
G4 P300
G1 X98.436 Y132.695 Z54.750 E0.81129 F360
G1 E0.0750 F120
G4 P300
G1 X90.632 Y126.542 Z54.750 E0.81129 F360
G1 E0.0750 F120
G4 P300
G1 X85.776 Y117.871 Z54.750 E0.81129 F360
G1 E0.0750 F120
G4 P300
G1 X84.607 Y108.002 Z54.750 E0.81129 F360
G1 E0.0750 F120
G4 P300
G1 X87.305 Y98.436 Z54.750 E0.81129 F360
G1 E0.0750 F120
G4 P300
G1 X93.458 Y90.632 Z54.750 E0.81129 F360
G1 E0.0750 F120
G4 P300
G1 X102.129 Y85.776 Z54.750 E0.81129 F360
G1 E0.0750 F120
G4 P300
G1 X111.998 Y84.607 Z54.750 E0.81129 F360
G1 E0.0750 F120
G4 P300
G1 X121.564 Y87.305 Z54.750 E0.81129 F360
G1 E0.0750 F120
G4 P300
G1 X129.368 Y93.458 Z54.750 E0.81129 F360
G1 E0.0750 F120
G4 P300
G1 X134.224 Y102.129 Z54.750 E0.81129 F360
G1 E0.0750 F120
G4 P300
G1 X135.393 Y111.998 Z54.750 E0.81129 F360
G1 E0.0750 F120
G4 P300
G1 X132.695 Y121.564 Z54.750 E0.81129 F360
G1 E0.0750 F120
G4 P300
G1 X126.542 Y129.368 Z54.750 E0.81129 F360
G1 E0.0750 F120
G4 P300
G1 X117.871 Y134.224 Z54.750 E0.81129 F360
G1 E0.0750 F120
G4 P300
G1 E-0.800 F2400
; LEVEL 13/14  z 54.75 -> 59.25
G1 E0.800 F1800
G1 E0.1500 F120
G4 P300
G1 X114.944 Y133.261 Z59.550 E0.46563 F180
G4 P800
G0 X114.944 Y133.261 Z59.250 F180
G1 X108.002 Y135.393 Z54.750 E0.62770 F360
G1 E0.1500 F120
G4 P300
G1 X105.666 Y133.382 Z59.550 E0.46563 F180
G4 P800
G0 X105.666 Y133.382 Z59.250 F180
G1 X98.436 Y132.695 Z54.750 E0.62770 F360
G1 E0.1500 F120
G4 P300
G1 X97.048 Y129.944 Z59.550 E0.46563 F180
G4 P800
G0 X97.048 Y129.944 Z59.250 F180
G1 X90.632 Y126.542 Z54.750 E0.62770 F360
G1 E0.1500 F120
G4 P300
G1 X90.402 Y123.469 Z59.550 E0.46563 F180
G4 P800
G0 X90.402 Y123.469 Z59.250 F180
G1 X85.776 Y117.871 Z54.750 E0.62770 F360
G1 E0.1500 F120
G4 P300
G1 X86.739 Y114.944 Z59.550 E0.46563 F180
G4 P800
G0 X86.739 Y114.944 Z59.250 F180
G1 X84.607 Y108.002 Z54.750 E0.62770 F360
G1 E0.1500 F120
G4 P300
G1 X86.618 Y105.666 Z59.550 E0.46563 F180
G4 P800
G0 X86.618 Y105.666 Z59.250 F180
G1 X87.305 Y98.436 Z54.750 E0.62770 F360
G1 E0.1500 F120
G4 P300
G1 X90.056 Y97.048 Z59.550 E0.46563 F180
G4 P800
G0 X90.056 Y97.048 Z59.250 F180
G1 X93.458 Y90.632 Z54.750 E0.62770 F360
G1 E0.1500 F120
G4 P300
G1 X96.531 Y90.402 Z59.550 E0.46563 F180
G4 P800
G0 X96.531 Y90.402 Z59.250 F180
G1 X102.129 Y85.776 Z54.750 E0.62770 F360
G1 E0.1500 F120
G4 P300
G1 X105.056 Y86.739 Z59.550 E0.46563 F180
G4 P800
G0 X105.056 Y86.739 Z59.250 F180
G1 X111.998 Y84.607 Z54.750 E0.62770 F360
G1 E0.1500 F120
G4 P300
G1 X114.334 Y86.618 Z59.550 E0.46563 F180
G4 P800
G0 X114.334 Y86.618 Z59.250 F180
G1 X121.564 Y87.305 Z54.750 E0.62770 F360
G1 E0.1500 F120
G4 P300
G1 X122.952 Y90.056 Z59.550 E0.46563 F180
G4 P800
G0 X122.952 Y90.056 Z59.250 F180
G1 X129.368 Y93.458 Z54.750 E0.62770 F360
G1 E0.1500 F120
G4 P300
G1 X129.598 Y96.531 Z59.550 E0.46563 F180
G4 P800
G0 X129.598 Y96.531 Z59.250 F180
G1 X134.224 Y102.129 Z54.750 E0.62770 F360
G1 E0.1500 F120
G4 P300
G1 X133.261 Y105.056 Z59.550 E0.46563 F180
G4 P800
G0 X133.261 Y105.056 Z59.250 F180
G1 X135.393 Y111.998 Z54.750 E0.62770 F360
G1 E0.1500 F120
G4 P300
G1 X133.382 Y114.334 Z59.550 E0.46563 F180
G4 P800
G0 X133.382 Y114.334 Z59.250 F180
G1 X132.695 Y121.564 Z54.750 E0.62770 F360
G1 E0.1500 F120
G4 P300
G1 X129.944 Y122.952 Z59.550 E0.46563 F180
G4 P800
G0 X129.944 Y122.952 Z59.250 F180
G1 X126.542 Y129.368 Z54.750 E0.62770 F360
G1 E0.1500 F120
G4 P300
G1 X123.469 Y129.598 Z59.550 E0.46563 F180
G4 P800
G0 X123.469 Y129.598 Z59.250 F180
G1 E-0.800 F2400
G0 X123.469 Y129.598 Z60.250 F1800
G0 X114.944 Y133.261 Z60.250 F7200
G0 X114.944 Y133.261 Z59.250 F1800
G1 E0.800 F1800
G1 E0.1500 F120
G4 P300
G1 X105.666 Y133.382 Z59.250 E0.75743 F360
G1 E0.0750 F120
G4 P300
G1 X97.048 Y129.944 Z59.250 E0.75743 F360
G1 E0.0750 F120
G4 P300
G1 X90.402 Y123.469 Z59.250 E0.75743 F360
G1 E0.0750 F120
G4 P300
G1 X86.739 Y114.944 Z59.250 E0.75743 F360
G1 E0.0750 F120
G4 P300
G1 X86.618 Y105.666 Z59.250 E0.75743 F360
G1 E0.0750 F120
G4 P300
G1 X90.056 Y97.048 Z59.250 E0.75743 F360
G1 E0.0750 F120
G4 P300
G1 X96.531 Y90.402 Z59.250 E0.75743 F360
G1 E0.0750 F120
G4 P300
G1 X105.056 Y86.739 Z59.250 E0.75743 F360
G1 E0.0750 F120
G4 P300
G1 X114.334 Y86.618 Z59.250 E0.75743 F360
G1 E0.0750 F120
G4 P300
G1 X122.952 Y90.056 Z59.250 E0.75743 F360
G1 E0.0750 F120
G4 P300
G1 X129.598 Y96.531 Z59.250 E0.75743 F360
G1 E0.0750 F120
G4 P300
G1 X133.261 Y105.056 Z59.250 E0.75743 F360
G1 E0.0750 F120
G4 P300
G1 X133.382 Y114.334 Z59.250 E0.75743 F360
G1 E0.0750 F120
G4 P300
G1 X129.944 Y122.952 Z59.250 E0.75743 F360
G1 E0.0750 F120
G4 P300
G1 X123.469 Y129.598 Z59.250 E0.75743 F360
G1 E0.0750 F120
G4 P300
G1 X114.944 Y133.261 Z59.250 E0.75743 F360
G1 E0.0750 F120
G4 P300
G1 E-0.800 F2400
; LEVEL 14/14  z 59.25 -> 63.75
G1 E0.800 F1800
G1 E0.1500 F120
G4 P300
G1 X112.300 Y131.879 Z64.050 E0.46136 F180
G4 P800
G0 X112.300 Y131.879 Z63.750 F180
G1 X105.666 Y133.382 Z59.250 E0.59916 F360
G1 E0.1500 F120
G4 P300
G1 X103.752 Y131.094 Z64.050 E0.46136 F180
G4 P800
G0 X103.752 Y131.094 Z63.750 F180
G1 X97.048 Y129.944 Z59.250 E0.59916 F360
G1 E0.1500 F120
G4 P300
G1 X96.155 Y127.097 Z64.050 E0.46136 F180
G4 P800
G0 X96.155 Y127.097 Z63.750 F180
G1 X90.402 Y123.469 Z59.250 E0.59916 F360
G1 E0.1500 F120
G4 P300
G1 X90.666 Y120.497 Z64.050 E0.46136 F180
G4 P800
G0 X90.666 Y120.497 Z63.750 F180
G1 X86.739 Y114.944 Z59.250 E0.59916 F360
G1 E0.1500 F120
G4 P300
G1 X88.121 Y112.300 Z64.050 E0.46136 F180
G4 P800
G0 X88.121 Y112.300 Z63.750 F180
G1 X86.618 Y105.666 Z59.250 E0.59916 F360
G1 E0.1500 F120
G4 P300
G1 X88.906 Y103.752 Z64.050 E0.46136 F180
G4 P800
G0 X88.906 Y103.752 Z63.750 F180
G1 X90.056 Y97.048 Z59.250 E0.59916 F360
G1 E0.1500 F120
G4 P300
G1 X92.903 Y96.155 Z64.050 E0.46136 F180
G4 P800
G0 X92.903 Y96.155 Z63.750 F180
G1 X96.531 Y90.402 Z59.250 E0.59916 F360
G1 E0.1500 F120
G4 P300
G1 X99.503 Y90.666 Z64.050 E0.46136 F180
G4 P800
G0 X99.503 Y90.666 Z63.750 F180
G1 X105.056 Y86.739 Z59.250 E0.59916 F360
G1 E0.1500 F120
G4 P300
G1 X107.700 Y88.121 Z64.050 E0.46136 F180
G4 P800
G0 X107.700 Y88.121 Z63.750 F180
G1 X114.334 Y86.618 Z59.250 E0.59916 F360
G1 E0.1500 F120
G4 P300
G1 X116.248 Y88.906 Z64.050 E0.46136 F180
G4 P800
G0 X116.248 Y88.906 Z63.750 F180
G1 X122.952 Y90.056 Z59.250 E0.59916 F360
G1 E0.1500 F120
G4 P300
G1 X123.845 Y92.903 Z64.050 E0.46136 F180
G4 P800
G0 X123.845 Y92.903 Z63.750 F180
G1 X129.598 Y96.531 Z59.250 E0.59916 F360
G1 E0.1500 F120
G4 P300
G1 X129.334 Y99.503 Z64.050 E0.46136 F180
G4 P800
G0 X129.334 Y99.503 Z63.750 F180
G1 X133.261 Y105.056 Z59.250 E0.59916 F360
G1 E0.1500 F120
G4 P300
G1 X131.879 Y107.700 Z64.050 E0.46136 F180
G4 P800
G0 X131.879 Y107.700 Z63.750 F180
G1 X133.382 Y114.334 Z59.250 E0.59916 F360
G1 E0.1500 F120
G4 P300
G1 X131.094 Y116.248 Z64.050 E0.46136 F180
G4 P800
G0 X131.094 Y116.248 Z63.750 F180
G1 X129.944 Y122.952 Z59.250 E0.59916 F360
G1 E0.1500 F120
G4 P300
G1 X127.097 Y123.845 Z64.050 E0.46136 F180
G4 P800
G0 X127.097 Y123.845 Z63.750 F180
G1 X123.469 Y129.598 Z59.250 E0.59916 F360
G1 E0.1500 F120
G4 P300
G1 X120.497 Y129.334 Z64.050 E0.46136 F180
G4 P800
G0 X120.497 Y129.334 Z63.750 F180
G1 E-0.800 F2400
G0 X120.497 Y129.334 Z64.750 F1800
G0 X112.300 Y131.879 Z64.750 F7200
G0 X112.300 Y131.879 Z63.750 F1800
G1 E0.800 F1800
G1 E0.1500 F120
G4 P300
G1 X103.752 Y131.094 Z63.750 E0.70073 F360
G1 E0.0750 F120
G4 P300
G1 X96.155 Y127.097 Z63.750 E0.70073 F360
G1 E0.0750 F120
G4 P300
G1 X90.666 Y120.497 Z63.750 E0.70073 F360
G1 E0.0750 F120
G4 P300
G1 X88.121 Y112.300 Z63.750 E0.70073 F360
G1 E0.0750 F120
G4 P300
G1 X88.906 Y103.752 Z63.750 E0.70073 F360
G1 E0.0750 F120
G4 P300
G1 X92.903 Y96.155 Z63.750 E0.70073 F360
G1 E0.0750 F120
G4 P300
G1 X99.503 Y90.666 Z63.750 E0.70073 F360
G1 E0.0750 F120
G4 P300
G1 X107.700 Y88.121 Z63.750 E0.70073 F360
G1 E0.0750 F120
G4 P300
G1 X116.248 Y88.906 Z63.750 E0.70073 F360
G1 E0.0750 F120
G4 P300
G1 X123.845 Y92.903 Z63.750 E0.70073 F360
G1 E0.0750 F120
G4 P300
G1 X129.334 Y99.503 Z63.750 E0.70073 F360
G1 E0.0750 F120
G4 P300
G1 X131.879 Y107.700 Z63.750 E0.70073 F360
G1 E0.0750 F120
G4 P300
G1 X131.094 Y116.248 Z63.750 E0.70073 F360
G1 E0.0750 F120
G4 P300
G1 X127.097 Y123.845 Z63.750 E0.70073 F360
G1 E0.0750 F120
G4 P300
G1 X120.497 Y129.334 Z63.750 E0.70073 F360
G1 E0.0750 F120
G4 P300
G1 X112.300 Y131.879 Z63.750 E0.70073 F360
G1 E0.0750 F120
G4 P300
G1 E-0.800 F2400
; ---- end ----
G1 E-2 F2400
G0 Z83.75 F600
G0 X110.0 Y210.0 F6000
M104 S0
M140 S0
M107
M84
